participant_id,device,stimulus_id,aoi_name,dwell_share
SYN-P-0001,professional,SYN-FACE-01,left_eye,0.29216469627401725
SYN-P-0001,professional,SYN-FACE-01,right_eye,0.27027442456376954
SYN-P-0001,professional,SYN-FACE-01,nose,0.2604548636390983
SYN-P-0001,professional,SYN-FACE-01,mouth,0.17710601552311492
SYN-P-0001,professional,SYN-FACE-01,other,0.0
SYN-P-0001,professional,SYN-FACE-02,left_eye,0.28208395338800435
SYN-P-0001,professional,SYN-FACE-02,right_eye,0.13067190567273151
SYN-P-0001,professional,SYN-FACE-02,nose,0.11829253745587796
SYN-P-0001,professional,SYN-FACE-02,mouth,0.38843639090531196
SYN-P-0001,professional,SYN-FACE-02,other,0.08051521257807422
SYN-P-0001,professional,SYN-FACE-03,left_eye,0.15993132407590976
SYN-P-0001,professional,SYN-FACE-03,right_eye,0.48676041644186246
SYN-P-0001,professional,SYN-FACE-03,nose,0.2510956521499327
SYN-P-0001,professional,SYN-FACE-03,mouth,0.10221260733229501
SYN-P-0001,professional,SYN-FACE-03,other,0.0
SYN-P-0002,professional,SYN-FACE-01,left_eye,0.20864784754616073
SYN-P-0002,professional,SYN-FACE-01,right_eye,0.08108584306985372
SYN-P-0002,professional,SYN-FACE-01,nose,0.38304293822623303
SYN-P-0002,professional,SYN-FACE-01,mouth,0.18704305065956386
SYN-P-0002,professional,SYN-FACE-01,other,0.14018032049818863
SYN-P-0002,professional,SYN-FACE-02,left_eye,0.30004713597768545
SYN-P-0002,professional,SYN-FACE-02,right_eye,0.19619408279824482
SYN-P-0002,professional,SYN-FACE-02,nose,0.12123248720531425
SYN-P-0002,professional,SYN-FACE-02,mouth,0.28854181979774673
SYN-P-0002,professional,SYN-FACE-02,other,0.09398447422100874
SYN-P-0002,professional,SYN-FACE-03,left_eye,0.4095955774423321
SYN-P-0002,professional,SYN-FACE-03,right_eye,0.2388394829868321
SYN-P-0002,professional,SYN-FACE-03,nose,0.17660378992940678
SYN-P-0002,professional,SYN-FACE-03,mouth,0.17496114964142903
SYN-P-0002,professional,SYN-FACE-03,other,0.0
SYN-P-0003,professional,SYN-FACE-01,left_eye,0.05767165179364839
SYN-P-0003,professional,SYN-FACE-01,right_eye,0.3938851122896523
SYN-P-0003,professional,SYN-FACE-01,nose,0.21752930562069406
SYN-P-0003,professional,SYN-FACE-01,mouth,0.22705405961105457
SYN-P-0003,professional,SYN-FACE-01,other,0.10385987068495069
SYN-P-0003,professional,SYN-FACE-02,left_eye,0.21200771776738384
SYN-P-0003,professional,SYN-FACE-02,right_eye,0.16929483244776222
SYN-P-0003,professional,SYN-FACE-02,nose,0.2510417400958125
SYN-P-0003,professional,SYN-FACE-02,mouth,0.3385231327400453
SYN-P-0003,professional,SYN-FACE-02,other,0.029132576948996215
SYN-P-0003,professional,SYN-FACE-03,left_eye,0.3216255703607163
SYN-P-0003,professional,SYN-FACE-03,right_eye,0.060499855844486396
SYN-P-0003,professional,SYN-FACE-03,nose,0.21266141698099753
SYN-P-0003,professional,SYN-FACE-03,mouth,0.1558831645331285
SYN-P-0003,professional,SYN-FACE-03,other,0.2493299922806713
SYN-P-0004,professional,SYN-FACE-01,left_eye,0.21501549030391298
SYN-P-0004,professional,SYN-FACE-01,right_eye,0.12293225026498703
SYN-P-0004,professional,SYN-FACE-01,nose,0.2304164168833834
SYN-P-0004,professional,SYN-FACE-01,mouth,0.3068900283288969
SYN-P-0004,professional,SYN-FACE-01,other,0.12474581421881965
SYN-P-0004,professional,SYN-FACE-02,left_eye,0.13294003414560684
SYN-P-0004,professional,SYN-FACE-02,right_eye,0.03784388596425567
SYN-P-0004,professional,SYN-FACE-02,nose,0.31192989897153883
SYN-P-0004,professional,SYN-FACE-02,mouth,0.36478754518203355
SYN-P-0004,professional,SYN-FACE-02,other,0.15249863573656508
SYN-P-0004,professional,SYN-FACE-03,left_eye,0.24651665176032989
SYN-P-0004,professional,SYN-FACE-03,right_eye,0.12176319294628465
SYN-P-0004,professional,SYN-FACE-03,nose,0.39171254482259404
SYN-P-0004,professional,SYN-FACE-03,mouth,0.20453164534174373
SYN-P-0004,professional,SYN-FACE-03,other,0.03547596512904764
SYN-P-0005,professional,SYN-FACE-01,left_eye,0.0970168323552334
SYN-P-0005,professional,SYN-FACE-01,right_eye,0.46856953818501196
SYN-P-0005,professional,SYN-FACE-01,nose,0.15695711596342668
SYN-P-0005,professional,SYN-FACE-01,mouth,0.19197149558899004
SYN-P-0005,professional,SYN-FACE-01,other,0.08548501790733792
SYN-P-0005,professional,SYN-FACE-02,left_eye,0.18011495139597217
SYN-P-0005,professional,SYN-FACE-02,right_eye,0.3894868709675199
SYN-P-0005,professional,SYN-FACE-02,nose,0.1464488871841698
SYN-P-0005,professional,SYN-FACE-02,mouth,0.20635235929294973
SYN-P-0005,professional,SYN-FACE-02,other,0.07759693115938851
SYN-P-0005,professional,SYN-FACE-03,left_eye,0.39314715651071014
SYN-P-0005,professional,SYN-FACE-03,right_eye,0.4351613854711947
SYN-P-0005,professional,SYN-FACE-03,nose,0.0645389054227902
SYN-P-0005,professional,SYN-FACE-03,mouth,0.07117493907860635
SYN-P-0005,professional,SYN-FACE-03,other,0.03597761351669864
SYN-P-0006,professional,SYN-FACE-01,left_eye,0.31304928821492006
SYN-P-0006,professional,SYN-FACE-01,right_eye,0.29095943218530035
SYN-P-0006,professional,SYN-FACE-01,nose,0.0398336563035231
SYN-P-0006,professional,SYN-FACE-01,mouth,0.2584644238356589
SYN-P-0006,professional,SYN-FACE-01,other,0.09769319946059764
SYN-P-0006,professional,SYN-FACE-02,left_eye,0.13822601439858104
SYN-P-0006,professional,SYN-FACE-02,right_eye,0.2870635936958834
SYN-P-0006,professional,SYN-FACE-02,nose,0.1377528009848789
SYN-P-0006,professional,SYN-FACE-02,mouth,0.32070906731725674
SYN-P-0006,professional,SYN-FACE-02,other,0.11624852360339986
SYN-P-0006,professional,SYN-FACE-03,left_eye,0.08549426936133583
SYN-P-0006,professional,SYN-FACE-03,right_eye,0.3738279053695361
SYN-P-0006,professional,SYN-FACE-03,nose,0.18200998916635214
SYN-P-0006,professional,SYN-FACE-03,mouth,0.3009667837817356
SYN-P-0006,professional,SYN-FACE-03,other,0.0577010523210403
SYN-P-0007,professional,SYN-FACE-01,left_eye,0.13621562828930733
SYN-P-0007,professional,SYN-FACE-01,right_eye,0.27697719742422894
SYN-P-0007,professional,SYN-FACE-01,nose,0.2957745884092997
SYN-P-0007,professional,SYN-FACE-01,mouth,0.29103258587716396
SYN-P-0007,professional,SYN-FACE-01,other,0.0
SYN-P-0007,professional,SYN-FACE-02,left_eye,0.10902255891003364
SYN-P-0007,professional,SYN-FACE-02,right_eye,0.32113934555385265
SYN-P-0007,professional,SYN-FACE-02,nose,0.17278669858475693
SYN-P-0007,professional,SYN-FACE-02,mouth,0.39705139695135677
SYN-P-0007,professional,SYN-FACE-02,other,0.0
SYN-P-0007,professional,SYN-FACE-03,left_eye,0.2406790208624191
SYN-P-0007,professional,SYN-FACE-03,right_eye,0.06456010868621971
SYN-P-0007,professional,SYN-FACE-03,nose,0.20958740516308705
SYN-P-0007,professional,SYN-FACE-03,mouth,0.27475120364635636
SYN-P-0007,professional,SYN-FACE-03,other,0.21042226164191785
SYN-P-0008,professional,SYN-FACE-01,left_eye,0.2086153111354061
SYN-P-0008,professional,SYN-FACE-01,right_eye,0.25709704820010987
SYN-P-0008,professional,SYN-FACE-01,nose,0.30066188735503313
SYN-P-0008,professional,SYN-FACE-01,mouth,0.14256936806038087
SYN-P-0008,professional,SYN-FACE-01,other,0.09105638524907009
SYN-P-0008,professional,SYN-FACE-02,left_eye,0.16428316913350233
SYN-P-0008,professional,SYN-FACE-02,right_eye,0.23350349681781993
SYN-P-0008,professional,SYN-FACE-02,nose,0.21712235464606558
SYN-P-0008,professional,SYN-FACE-02,mouth,0.25283042282355833
SYN-P-0008,professional,SYN-FACE-02,other,0.13226055657905378
SYN-P-0008,professional,SYN-FACE-03,left_eye,0.26069109771544147
SYN-P-0008,professional,SYN-FACE-03,right_eye,0.23891938653999695
SYN-P-0008,professional,SYN-FACE-03,nose,0.1759989226790129
SYN-P-0008,professional,SYN-FACE-03,mouth,0.3243905930655487
SYN-P-0008,professional,SYN-FACE-03,other,0.0
SYN-P-0009,professional,SYN-FACE-01,left_eye,0.44128441230940657
SYN-P-0009,professional,SYN-FACE-01,right_eye,0.16688836230141774
SYN-P-0009,professional,SYN-FACE-01,nose,0.07448834177205997
SYN-P-0009,professional,SYN-FACE-01,mouth,0.11618578851647789
SYN-P-0009,professional,SYN-FACE-01,other,0.20115309510063786
SYN-P-0009,professional,SYN-FACE-02,left_eye,0.1943049238950097
SYN-P-0009,professional,SYN-FACE-02,right_eye,0.24546658082376396
SYN-P-0009,professional,SYN-FACE-02,nose,0.31165988773926945
SYN-P-0009,professional,SYN-FACE-02,mouth,0.24856860754195687
SYN-P-0009,professional,SYN-FACE-02,other,0.0
SYN-P-0009,professional,SYN-FACE-03,left_eye,0.4237488837361181
SYN-P-0009,professional,SYN-FACE-03,right_eye,0.17584170044191313
SYN-P-0009,professional,SYN-FACE-03,nose,0.1361592919341595
SYN-P-0009,professional,SYN-FACE-03,mouth,0.1976060395061208
SYN-P-0009,professional,SYN-FACE-03,other,0.06664408438168845
SYN-P-0010,professional,SYN-FACE-01,left_eye,0.12715082500524255
SYN-P-0010,professional,SYN-FACE-01,right_eye,0.3810804520086759
SYN-P-0010,professional,SYN-FACE-01,nose,0.12378469617354708
SYN-P-0010,professional,SYN-FACE-01,mouth,0.36798402681253445
SYN-P-0010,professional,SYN-FACE-01,other,0.0
SYN-P-0010,professional,SYN-FACE-02,left_eye,0.4466711962975024
SYN-P-0010,professional,SYN-FACE-02,right_eye,0.0608794185862766
SYN-P-0010,professional,SYN-FACE-02,nose,0.059748017798609665
SYN-P-0010,professional,SYN-FACE-02,mouth,0.386026352228646
SYN-P-0010,professional,SYN-FACE-02,other,0.04667501508896529
SYN-P-0010,professional,SYN-FACE-03,left_eye,0.4412349118814448
SYN-P-0010,professional,SYN-FACE-03,right_eye,0.1883963887951304
SYN-P-0010,professional,SYN-FACE-03,nose,0.19436756463287044
SYN-P-0010,professional,SYN-FACE-03,mouth,0.122783547925848
SYN-P-0010,professional,SYN-FACE-03,other,0.053217586764706434
SYN-P-0011,professional,SYN-FACE-01,left_eye,0.21799073333832486
SYN-P-0011,professional,SYN-FACE-01,right_eye,0.325783440665026
SYN-P-0011,professional,SYN-FACE-01,nose,0.14270717068999456
SYN-P-0011,professional,SYN-FACE-01,mouth,0.3135186553066545
SYN-P-0011,professional,SYN-FACE-01,other,0.0
SYN-P-0011,professional,SYN-FACE-02,left_eye,0.2163917673052746
SYN-P-0011,professional,SYN-FACE-02,right_eye,0.3905003610280445
SYN-P-0011,professional,SYN-FACE-02,nose,0.22089568810524815
SYN-P-0011,professional,SYN-FACE-02,mouth,0.09906063304377341
SYN-P-0011,professional,SYN-FACE-02,other,0.0731515505176594
SYN-P-0011,professional,SYN-FACE-03,left_eye,0.5981193002372668
SYN-P-0011,professional,SYN-FACE-03,right_eye,0.2022020682116626
SYN-P-0011,professional,SYN-FACE-03,nose,0.0
SYN-P-0011,professional,SYN-FACE-03,mouth,0.14843908828371638
SYN-P-0011,professional,SYN-FACE-03,other,0.05123954326735436
SYN-P-0012,professional,SYN-FACE-01,left_eye,0.07782960058604842
SYN-P-0012,professional,SYN-FACE-01,right_eye,0.40749238561050505
SYN-P-0012,professional,SYN-FACE-01,nose,0.07725061255309397
SYN-P-0012,professional,SYN-FACE-01,mouth,0.34610992093443305
SYN-P-0012,professional,SYN-FACE-01,other,0.09131748031591953
SYN-P-0012,professional,SYN-FACE-02,left_eye,0.35093778586637575
SYN-P-0012,professional,SYN-FACE-02,right_eye,0.13496751352417422
SYN-P-0012,professional,SYN-FACE-02,nose,0.17262837171025022
SYN-P-0012,professional,SYN-FACE-02,mouth,0.24045073559628496
SYN-P-0012,professional,SYN-FACE-02,other,0.10101559330291475
SYN-P-0012,professional,SYN-FACE-03,left_eye,0.3649038349727565
SYN-P-0012,professional,SYN-FACE-03,right_eye,0.17654065006774128
SYN-P-0012,professional,SYN-FACE-03,nose,0.23017005523187029
SYN-P-0012,professional,SYN-FACE-03,mouth,0.13673949446929445
SYN-P-0012,professional,SYN-FACE-03,other,0.0916459652583374
SYN-P-0013,professional,SYN-FACE-01,left_eye,0.3659233098756907
SYN-P-0013,professional,SYN-FACE-01,right_eye,0.26336488760321614
SYN-P-0013,professional,SYN-FACE-01,nose,0.26927687549082535
SYN-P-0013,professional,SYN-FACE-01,mouth,0.05181675243182674
SYN-P-0013,professional,SYN-FACE-01,other,0.049618174598441
SYN-P-0013,professional,SYN-FACE-02,left_eye,0.2033731730609335
SYN-P-0013,professional,SYN-FACE-02,right_eye,0.25896760248961204
SYN-P-0013,professional,SYN-FACE-02,nose,0.06671314296516626
SYN-P-0013,professional,SYN-FACE-02,mouth,0.3625410950896728
SYN-P-0013,professional,SYN-FACE-02,other,0.10840498639461539
SYN-P-0013,professional,SYN-FACE-03,left_eye,0.3087456155856321
SYN-P-0013,professional,SYN-FACE-03,right_eye,0.22804295680595577
SYN-P-0013,professional,SYN-FACE-03,nose,0.23446098661419545
SYN-P-0013,professional,SYN-FACE-03,mouth,0.116821711617894
SYN-P-0013,professional,SYN-FACE-03,other,0.11192872937632266
SYN-P-0014,professional,SYN-FACE-01,left_eye,0.2759671053568247
SYN-P-0014,professional,SYN-FACE-01,right_eye,0.1866473173127437
SYN-P-0014,professional,SYN-FACE-01,nose,0.21241204666899227
SYN-P-0014,professional,SYN-FACE-01,mouth,0.29262588573851706
SYN-P-0014,professional,SYN-FACE-01,other,0.032347644922922164
SYN-P-0014,professional,SYN-FACE-02,left_eye,0.23406533407689126
SYN-P-0014,professional,SYN-FACE-02,right_eye,0.5435114027489918
SYN-P-0014,professional,SYN-FACE-02,nose,0.05850842117083327
SYN-P-0014,professional,SYN-FACE-02,mouth,0.13359598115803537
SYN-P-0014,professional,SYN-FACE-02,other,0.030318860845248367
SYN-P-0014,professional,SYN-FACE-03,left_eye,0.28745251330807947
SYN-P-0014,professional,SYN-FACE-03,right_eye,0.18496043824355823
SYN-P-0014,professional,SYN-FACE-03,nose,0.19298189508648989
SYN-P-0014,professional,SYN-FACE-03,mouth,0.23331325441235526
SYN-P-0014,professional,SYN-FACE-03,other,0.10129189894951715
SYN-P-0015,professional,SYN-FACE-01,left_eye,0.5691526890676167
SYN-P-0015,professional,SYN-FACE-01,right_eye,0.10650230119329133
SYN-P-0015,professional,SYN-FACE-01,nose,0.15506901577931953
SYN-P-0015,professional,SYN-FACE-01,mouth,0.16927599395977244
SYN-P-0015,professional,SYN-FACE-01,other,0.0
SYN-P-0015,professional,SYN-FACE-02,left_eye,0.4910053540539761
SYN-P-0015,professional,SYN-FACE-02,right_eye,0.11041637795462612
SYN-P-0015,professional,SYN-FACE-02,nose,0.18738959123566726
SYN-P-0015,professional,SYN-FACE-02,mouth,0.21118867675573047
SYN-P-0015,professional,SYN-FACE-02,other,0.0
SYN-P-0015,professional,SYN-FACE-03,left_eye,0.244265809410197
SYN-P-0015,professional,SYN-FACE-03,right_eye,0.2928522155942453
SYN-P-0015,professional,SYN-FACE-03,nose,0.17926411972844822
SYN-P-0015,professional,SYN-FACE-03,mouth,0.15311183341449774
SYN-P-0015,professional,SYN-FACE-03,other,0.13050602185261181
SYN-P-0016,professional,SYN-FACE-01,left_eye,0.32982704060088774
SYN-P-0016,professional,SYN-FACE-01,right_eye,0.13829717637399536
SYN-P-0016,professional,SYN-FACE-01,nose,0.22274447304734452
SYN-P-0016,professional,SYN-FACE-01,mouth,0.2319542851120814
SYN-P-0016,professional,SYN-FACE-01,other,0.07717702486569093
SYN-P-0016,professional,SYN-FACE-02,left_eye,0.018941604144431207
SYN-P-0016,professional,SYN-FACE-02,right_eye,0.1718891812302524
SYN-P-0016,professional,SYN-FACE-02,nose,0.25537659939470636
SYN-P-0016,professional,SYN-FACE-02,mouth,0.4217620012000981
SYN-P-0016,professional,SYN-FACE-02,other,0.13203061403051186
SYN-P-0016,professional,SYN-FACE-03,left_eye,0.3316771654839674
SYN-P-0016,professional,SYN-FACE-03,right_eye,0.2273913233592115
SYN-P-0016,professional,SYN-FACE-03,nose,0.23236293704818906
SYN-P-0016,professional,SYN-FACE-03,mouth,0.13431756903445094
SYN-P-0016,professional,SYN-FACE-03,other,0.07425100507418109
SYN-P-0017,professional,SYN-FACE-01,left_eye,0.31526307684095495
SYN-P-0017,professional,SYN-FACE-01,right_eye,0.22812310095273114
SYN-P-0017,professional,SYN-FACE-01,nose,0.28554034739684064
SYN-P-0017,professional,SYN-FACE-01,mouth,0.1710734748094732
SYN-P-0017,professional,SYN-FACE-01,other,0.0
SYN-P-0017,professional,SYN-FACE-02,left_eye,0.16878868458682464
SYN-P-0017,professional,SYN-FACE-02,right_eye,0.21386533971294167
SYN-P-0017,professional,SYN-FACE-02,nose,0.19717825173763645
SYN-P-0017,professional,SYN-FACE-02,mouth,0.3863229406161178
SYN-P-0017,professional,SYN-FACE-02,other,0.033844783346479376
SYN-P-0017,professional,SYN-FACE-03,left_eye,0.28681469426356265
SYN-P-0017,professional,SYN-FACE-03,right_eye,0.28671754581465825
SYN-P-0017,professional,SYN-FACE-03,nose,0.2454771084239493
SYN-P-0017,professional,SYN-FACE-03,mouth,0.10190857656869923
SYN-P-0017,professional,SYN-FACE-03,other,0.07908207492913069
SYN-P-0018,professional,SYN-FACE-01,left_eye,0.1111262037377649
SYN-P-0018,professional,SYN-FACE-01,right_eye,0.3229610664126427
SYN-P-0018,professional,SYN-FACE-01,nose,0.24418203384515708
SYN-P-0018,professional,SYN-FACE-01,mouth,0.23892558516334667
SYN-P-0018,professional,SYN-FACE-01,other,0.08280511084108869
SYN-P-0018,professional,SYN-FACE-02,left_eye,0.19742856280099405
SYN-P-0018,professional,SYN-FACE-02,right_eye,0.2753199216583783
SYN-P-0018,professional,SYN-FACE-02,nose,0.17796340443999548
SYN-P-0018,professional,SYN-FACE-02,mouth,0.30483597287725767
SYN-P-0018,professional,SYN-FACE-02,other,0.04445213822337443
SYN-P-0018,professional,SYN-FACE-03,left_eye,0.20111929008415486
SYN-P-0018,professional,SYN-FACE-03,right_eye,0.3773585112703407
SYN-P-0018,professional,SYN-FACE-03,nose,0.16352995090771782
SYN-P-0018,professional,SYN-FACE-03,mouth,0.2579922477377867
SYN-P-0018,professional,SYN-FACE-03,other,0.0
SYN-P-0019,professional,SYN-FACE-01,left_eye,0.3784128482442817
SYN-P-0019,professional,SYN-FACE-01,right_eye,0.29406486812187266
SYN-P-0019,professional,SYN-FACE-01,nose,0.10659554028911107
SYN-P-0019,professional,SYN-FACE-01,mouth,0.07088045607244245
SYN-P-0019,professional,SYN-FACE-01,other,0.15004628727229213
SYN-P-0019,professional,SYN-FACE-02,left_eye,0.2651143025599802
SYN-P-0019,professional,SYN-FACE-02,right_eye,0.1537858611599189
SYN-P-0019,professional,SYN-FACE-02,nose,0.10246050590153073
SYN-P-0019,professional,SYN-FACE-02,mouth,0.45685938188342134
SYN-P-0019,professional,SYN-FACE-02,other,0.021779948495148915
SYN-P-0019,professional,SYN-FACE-03,left_eye,0.21639190491593763
SYN-P-0019,professional,SYN-FACE-03,right_eye,0.29850016145420416
SYN-P-0019,professional,SYN-FACE-03,nose,0.07690514978088961
SYN-P-0019,professional,SYN-FACE-03,mouth,0.298282739161139
SYN-P-0019,professional,SYN-FACE-03,other,0.10992004468782948
SYN-P-0020,professional,SYN-FACE-01,left_eye,0.311481329740627
SYN-P-0020,professional,SYN-FACE-01,right_eye,0.26728960040769695
SYN-P-0020,professional,SYN-FACE-01,nose,0.2801814051480061
SYN-P-0020,professional,SYN-FACE-01,mouth,0.10044845064638037
SYN-P-0020,professional,SYN-FACE-01,other,0.04059921405728962
SYN-P-0020,professional,SYN-FACE-02,left_eye,0.2747823361153716
SYN-P-0020,professional,SYN-FACE-02,right_eye,0.22755865356451252
SYN-P-0020,professional,SYN-FACE-02,nose,0.1830333370724559
SYN-P-0020,professional,SYN-FACE-02,mouth,0.1940184496185855
SYN-P-0020,professional,SYN-FACE-02,other,0.12060722362907443
SYN-P-0020,professional,SYN-FACE-03,left_eye,0.1319517192609273
SYN-P-0020,professional,SYN-FACE-03,right_eye,0.3449627350945551
SYN-P-0020,professional,SYN-FACE-03,nose,0.4148658322351844
SYN-P-0020,professional,SYN-FACE-03,mouth,0.10821971340933322
SYN-P-0020,professional,SYN-FACE-03,other,0.0
SYN-P-0021,professional,SYN-FACE-01,left_eye,0.3950907028371816
SYN-P-0021,professional,SYN-FACE-01,right_eye,0.25268833619656095
SYN-P-0021,professional,SYN-FACE-01,nose,0.1051690080111116
SYN-P-0021,professional,SYN-FACE-01,mouth,0.18119042750612643
SYN-P-0021,professional,SYN-FACE-01,other,0.06586152544901933
SYN-P-0021,professional,SYN-FACE-02,left_eye,0.11154017939748537
SYN-P-0021,professional,SYN-FACE-02,right_eye,0.2036672936676353
SYN-P-0021,professional,SYN-FACE-02,nose,0.2659243374157735
SYN-P-0021,professional,SYN-FACE-02,mouth,0.3497266257305598
SYN-P-0021,professional,SYN-FACE-02,other,0.06914156378854613
SYN-P-0021,professional,SYN-FACE-03,left_eye,0.3881815748834648
SYN-P-0021,professional,SYN-FACE-03,right_eye,0.3616353134120179
SYN-P-0021,professional,SYN-FACE-03,nose,0.08017577044806885
SYN-P-0021,professional,SYN-FACE-03,mouth,0.09642148819150759
SYN-P-0021,professional,SYN-FACE-03,other,0.07358585306494092
SYN-P-0022,professional,SYN-FACE-01,left_eye,0.06421585707334664
SYN-P-0022,professional,SYN-FACE-01,right_eye,0.529500401600974
SYN-P-0022,professional,SYN-FACE-01,nose,0.13508758307519514
SYN-P-0022,professional,SYN-FACE-01,mouth,0.27119615825048415
SYN-P-0022,professional,SYN-FACE-01,other,0.0
SYN-P-0022,professional,SYN-FACE-02,left_eye,0.17387178146113497
SYN-P-0022,professional,SYN-FACE-02,right_eye,0.11702412335351056
SYN-P-0022,professional,SYN-FACE-02,nose,0.18519426008529255
SYN-P-0022,professional,SYN-FACE-02,mouth,0.40947327002209627
SYN-P-0022,professional,SYN-FACE-02,other,0.11443656507796562
SYN-P-0022,professional,SYN-FACE-03,left_eye,0.29466423093933064
SYN-P-0022,professional,SYN-FACE-03,right_eye,0.10831689806781174
SYN-P-0022,professional,SYN-FACE-03,nose,0.1206108409858114
SYN-P-0022,professional,SYN-FACE-03,mouth,0.4516193132758741
SYN-P-0022,professional,SYN-FACE-03,other,0.024788716731172153
SYN-P-0023,professional,SYN-FACE-01,left_eye,0.17525175598434492
SYN-P-0023,professional,SYN-FACE-01,right_eye,0.2642182952817262
SYN-P-0023,professional,SYN-FACE-01,nose,0.12294856497063175
SYN-P-0023,professional,SYN-FACE-01,mouth,0.2742408706456977
SYN-P-0023,professional,SYN-FACE-01,other,0.16334051311759937
SYN-P-0023,professional,SYN-FACE-02,left_eye,0.34875862099573346
SYN-P-0023,professional,SYN-FACE-02,right_eye,0.07188777730232546
SYN-P-0023,professional,SYN-FACE-02,nose,0.35793734828545876
SYN-P-0023,professional,SYN-FACE-02,mouth,0.17587917611935167
SYN-P-0023,professional,SYN-FACE-02,other,0.04553707729713075
SYN-P-0023,professional,SYN-FACE-03,left_eye,0.27781524887421744
SYN-P-0023,professional,SYN-FACE-03,right_eye,0.2946712573489942
SYN-P-0023,professional,SYN-FACE-03,nose,0.2327790486983168
SYN-P-0023,professional,SYN-FACE-03,mouth,0.14792220073981507
SYN-P-0023,professional,SYN-FACE-03,other,0.04681224433865653
SYN-P-0024,professional,SYN-FACE-01,left_eye,0.2822528843772611
SYN-P-0024,professional,SYN-FACE-01,right_eye,0.3858231976718886
SYN-P-0024,professional,SYN-FACE-01,nose,0.0873582176935493
SYN-P-0024,professional,SYN-FACE-01,mouth,0.21124554978230178
SYN-P-0024,professional,SYN-FACE-01,other,0.03332015047499922
SYN-P-0024,professional,SYN-FACE-02,left_eye,0.3971158590156992
SYN-P-0024,professional,SYN-FACE-02,right_eye,0.15770360828821461
SYN-P-0024,professional,SYN-FACE-02,nose,0.36556975286392845
SYN-P-0024,professional,SYN-FACE-02,mouth,0.0
SYN-P-0024,professional,SYN-FACE-02,other,0.07961077983215774
SYN-P-0024,professional,SYN-FACE-03,left_eye,0.22519845407406766
SYN-P-0024,professional,SYN-FACE-03,right_eye,0.40392515665338785
SYN-P-0024,professional,SYN-FACE-03,nose,0.14813781222825712
SYN-P-0024,professional,SYN-FACE-03,mouth,0.19691026894840213
SYN-P-0024,professional,SYN-FACE-03,other,0.025828308095885256
SYN-P-0025,professional,SYN-FACE-01,left_eye,0.1295498337514731
SYN-P-0025,professional,SYN-FACE-01,right_eye,0.2771281187162915
SYN-P-0025,professional,SYN-FACE-01,nose,0.22936486782348883
SYN-P-0025,professional,SYN-FACE-01,mouth,0.22497471530443433
SYN-P-0025,professional,SYN-FACE-01,other,0.13898246440431225
SYN-P-0025,professional,SYN-FACE-02,left_eye,0.22128307513348774
SYN-P-0025,professional,SYN-FACE-02,right_eye,0.19329660744438923
SYN-P-0025,professional,SYN-FACE-02,nose,0.022147929577282198
SYN-P-0025,professional,SYN-FACE-02,mouth,0.37537057383964567
SYN-P-0025,professional,SYN-FACE-02,other,0.18790181400519518
SYN-P-0025,professional,SYN-FACE-03,left_eye,0.4996995709171571
SYN-P-0025,professional,SYN-FACE-03,right_eye,0.2444790277631815
SYN-P-0025,professional,SYN-FACE-03,nose,0.0
SYN-P-0025,professional,SYN-FACE-03,mouth,0.22916843010776214
SYN-P-0025,professional,SYN-FACE-03,other,0.02665297121189928
SYN-P-0026,professional,SYN-FACE-01,left_eye,0.2379064433325311
SYN-P-0026,professional,SYN-FACE-01,right_eye,0.32557740981545125
SYN-P-0026,professional,SYN-FACE-01,nose,0.14209246497815975
SYN-P-0026,professional,SYN-FACE-01,mouth,0.2944236818738579
SYN-P-0026,professional,SYN-FACE-01,other,0.0
SYN-P-0026,professional,SYN-FACE-02,left_eye,0.24062428607190692
SYN-P-0026,professional,SYN-FACE-02,right_eye,0.32535701757966584
SYN-P-0026,professional,SYN-FACE-02,nose,0.1583155946799085
SYN-P-0026,professional,SYN-FACE-02,mouth,0.18524992915828836
SYN-P-0026,professional,SYN-FACE-02,other,0.09045317251023034
SYN-P-0026,professional,SYN-FACE-03,left_eye,0.23701882684341904
SYN-P-0026,professional,SYN-FACE-03,right_eye,0.44127080599831703
SYN-P-0026,professional,SYN-FACE-03,nose,0.2040111900763531
SYN-P-0026,professional,SYN-FACE-03,mouth,0.08345517617033009
SYN-P-0026,professional,SYN-FACE-03,other,0.03424400091158074
SYN-P-0027,professional,SYN-FACE-01,left_eye,0.2839155091006656
SYN-P-0027,professional,SYN-FACE-01,right_eye,0.2607519513564619
SYN-P-0027,professional,SYN-FACE-01,nose,0.15698687256501465
SYN-P-0027,professional,SYN-FACE-01,mouth,0.24697464462192736
SYN-P-0027,professional,SYN-FACE-01,other,0.05137102235593041
SYN-P-0027,professional,SYN-FACE-02,left_eye,0.23112066033844295
SYN-P-0027,professional,SYN-FACE-02,right_eye,0.23467295036330052
SYN-P-0027,professional,SYN-FACE-02,nose,0.41570326320456685
SYN-P-0027,professional,SYN-FACE-02,mouth,0.0718920091543942
SYN-P-0027,professional,SYN-FACE-02,other,0.04661111693929554
SYN-P-0027,professional,SYN-FACE-03,left_eye,0.2649692570870316
SYN-P-0027,professional,SYN-FACE-03,right_eye,0.16794628315499718
SYN-P-0027,professional,SYN-FACE-03,nose,0.18426021672395007
SYN-P-0027,professional,SYN-FACE-03,mouth,0.3287203630078009
SYN-P-0027,professional,SYN-FACE-03,other,0.054103880026220165
SYN-P-0028,professional,SYN-FACE-01,left_eye,0.1978190180311379
SYN-P-0028,professional,SYN-FACE-01,right_eye,0.17704208112680306
SYN-P-0028,professional,SYN-FACE-01,nose,0.3530318058964191
SYN-P-0028,professional,SYN-FACE-01,mouth,0.2721070949456399
SYN-P-0028,professional,SYN-FACE-01,other,0.0
SYN-P-0028,professional,SYN-FACE-02,left_eye,0.16585067752503355
SYN-P-0028,professional,SYN-FACE-02,right_eye,0.23670442965258615
SYN-P-0028,professional,SYN-FACE-02,nose,0.28445144679670054
SYN-P-0028,professional,SYN-FACE-02,mouth,0.24403212927899282
SYN-P-0028,professional,SYN-FACE-02,other,0.06896131674668701
SYN-P-0028,professional,SYN-FACE-03,left_eye,0.35246889496735034
SYN-P-0028,professional,SYN-FACE-03,right_eye,0.32752826177045874
SYN-P-0028,professional,SYN-FACE-03,nose,0.15246008096862618
SYN-P-0028,professional,SYN-FACE-03,mouth,0.13265005166507646
SYN-P-0028,professional,SYN-FACE-03,other,0.03489271062848836
SYN-P-0029,professional,SYN-FACE-01,left_eye,0.3618449210796261
SYN-P-0029,professional,SYN-FACE-01,right_eye,0.1838085398525963
SYN-P-0029,professional,SYN-FACE-01,nose,0.15506208449017056
SYN-P-0029,professional,SYN-FACE-01,mouth,0.22065304045307788
SYN-P-0029,professional,SYN-FACE-01,other,0.07863141412452909
SYN-P-0029,professional,SYN-FACE-02,left_eye,0.34168368160705576
SYN-P-0029,professional,SYN-FACE-02,right_eye,0.19172192777429162
SYN-P-0029,professional,SYN-FACE-02,nose,0.17671080003912318
SYN-P-0029,professional,SYN-FACE-02,mouth,0.20781646158325698
SYN-P-0029,professional,SYN-FACE-02,other,0.08206712899627254
SYN-P-0029,professional,SYN-FACE-03,left_eye,0.6332408908359994
SYN-P-0029,professional,SYN-FACE-03,right_eye,0.11602520910456625
SYN-P-0029,professional,SYN-FACE-03,nose,0.02354322452572981
SYN-P-0029,professional,SYN-FACE-03,mouth,0.045533473309584245
SYN-P-0029,professional,SYN-FACE-03,other,0.18165720222412016
SYN-P-0030,professional,SYN-FACE-01,left_eye,0.2833506644350759
SYN-P-0030,professional,SYN-FACE-01,right_eye,0.187297523720297
SYN-P-0030,professional,SYN-FACE-01,nose,0.31407610736305686
SYN-P-0030,professional,SYN-FACE-01,mouth,0.12607028192456976
SYN-P-0030,professional,SYN-FACE-01,other,0.0892054225570004
SYN-P-0030,professional,SYN-FACE-02,left_eye,0.1749090764093767
SYN-P-0030,professional,SYN-FACE-02,right_eye,0.12921621340836878
SYN-P-0030,professional,SYN-FACE-02,nose,0.17489713573127574
SYN-P-0030,professional,SYN-FACE-02,mouth,0.5209775744509788
SYN-P-0030,professional,SYN-FACE-02,other,0.0
SYN-P-0030,professional,SYN-FACE-03,left_eye,0.30523392092926555
SYN-P-0030,professional,SYN-FACE-03,right_eye,0.2789240296904487
SYN-P-0030,professional,SYN-FACE-03,nose,0.2085714295548504
SYN-P-0030,professional,SYN-FACE-03,mouth,0.17862813024593116
SYN-P-0030,professional,SYN-FACE-03,other,0.02864248957950417
SYN-P-0031,professional,SYN-FACE-01,left_eye,0.5405003429528269
SYN-P-0031,professional,SYN-FACE-01,right_eye,0.041383865013578505
SYN-P-0031,professional,SYN-FACE-01,nose,0.14403000101427466
SYN-P-0031,professional,SYN-FACE-01,mouth,0.14270696944781125
SYN-P-0031,professional,SYN-FACE-01,other,0.13137882157150874
SYN-P-0031,professional,SYN-FACE-02,left_eye,0.26988861921634144
SYN-P-0031,professional,SYN-FACE-02,right_eye,0.132249992486141
SYN-P-0031,professional,SYN-FACE-02,nose,0.16471765069718522
SYN-P-0031,professional,SYN-FACE-02,mouth,0.397085004564457
SYN-P-0031,professional,SYN-FACE-02,other,0.03605873303587539
SYN-P-0031,professional,SYN-FACE-03,left_eye,0.3335843142545152
SYN-P-0031,professional,SYN-FACE-03,right_eye,0.2828098403834852
SYN-P-0031,professional,SYN-FACE-03,nose,0.09158315508447651
SYN-P-0031,professional,SYN-FACE-03,mouth,0.2115151781058818
SYN-P-0031,professional,SYN-FACE-03,other,0.08050751217164129
SYN-P-0032,professional,SYN-FACE-01,left_eye,0.15284021125209138
SYN-P-0032,professional,SYN-FACE-01,right_eye,0.2770838958588014
SYN-P-0032,professional,SYN-FACE-01,nose,0.19436444410738113
SYN-P-0032,professional,SYN-FACE-01,mouth,0.2852640870983094
SYN-P-0032,professional,SYN-FACE-01,other,0.09044736168341676
SYN-P-0032,professional,SYN-FACE-02,left_eye,0.23113723486929938
SYN-P-0032,professional,SYN-FACE-02,right_eye,0.07860789660054837
SYN-P-0032,professional,SYN-FACE-02,nose,0.3680990522203845
SYN-P-0032,professional,SYN-FACE-02,mouth,0.23885460854544457
SYN-P-0032,professional,SYN-FACE-02,other,0.0833012077643232
SYN-P-0032,professional,SYN-FACE-03,left_eye,0.4712930733975623
SYN-P-0032,professional,SYN-FACE-03,right_eye,0.06433574577329633
SYN-P-0032,professional,SYN-FACE-03,nose,0.1885604825427143
SYN-P-0032,professional,SYN-FACE-03,mouth,0.22408994840362137
SYN-P-0032,professional,SYN-FACE-03,other,0.05172074988280575
SYN-P-0033,professional,SYN-FACE-01,left_eye,0.21511121083276485
SYN-P-0033,professional,SYN-FACE-01,right_eye,0.2333314326483668
SYN-P-0033,professional,SYN-FACE-01,nose,0.2072769523531028
SYN-P-0033,professional,SYN-FACE-01,mouth,0.2507695510783919
SYN-P-0033,professional,SYN-FACE-01,other,0.09351085308737361
SYN-P-0033,professional,SYN-FACE-02,left_eye,0.07172837557844819
SYN-P-0033,professional,SYN-FACE-02,right_eye,0.1690407125108186
SYN-P-0033,professional,SYN-FACE-02,nose,0.196466301025682
SYN-P-0033,professional,SYN-FACE-02,mouth,0.4258781694258992
SYN-P-0033,professional,SYN-FACE-02,other,0.13688644145915202
SYN-P-0033,professional,SYN-FACE-03,left_eye,0.30961929641012964
SYN-P-0033,professional,SYN-FACE-03,right_eye,0.11871126704729139
SYN-P-0033,professional,SYN-FACE-03,nose,0.1961252804374499
SYN-P-0033,professional,SYN-FACE-03,mouth,0.14850121448908388
SYN-P-0033,professional,SYN-FACE-03,other,0.22704294161604524
SYN-P-0034,professional,SYN-FACE-01,left_eye,0.3218651297625133
SYN-P-0034,professional,SYN-FACE-01,right_eye,0.21331432801313388
SYN-P-0034,professional,SYN-FACE-01,nose,0.09213661205134016
SYN-P-0034,professional,SYN-FACE-01,mouth,0.28191869164959116
SYN-P-0034,professional,SYN-FACE-01,other,0.09076523852342151
SYN-P-0034,professional,SYN-FACE-02,left_eye,0.2430412523095949
SYN-P-0034,professional,SYN-FACE-02,right_eye,0.21294900892135474
SYN-P-0034,professional,SYN-FACE-02,nose,0.13212991278980898
SYN-P-0034,professional,SYN-FACE-02,mouth,0.2823032005074091
SYN-P-0034,professional,SYN-FACE-02,other,0.12957662547183235
SYN-P-0034,professional,SYN-FACE-03,left_eye,0.22192307006840248
SYN-P-0034,professional,SYN-FACE-03,right_eye,0.21434301472742592
SYN-P-0034,professional,SYN-FACE-03,nose,0.24886559388143623
SYN-P-0034,professional,SYN-FACE-03,mouth,0.31486832132273535
SYN-P-0034,professional,SYN-FACE-03,other,0.0
SYN-P-0035,professional,SYN-FACE-01,left_eye,0.13094867501616692
SYN-P-0035,professional,SYN-FACE-01,right_eye,0.43807843091458426
SYN-P-0035,professional,SYN-FACE-01,nose,0.14981773518812944
SYN-P-0035,professional,SYN-FACE-01,mouth,0.2811551588811194
SYN-P-0035,professional,SYN-FACE-01,other,0.0
SYN-P-0035,professional,SYN-FACE-02,left_eye,0.1442583789760068
SYN-P-0035,professional,SYN-FACE-02,right_eye,0.11672401697738642
SYN-P-0035,professional,SYN-FACE-02,nose,0.07070488065437887
SYN-P-0035,professional,SYN-FACE-02,mouth,0.6683127233922278
SYN-P-0035,professional,SYN-FACE-02,other,0.0
SYN-P-0035,professional,SYN-FACE-03,left_eye,0.26022458582199504
SYN-P-0035,professional,SYN-FACE-03,right_eye,0.14370117317099954
SYN-P-0035,professional,SYN-FACE-03,nose,0.4177437945639183
SYN-P-0035,professional,SYN-FACE-03,mouth,0.09851859012866672
SYN-P-0035,professional,SYN-FACE-03,other,0.07981185631442045
SYN-P-0036,professional,SYN-FACE-01,left_eye,0.1384655737758884
SYN-P-0036,professional,SYN-FACE-01,right_eye,0.29315470245432657
SYN-P-0036,professional,SYN-FACE-01,nose,0.1568468783562895
SYN-P-0036,professional,SYN-FACE-01,mouth,0.22486197272781291
SYN-P-0036,professional,SYN-FACE-01,other,0.1866708726856826
SYN-P-0036,professional,SYN-FACE-02,left_eye,0.17346137446731966
SYN-P-0036,professional,SYN-FACE-02,right_eye,0.06999421957473526
SYN-P-0036,professional,SYN-FACE-02,nose,0.37830562642802795
SYN-P-0036,professional,SYN-FACE-02,mouth,0.2405069844885775
SYN-P-0036,professional,SYN-FACE-02,other,0.13773179504133956
SYN-P-0036,professional,SYN-FACE-03,left_eye,0.31320583962095355
SYN-P-0036,professional,SYN-FACE-03,right_eye,0.1706438031208274
SYN-P-0036,professional,SYN-FACE-03,nose,0.2236488174560223
SYN-P-0036,professional,SYN-FACE-03,mouth,0.12080447614567519
SYN-P-0036,professional,SYN-FACE-03,other,0.17169706365652163
SYN-P-0037,professional,SYN-FACE-01,left_eye,0.3467055592334016
SYN-P-0037,professional,SYN-FACE-01,right_eye,0.3170322275743373
SYN-P-0037,professional,SYN-FACE-01,nose,0.20225871348185465
SYN-P-0037,professional,SYN-FACE-01,mouth,0.10177916560395146
SYN-P-0037,professional,SYN-FACE-01,other,0.032224334106455026
SYN-P-0037,professional,SYN-FACE-02,left_eye,0.2704422433934543
SYN-P-0037,professional,SYN-FACE-02,right_eye,0.12793487830441497
SYN-P-0037,professional,SYN-FACE-02,nose,0.20015144665061557
SYN-P-0037,professional,SYN-FACE-02,mouth,0.32812896024970206
SYN-P-0037,professional,SYN-FACE-02,other,0.07334247140181323
SYN-P-0037,professional,SYN-FACE-03,left_eye,0.48369214182000747
SYN-P-0037,professional,SYN-FACE-03,right_eye,0.04402083659074252
SYN-P-0037,professional,SYN-FACE-03,nose,0.0999622272805914
SYN-P-0037,professional,SYN-FACE-03,mouth,0.24397446587053073
SYN-P-0037,professional,SYN-FACE-03,other,0.12835032843812794
SYN-P-0038,professional,SYN-FACE-01,left_eye,0.22447856611729397
SYN-P-0038,professional,SYN-FACE-01,right_eye,0.1962701753358581
SYN-P-0038,professional,SYN-FACE-01,nose,0.31354244435820755
SYN-P-0038,professional,SYN-FACE-01,mouth,0.2657088141886404
SYN-P-0038,professional,SYN-FACE-01,other,0.0
SYN-P-0038,professional,SYN-FACE-02,left_eye,0.35921566960418805
SYN-P-0038,professional,SYN-FACE-02,right_eye,0.14101471604828975
SYN-P-0038,professional,SYN-FACE-02,nose,0.15132880323462666
SYN-P-0038,professional,SYN-FACE-02,mouth,0.16982968089745287
SYN-P-0038,professional,SYN-FACE-02,other,0.1786111302154427
SYN-P-0038,professional,SYN-FACE-03,left_eye,0.3845311423706029
SYN-P-0038,professional,SYN-FACE-03,right_eye,0.24831931395614926
SYN-P-0038,professional,SYN-FACE-03,nose,0.29006122718832783
SYN-P-0038,professional,SYN-FACE-03,mouth,0.07708831648491998
SYN-P-0038,professional,SYN-FACE-03,other,0.0
SYN-P-0039,professional,SYN-FACE-01,left_eye,0.3729193417881783
SYN-P-0039,professional,SYN-FACE-01,right_eye,0.09964648932206802
SYN-P-0039,professional,SYN-FACE-01,nose,0.2281150312012441
SYN-P-0039,professional,SYN-FACE-01,mouth,0.17119073610196672
SYN-P-0039,professional,SYN-FACE-01,other,0.12812840158654282
SYN-P-0039,professional,SYN-FACE-02,left_eye,0.18994992966454685
SYN-P-0039,professional,SYN-FACE-02,right_eye,0.09777241698216745
SYN-P-0039,professional,SYN-FACE-02,nose,0.3126288022381771
SYN-P-0039,professional,SYN-FACE-02,mouth,0.29529931841522566
SYN-P-0039,professional,SYN-FACE-02,other,0.10434953269988297
SYN-P-0039,professional,SYN-FACE-03,left_eye,0.41990308232659335
SYN-P-0039,professional,SYN-FACE-03,right_eye,0.021821927931769073
SYN-P-0039,professional,SYN-FACE-03,nose,0.14746147910123034
SYN-P-0039,professional,SYN-FACE-03,mouth,0.41081351064040716
SYN-P-0039,professional,SYN-FACE-03,other,0.0
SYN-P-0040,professional,SYN-FACE-01,left_eye,0.3375900745002646
SYN-P-0040,professional,SYN-FACE-01,right_eye,0.1458832507942015
SYN-P-0040,professional,SYN-FACE-01,nose,0.11819966869991395
SYN-P-0040,professional,SYN-FACE-01,mouth,0.33999515755531745
SYN-P-0040,professional,SYN-FACE-01,other,0.05833184845030255
SYN-P-0040,professional,SYN-FACE-02,left_eye,0.2916023853754931
SYN-P-0040,professional,SYN-FACE-02,right_eye,0.11034875110242769
SYN-P-0040,professional,SYN-FACE-02,nose,0.08182325421287354
SYN-P-0040,professional,SYN-FACE-02,mouth,0.16511924368996594
SYN-P-0040,professional,SYN-FACE-02,other,0.35110636561923975
SYN-P-0040,professional,SYN-FACE-03,left_eye,0.43516071942694806
SYN-P-0040,professional,SYN-FACE-03,right_eye,0.032657591902447304
SYN-P-0040,professional,SYN-FACE-03,nose,0.20777552489346857
SYN-P-0040,professional,SYN-FACE-03,mouth,0.22065948328394183
SYN-P-0040,professional,SYN-FACE-03,other,0.10374668049319415
SYN-P-0041,professional,SYN-FACE-01,left_eye,0.12422993406757916
SYN-P-0041,professional,SYN-FACE-01,right_eye,0.18593421442827388
SYN-P-0041,professional,SYN-FACE-01,nose,0.12865427333073529
SYN-P-0041,professional,SYN-FACE-01,mouth,0.27501508395754387
SYN-P-0041,professional,SYN-FACE-01,other,0.28616649421586776
SYN-P-0041,professional,SYN-FACE-02,left_eye,0.33551920946117103
SYN-P-0041,professional,SYN-FACE-02,right_eye,0.15846633788323597
SYN-P-0041,professional,SYN-FACE-02,nose,0.13634121141092437
SYN-P-0041,professional,SYN-FACE-02,mouth,0.31560060418236907
SYN-P-0041,professional,SYN-FACE-02,other,0.05407263706229961
SYN-P-0041,professional,SYN-FACE-03,left_eye,0.2395246107745939
SYN-P-0041,professional,SYN-FACE-03,right_eye,0.35909466582223193
SYN-P-0041,professional,SYN-FACE-03,nose,0.2883514072138726
SYN-P-0041,professional,SYN-FACE-03,mouth,0.08611009883636102
SYN-P-0041,professional,SYN-FACE-03,other,0.026919217352940502
SYN-P-0042,professional,SYN-FACE-01,left_eye,0.27714041665306244
SYN-P-0042,professional,SYN-FACE-01,right_eye,0.11485991996800403
SYN-P-0042,professional,SYN-FACE-01,nose,0.3051612482059332
SYN-P-0042,professional,SYN-FACE-01,mouth,0.30283841517300025
SYN-P-0042,professional,SYN-FACE-01,other,0.0
SYN-P-0042,professional,SYN-FACE-02,left_eye,0.18017666465126647
SYN-P-0042,professional,SYN-FACE-02,right_eye,0.2041275580099634
SYN-P-0042,professional,SYN-FACE-02,nose,0.16877528120642152
SYN-P-0042,professional,SYN-FACE-02,mouth,0.3833783905510325
SYN-P-0042,professional,SYN-FACE-02,other,0.0635421055813161
SYN-P-0042,professional,SYN-FACE-03,left_eye,0.17209031186301885
SYN-P-0042,professional,SYN-FACE-03,right_eye,0.07657059164192481
SYN-P-0042,professional,SYN-FACE-03,nose,0.3749559508779147
SYN-P-0042,professional,SYN-FACE-03,mouth,0.3357787600638461
SYN-P-0042,professional,SYN-FACE-03,other,0.0406043855532955
SYN-P-0043,professional,SYN-FACE-01,left_eye,0.14026117143273634
SYN-P-0043,professional,SYN-FACE-01,right_eye,0.4412421882698471
SYN-P-0043,professional,SYN-FACE-01,nose,0.18025321294589305
SYN-P-0043,professional,SYN-FACE-01,mouth,0.2382434273515235
SYN-P-0043,professional,SYN-FACE-01,other,0.0
SYN-P-0043,professional,SYN-FACE-02,left_eye,0.1467450694565605
SYN-P-0043,professional,SYN-FACE-02,right_eye,0.28403483809737234
SYN-P-0043,professional,SYN-FACE-02,nose,0.1479812781167512
SYN-P-0043,professional,SYN-FACE-02,mouth,0.34287311366327844
SYN-P-0043,professional,SYN-FACE-02,other,0.07836570066603746
SYN-P-0043,professional,SYN-FACE-03,left_eye,0.268146530832999
SYN-P-0043,professional,SYN-FACE-03,right_eye,0.299880228997828
SYN-P-0043,professional,SYN-FACE-03,nose,0.18809571001973252
SYN-P-0043,professional,SYN-FACE-03,mouth,0.10464642096442535
SYN-P-0043,professional,SYN-FACE-03,other,0.13923110918501505
SYN-P-0044,professional,SYN-FACE-01,left_eye,0.5181363659779539
SYN-P-0044,professional,SYN-FACE-01,right_eye,0.058330040966731216
SYN-P-0044,professional,SYN-FACE-01,nose,0.11361106565252645
SYN-P-0044,professional,SYN-FACE-01,mouth,0.1104555606523044
SYN-P-0044,professional,SYN-FACE-01,other,0.19946696675048411
SYN-P-0044,professional,SYN-FACE-02,left_eye,0.15149587896528663
SYN-P-0044,professional,SYN-FACE-02,right_eye,0.27318885777167057
SYN-P-0044,professional,SYN-FACE-02,nose,0.06232356105536161
SYN-P-0044,professional,SYN-FACE-02,mouth,0.2507796403475543
SYN-P-0044,professional,SYN-FACE-02,other,0.2622120618601269
SYN-P-0044,professional,SYN-FACE-03,left_eye,0.2964155173033989
SYN-P-0044,professional,SYN-FACE-03,right_eye,0.10858347239915085
SYN-P-0044,professional,SYN-FACE-03,nose,0.4561036861736114
SYN-P-0044,professional,SYN-FACE-03,mouth,0.1388973241238389
SYN-P-0044,professional,SYN-FACE-03,other,0.0
SYN-P-0045,professional,SYN-FACE-01,left_eye,0.3627088791958753
SYN-P-0045,professional,SYN-FACE-01,right_eye,0.2601373282799969
SYN-P-0045,professional,SYN-FACE-01,nose,0.2203363123629877
SYN-P-0045,professional,SYN-FACE-01,mouth,0.1568174801611401
SYN-P-0045,professional,SYN-FACE-01,other,0.0
SYN-P-0045,professional,SYN-FACE-02,left_eye,0.36479651701126203
SYN-P-0045,professional,SYN-FACE-02,right_eye,0.28583736464154025
SYN-P-0045,professional,SYN-FACE-02,nose,0.0
SYN-P-0045,professional,SYN-FACE-02,mouth,0.25388783630340683
SYN-P-0045,professional,SYN-FACE-02,other,0.09547828204379097
SYN-P-0045,professional,SYN-FACE-03,left_eye,0.3735981544627201
SYN-P-0045,professional,SYN-FACE-03,right_eye,0.13492006528429623
SYN-P-0045,professional,SYN-FACE-03,nose,0.17189132061742415
SYN-P-0045,professional,SYN-FACE-03,mouth,0.3195904596355595
SYN-P-0045,professional,SYN-FACE-03,other,0.0
SYN-P-0046,professional,SYN-FACE-01,left_eye,0.19736761003079112
SYN-P-0046,professional,SYN-FACE-01,right_eye,0.16062825412639387
SYN-P-0046,professional,SYN-FACE-01,nose,0.4116817434674475
SYN-P-0046,professional,SYN-FACE-01,mouth,0.20361443477542895
SYN-P-0046,professional,SYN-FACE-01,other,0.026707957599938492
SYN-P-0046,professional,SYN-FACE-02,left_eye,0.26577786094860223
SYN-P-0046,professional,SYN-FACE-02,right_eye,0.3257633855054576
SYN-P-0046,professional,SYN-FACE-02,nose,0.11342013494444476
SYN-P-0046,professional,SYN-FACE-02,mouth,0.17316126951312075
SYN-P-0046,professional,SYN-FACE-02,other,0.12187734908837473
SYN-P-0046,professional,SYN-FACE-03,left_eye,0.1716384645281727
SYN-P-0046,professional,SYN-FACE-03,right_eye,0.27758586531347323
SYN-P-0046,professional,SYN-FACE-03,nose,0.09530935832259858
SYN-P-0046,professional,SYN-FACE-03,mouth,0.4554663118357555
SYN-P-0046,professional,SYN-FACE-03,other,0.0
SYN-P-0047,professional,SYN-FACE-01,left_eye,0.19675742836064397
SYN-P-0047,professional,SYN-FACE-01,right_eye,0.026262504047795683
SYN-P-0047,professional,SYN-FACE-01,nose,0.29587824352193876
SYN-P-0047,professional,SYN-FACE-01,mouth,0.37686550190849216
SYN-P-0047,professional,SYN-FACE-01,other,0.10423632216112934
SYN-P-0047,professional,SYN-FACE-02,left_eye,0.2171797668130438
SYN-P-0047,professional,SYN-FACE-02,right_eye,0.3113654080175489
SYN-P-0047,professional,SYN-FACE-02,nose,0.13315634547398128
SYN-P-0047,professional,SYN-FACE-02,mouth,0.3008418030897221
SYN-P-0047,professional,SYN-FACE-02,other,0.03745667660570399
SYN-P-0047,professional,SYN-FACE-03,left_eye,0.6405898520614619
SYN-P-0047,professional,SYN-FACE-03,right_eye,0.07724196798170768
SYN-P-0047,professional,SYN-FACE-03,nose,0.08795254223709285
SYN-P-0047,professional,SYN-FACE-03,mouth,0.15047097613878263
SYN-P-0047,professional,SYN-FACE-03,other,0.04374466158095502
SYN-P-0048,professional,SYN-FACE-01,left_eye,0.3895010365968627
SYN-P-0048,professional,SYN-FACE-01,right_eye,0.17158364235134468
SYN-P-0048,professional,SYN-FACE-01,nose,0.10553246218353385
SYN-P-0048,professional,SYN-FACE-01,mouth,0.1281272188166081
SYN-P-0048,professional,SYN-FACE-01,other,0.2052556400516507
SYN-P-0048,professional,SYN-FACE-02,left_eye,0.193464542254205
SYN-P-0048,professional,SYN-FACE-02,right_eye,0.21851424653606527
SYN-P-0048,professional,SYN-FACE-02,nose,0.13545576761553524
SYN-P-0048,professional,SYN-FACE-02,mouth,0.2976749064166935
SYN-P-0048,professional,SYN-FACE-02,other,0.154890537177501
SYN-P-0048,professional,SYN-FACE-03,left_eye,0.3521166769698336
SYN-P-0048,professional,SYN-FACE-03,right_eye,0.2980201041914182
SYN-P-0048,professional,SYN-FACE-03,nose,0.17600955678659788
SYN-P-0048,professional,SYN-FACE-03,mouth,0.17385366205215036
SYN-P-0048,professional,SYN-FACE-03,other,0.0
SYN-P-0049,professional,SYN-FACE-01,left_eye,0.15279316963432274
SYN-P-0049,professional,SYN-FACE-01,right_eye,0.2814242236510809
SYN-P-0049,professional,SYN-FACE-01,nose,0.3140934125565892
SYN-P-0049,professional,SYN-FACE-01,mouth,0.22601424372431753
SYN-P-0049,professional,SYN-FACE-01,other,0.02567495043368966
SYN-P-0049,professional,SYN-FACE-02,left_eye,0.16993629396453114
SYN-P-0049,professional,SYN-FACE-02,right_eye,0.12897181209568082
SYN-P-0049,professional,SYN-FACE-02,nose,0.21045246270411846
SYN-P-0049,professional,SYN-FACE-02,mouth,0.45488040635721605
SYN-P-0049,professional,SYN-FACE-02,other,0.035759024878453574
SYN-P-0049,professional,SYN-FACE-03,left_eye,0.2845326659991014
SYN-P-0049,professional,SYN-FACE-03,right_eye,0.2500348296325516
SYN-P-0049,professional,SYN-FACE-03,nose,0.1919531505239963
SYN-P-0049,professional,SYN-FACE-03,mouth,0.27347935384435074
SYN-P-0049,professional,SYN-FACE-03,other,0.0
SYN-P-0050,professional,SYN-FACE-01,left_eye,0.2102919222107359
SYN-P-0050,professional,SYN-FACE-01,right_eye,0.4118719532130864
SYN-P-0050,professional,SYN-FACE-01,nose,0.1287059162682351
SYN-P-0050,professional,SYN-FACE-01,mouth,0.17827908437310716
SYN-P-0050,professional,SYN-FACE-01,other,0.07085112393483539
SYN-P-0050,professional,SYN-FACE-02,left_eye,0.2215203171486927
SYN-P-0050,professional,SYN-FACE-02,right_eye,0.3105181366038047
SYN-P-0050,professional,SYN-FACE-02,nose,0.13569656494007232
SYN-P-0050,professional,SYN-FACE-02,mouth,0.3322649813074303
SYN-P-0050,professional,SYN-FACE-02,other,0.0
SYN-P-0050,professional,SYN-FACE-03,left_eye,0.1432082476537171
SYN-P-0050,professional,SYN-FACE-03,right_eye,0.3478311150283702
SYN-P-0050,professional,SYN-FACE-03,nose,0.2078223281997826
SYN-P-0050,professional,SYN-FACE-03,mouth,0.15958489800107808
SYN-P-0050,professional,SYN-FACE-03,other,0.14155341111705197
SYN-P-0051,professional,SYN-FACE-01,left_eye,0.1585085455262741
SYN-P-0051,professional,SYN-FACE-01,right_eye,0.21600631993958727
SYN-P-0051,professional,SYN-FACE-01,nose,0.432049688923829
SYN-P-0051,professional,SYN-FACE-01,mouth,0.15604928655248335
SYN-P-0051,professional,SYN-FACE-01,other,0.03738615905782623
SYN-P-0051,professional,SYN-FACE-02,left_eye,0.4063705778952732
SYN-P-0051,professional,SYN-FACE-02,right_eye,0.30695517392961635
SYN-P-0051,professional,SYN-FACE-02,nose,0.0792376859946983
SYN-P-0051,professional,SYN-FACE-02,mouth,0.16519233771776634
SYN-P-0051,professional,SYN-FACE-02,other,0.042244224462645856
SYN-P-0051,professional,SYN-FACE-03,left_eye,0.25136817282340024
SYN-P-0051,professional,SYN-FACE-03,right_eye,0.19478010628024842
SYN-P-0051,professional,SYN-FACE-03,nose,0.11675971331991454
SYN-P-0051,professional,SYN-FACE-03,mouth,0.3824522807925299
SYN-P-0051,professional,SYN-FACE-03,other,0.05463972678390683
SYN-P-0052,professional,SYN-FACE-01,left_eye,0.27042137898375357
SYN-P-0052,professional,SYN-FACE-01,right_eye,0.299216917478894
SYN-P-0052,professional,SYN-FACE-01,nose,0.24678009875106904
SYN-P-0052,professional,SYN-FACE-01,mouth,0.09710702444116631
SYN-P-0052,professional,SYN-FACE-01,other,0.08647458034511707
SYN-P-0052,professional,SYN-FACE-02,left_eye,0.2722012113891928
SYN-P-0052,professional,SYN-FACE-02,right_eye,0.2289208965295071
SYN-P-0052,professional,SYN-FACE-02,nose,0.09022080572148557
SYN-P-0052,professional,SYN-FACE-02,mouth,0.27710713873492143
SYN-P-0052,professional,SYN-FACE-02,other,0.1315499476248932
SYN-P-0052,professional,SYN-FACE-03,left_eye,0.4020942805098795
SYN-P-0052,professional,SYN-FACE-03,right_eye,0.2521896395743259
SYN-P-0052,professional,SYN-FACE-03,nose,0.1084866895019543
SYN-P-0052,professional,SYN-FACE-03,mouth,0.23722939041384028
SYN-P-0052,professional,SYN-FACE-03,other,0.0
SYN-P-0053,professional,SYN-FACE-01,left_eye,0.4155276873861006
SYN-P-0053,professional,SYN-FACE-01,right_eye,0.1414457822776342
SYN-P-0053,professional,SYN-FACE-01,nose,0.1708340384695948
SYN-P-0053,professional,SYN-FACE-01,mouth,0.2408768413409445
SYN-P-0053,professional,SYN-FACE-01,other,0.03131565052572594
SYN-P-0053,professional,SYN-FACE-02,left_eye,0.35530396381470813
SYN-P-0053,professional,SYN-FACE-02,right_eye,0.17392027380909608
SYN-P-0053,professional,SYN-FACE-02,nose,0.21364444524226495
SYN-P-0053,professional,SYN-FACE-02,mouth,0.1929095589239797
SYN-P-0053,professional,SYN-FACE-02,other,0.06422175820995105
SYN-P-0053,professional,SYN-FACE-03,left_eye,0.4370181751664345
SYN-P-0053,professional,SYN-FACE-03,right_eye,0.23158991255507597
SYN-P-0053,professional,SYN-FACE-03,nose,0.1923469064873444
SYN-P-0053,professional,SYN-FACE-03,mouth,0.10574308652008754
SYN-P-0053,professional,SYN-FACE-03,other,0.03330191927105768
SYN-P-0054,professional,SYN-FACE-01,left_eye,0.2739893696308704
SYN-P-0054,professional,SYN-FACE-01,right_eye,0.27878723342263073
SYN-P-0054,professional,SYN-FACE-01,nose,0.05965710930893876
SYN-P-0054,professional,SYN-FACE-01,mouth,0.38756628763756
SYN-P-0054,professional,SYN-FACE-01,other,0.0
SYN-P-0054,professional,SYN-FACE-02,left_eye,0.1356332581530641
SYN-P-0054,professional,SYN-FACE-02,right_eye,0.276557107596351
SYN-P-0054,professional,SYN-FACE-02,nose,0.17921400935151416
SYN-P-0054,professional,SYN-FACE-02,mouth,0.28316050308854307
SYN-P-0054,professional,SYN-FACE-02,other,0.12543512181052763
SYN-P-0054,professional,SYN-FACE-03,left_eye,0.37456906443851073
SYN-P-0054,professional,SYN-FACE-03,right_eye,0.2490631466469727
SYN-P-0054,professional,SYN-FACE-03,nose,0.23251939023855403
SYN-P-0054,professional,SYN-FACE-03,mouth,0.02426901776248458
SYN-P-0054,professional,SYN-FACE-03,other,0.11957938091347789
SYN-P-0055,professional,SYN-FACE-01,left_eye,0.12166150585450071
SYN-P-0055,professional,SYN-FACE-01,right_eye,0.2712238278680987
SYN-P-0055,professional,SYN-FACE-01,nose,0.22915870272424468
SYN-P-0055,professional,SYN-FACE-01,mouth,0.3021873711840537
SYN-P-0055,professional,SYN-FACE-01,other,0.07576859236910219
SYN-P-0055,professional,SYN-FACE-02,left_eye,0.19271921928947353
SYN-P-0055,professional,SYN-FACE-02,right_eye,0.13986715906942662
SYN-P-0055,professional,SYN-FACE-02,nose,0.10146468240381092
SYN-P-0055,professional,SYN-FACE-02,mouth,0.4112673036239275
SYN-P-0055,professional,SYN-FACE-02,other,0.15468163561336143
SYN-P-0055,professional,SYN-FACE-03,left_eye,0.4239594130202
SYN-P-0055,professional,SYN-FACE-03,right_eye,0.2088671300757747
SYN-P-0055,professional,SYN-FACE-03,nose,0.07692076108209689
SYN-P-0055,professional,SYN-FACE-03,mouth,0.2902526958219284
SYN-P-0055,professional,SYN-FACE-03,other,0.0
SYN-P-0056,professional,SYN-FACE-01,left_eye,0.15775262794792544
SYN-P-0056,professional,SYN-FACE-01,right_eye,0.3289936083179032
SYN-P-0056,professional,SYN-FACE-01,nose,0.2356249396217185
SYN-P-0056,professional,SYN-FACE-01,mouth,0.21919309398037762
SYN-P-0056,professional,SYN-FACE-01,other,0.05843573013207527
SYN-P-0056,professional,SYN-FACE-02,left_eye,0.11792468761968189
SYN-P-0056,professional,SYN-FACE-02,right_eye,0.0651219710803279
SYN-P-0056,professional,SYN-FACE-02,nose,0.385664565740005
SYN-P-0056,professional,SYN-FACE-02,mouth,0.37127497634694695
SYN-P-0056,professional,SYN-FACE-02,other,0.06001379921303827
SYN-P-0056,professional,SYN-FACE-03,left_eye,0.25745994342682005
SYN-P-0056,professional,SYN-FACE-03,right_eye,0.17213084976279386
SYN-P-0056,professional,SYN-FACE-03,nose,0.28295000068706905
SYN-P-0056,professional,SYN-FACE-03,mouth,0.24671082858757104
SYN-P-0056,professional,SYN-FACE-03,other,0.0407483775357461
SYN-P-0057,professional,SYN-FACE-01,left_eye,0.4439227188799117
SYN-P-0057,professional,SYN-FACE-01,right_eye,0.14923314644099694
SYN-P-0057,professional,SYN-FACE-01,nose,0.14668172902727145
SYN-P-0057,professional,SYN-FACE-01,mouth,0.16886616288048154
SYN-P-0057,professional,SYN-FACE-01,other,0.09129624277133844
SYN-P-0057,professional,SYN-FACE-02,left_eye,0.2896459592548557
SYN-P-0057,professional,SYN-FACE-02,right_eye,0.13003852840337318
SYN-P-0057,professional,SYN-FACE-02,nose,0.362747209875515
SYN-P-0057,professional,SYN-FACE-02,mouth,0.21756830246625614
SYN-P-0057,professional,SYN-FACE-02,other,0.0
SYN-P-0057,professional,SYN-FACE-03,left_eye,0.20258251035237
SYN-P-0057,professional,SYN-FACE-03,right_eye,0.16377227371970712
SYN-P-0057,professional,SYN-FACE-03,nose,0.16369277936818355
SYN-P-0057,professional,SYN-FACE-03,mouth,0.4340501184527997
SYN-P-0057,professional,SYN-FACE-03,other,0.03590231810693962
SYN-P-0058,professional,SYN-FACE-01,left_eye,0.2410925695951709
SYN-P-0058,professional,SYN-FACE-01,right_eye,0.04554980127885263
SYN-P-0058,professional,SYN-FACE-01,nose,0.26234748206784636
SYN-P-0058,professional,SYN-FACE-01,mouth,0.41641823823604945
SYN-P-0058,professional,SYN-FACE-01,other,0.03459190882208068
SYN-P-0058,professional,SYN-FACE-02,left_eye,0.12638668458843874
SYN-P-0058,professional,SYN-FACE-02,right_eye,0.2700199334737801
SYN-P-0058,professional,SYN-FACE-02,nose,0.20561504291311739
SYN-P-0058,professional,SYN-FACE-02,mouth,0.39797833902466373
SYN-P-0058,professional,SYN-FACE-02,other,0.0
SYN-P-0058,professional,SYN-FACE-03,left_eye,0.18092336314349666
SYN-P-0058,professional,SYN-FACE-03,right_eye,0.29853837823003765
SYN-P-0058,professional,SYN-FACE-03,nose,0.28424452905377906
SYN-P-0058,professional,SYN-FACE-03,mouth,0.14532366566847782
SYN-P-0058,professional,SYN-FACE-03,other,0.09097006390420878
SYN-P-0059,professional,SYN-FACE-01,left_eye,0.30764459231979807
SYN-P-0059,professional,SYN-FACE-01,right_eye,0.3342499546100285
SYN-P-0059,professional,SYN-FACE-01,nose,0.23537636411446913
SYN-P-0059,professional,SYN-FACE-01,mouth,0.09809655127686862
SYN-P-0059,professional,SYN-FACE-01,other,0.024632537678835633
SYN-P-0059,professional,SYN-FACE-02,left_eye,0.12601069075983679
SYN-P-0059,professional,SYN-FACE-02,right_eye,0.2210537448354441
SYN-P-0059,professional,SYN-FACE-02,nose,0.38527227370598605
SYN-P-0059,professional,SYN-FACE-02,mouth,0.14065179672358055
SYN-P-0059,professional,SYN-FACE-02,other,0.12701149397515252
SYN-P-0059,professional,SYN-FACE-03,left_eye,0.27333027040231667
SYN-P-0059,professional,SYN-FACE-03,right_eye,0.21560900309928566
SYN-P-0059,professional,SYN-FACE-03,nose,0.2608771561343931
SYN-P-0059,professional,SYN-FACE-03,mouth,0.25018357036400446
SYN-P-0059,professional,SYN-FACE-03,other,0.0
SYN-P-0060,professional,SYN-FACE-01,left_eye,0.3743415845936938
SYN-P-0060,professional,SYN-FACE-01,right_eye,0.30111383931190133
SYN-P-0060,professional,SYN-FACE-01,nose,0.07133587497644928
SYN-P-0060,professional,SYN-FACE-01,mouth,0.11951927278042389
SYN-P-0060,professional,SYN-FACE-01,other,0.13368942833753164
SYN-P-0060,professional,SYN-FACE-02,left_eye,0.22805380712809428
SYN-P-0060,professional,SYN-FACE-02,right_eye,0.2969121165602486
SYN-P-0060,professional,SYN-FACE-02,nose,0.060878806132818764
SYN-P-0060,professional,SYN-FACE-02,mouth,0.4141552701788384
SYN-P-0060,professional,SYN-FACE-02,other,0.0
SYN-P-0060,professional,SYN-FACE-03,left_eye,0.40574077648042645
SYN-P-0060,professional,SYN-FACE-03,right_eye,0.12308006645806344
SYN-P-0060,professional,SYN-FACE-03,nose,0.2948138032982365
SYN-P-0060,professional,SYN-FACE-03,mouth,0.1516381240355688
SYN-P-0060,professional,SYN-FACE-03,other,0.02472722972770482
SYN-P-0061,professional,SYN-FACE-01,left_eye,0.4418287184633876
SYN-P-0061,professional,SYN-FACE-01,right_eye,0.2588672018019699
SYN-P-0061,professional,SYN-FACE-01,nose,0.12852443860162557
SYN-P-0061,professional,SYN-FACE-01,mouth,0.14941510970664929
SYN-P-0061,professional,SYN-FACE-01,other,0.0213645314263676
SYN-P-0061,professional,SYN-FACE-02,left_eye,0.11588019351878379
SYN-P-0061,professional,SYN-FACE-02,right_eye,0.3082751332238565
SYN-P-0061,professional,SYN-FACE-02,nose,0.0
SYN-P-0061,professional,SYN-FACE-02,mouth,0.39227496732212574
SYN-P-0061,professional,SYN-FACE-02,other,0.1835697059352339
SYN-P-0061,professional,SYN-FACE-03,left_eye,0.10398017542708149
SYN-P-0061,professional,SYN-FACE-03,right_eye,0.5786196808987077
SYN-P-0061,professional,SYN-FACE-03,nose,0.12378853913880236
SYN-P-0061,professional,SYN-FACE-03,mouth,0.13747716035296786
SYN-P-0061,professional,SYN-FACE-03,other,0.056134444182440436
SYN-P-0062,professional,SYN-FACE-01,left_eye,0.3299489318355166
SYN-P-0062,professional,SYN-FACE-01,right_eye,0.3119567060878073
SYN-P-0062,professional,SYN-FACE-01,nose,0.14573423733364282
SYN-P-0062,professional,SYN-FACE-01,mouth,0.15066346914723525
SYN-P-0062,professional,SYN-FACE-01,other,0.06169665559579803
SYN-P-0062,professional,SYN-FACE-02,left_eye,0.3996012530874136
SYN-P-0062,professional,SYN-FACE-02,right_eye,0.16927339289358007
SYN-P-0062,professional,SYN-FACE-02,nose,0.3045331716459531
SYN-P-0062,professional,SYN-FACE-02,mouth,0.031169898007495728
SYN-P-0062,professional,SYN-FACE-02,other,0.09542228436555746
SYN-P-0062,professional,SYN-FACE-03,left_eye,0.3179172030639151
SYN-P-0062,professional,SYN-FACE-03,right_eye,0.2108833602919179
SYN-P-0062,professional,SYN-FACE-03,nose,0.20851525274726462
SYN-P-0062,professional,SYN-FACE-03,mouth,0.1635142149333224
SYN-P-0062,professional,SYN-FACE-03,other,0.09916996896358
SYN-P-0063,professional,SYN-FACE-01,left_eye,0.16075122107058606
SYN-P-0063,professional,SYN-FACE-01,right_eye,0.5253427980431415
SYN-P-0063,professional,SYN-FACE-01,nose,0.03092119659652199
SYN-P-0063,professional,SYN-FACE-01,mouth,0.19623155857075048
SYN-P-0063,professional,SYN-FACE-01,other,0.08675322571899981
SYN-P-0063,professional,SYN-FACE-02,left_eye,0.12297265911370109
SYN-P-0063,professional,SYN-FACE-02,right_eye,0.22288507115159986
SYN-P-0063,professional,SYN-FACE-02,nose,0.12687053329340026
SYN-P-0063,professional,SYN-FACE-02,mouth,0.4070477613970275
SYN-P-0063,professional,SYN-FACE-02,other,0.12022397504427136
SYN-P-0063,professional,SYN-FACE-03,left_eye,0.3749327271468666
SYN-P-0063,professional,SYN-FACE-03,right_eye,0.1623166385032275
SYN-P-0063,professional,SYN-FACE-03,nose,0.1321499186821684
SYN-P-0063,professional,SYN-FACE-03,mouth,0.2706014561400786
SYN-P-0063,professional,SYN-FACE-03,other,0.05999925952765889
SYN-P-0064,professional,SYN-FACE-01,left_eye,0.26050619766640337
SYN-P-0064,professional,SYN-FACE-01,right_eye,0.1376410749413498
SYN-P-0064,professional,SYN-FACE-01,nose,0.30783939680097266
SYN-P-0064,professional,SYN-FACE-01,mouth,0.16424444303622204
SYN-P-0064,professional,SYN-FACE-01,other,0.12976888755505211
SYN-P-0064,professional,SYN-FACE-02,left_eye,0.16532890776259235
SYN-P-0064,professional,SYN-FACE-02,right_eye,0.1704611223891762
SYN-P-0064,professional,SYN-FACE-02,nose,0.2293368236290892
SYN-P-0064,professional,SYN-FACE-02,mouth,0.362002120689289
SYN-P-0064,professional,SYN-FACE-02,other,0.07287102552985322
SYN-P-0064,professional,SYN-FACE-03,left_eye,0.19477193188228162
SYN-P-0064,professional,SYN-FACE-03,right_eye,0.19226681544508364
SYN-P-0064,professional,SYN-FACE-03,nose,0.34223207656928945
SYN-P-0064,professional,SYN-FACE-03,mouth,0.1293186838884298
SYN-P-0064,professional,SYN-FACE-03,other,0.1414104922149155
SYN-P-0065,professional,SYN-FACE-01,left_eye,0.16728115134223506
SYN-P-0065,professional,SYN-FACE-01,right_eye,0.26518855494592425
SYN-P-0065,professional,SYN-FACE-01,nose,0.07804804002987152
SYN-P-0065,professional,SYN-FACE-01,mouth,0.4894822536819692
SYN-P-0065,professional,SYN-FACE-01,other,0.0
SYN-P-0065,professional,SYN-FACE-02,left_eye,0.25282062855923504
SYN-P-0065,professional,SYN-FACE-02,right_eye,0.10629524570962465
SYN-P-0065,professional,SYN-FACE-02,nose,0.29685455396559157
SYN-P-0065,professional,SYN-FACE-02,mouth,0.30362479988597085
SYN-P-0065,professional,SYN-FACE-02,other,0.040404771879577896
SYN-P-0065,professional,SYN-FACE-03,left_eye,0.49167521270934
SYN-P-0065,professional,SYN-FACE-03,right_eye,0.14399669847954674
SYN-P-0065,professional,SYN-FACE-03,nose,0.12368876460049581
SYN-P-0065,professional,SYN-FACE-03,mouth,0.2094310159858988
SYN-P-0065,professional,SYN-FACE-03,other,0.031208308224718564
SYN-P-0066,professional,SYN-FACE-01,left_eye,0.21679686249780342
SYN-P-0066,professional,SYN-FACE-01,right_eye,0.4302279469844891
SYN-P-0066,professional,SYN-FACE-01,nose,0.0379718704529616
SYN-P-0066,professional,SYN-FACE-01,mouth,0.25346795219055035
SYN-P-0066,professional,SYN-FACE-01,other,0.06153536787419555
SYN-P-0066,professional,SYN-FACE-02,left_eye,0.5365061276185186
SYN-P-0066,professional,SYN-FACE-02,right_eye,0.136580436369012
SYN-P-0066,professional,SYN-FACE-02,nose,0.12299390178118699
SYN-P-0066,professional,SYN-FACE-02,mouth,0.20391953423128234
SYN-P-0066,professional,SYN-FACE-02,other,0.0
SYN-P-0066,professional,SYN-FACE-03,left_eye,0.3798649158493065
SYN-P-0066,professional,SYN-FACE-03,right_eye,0.1344904766989536
SYN-P-0066,professional,SYN-FACE-03,nose,0.2854024108244034
SYN-P-0066,professional,SYN-FACE-03,mouth,0.13176654170466168
SYN-P-0066,professional,SYN-FACE-03,other,0.06847565492267485
SYN-P-0067,professional,SYN-FACE-01,left_eye,0.20257951995965312
SYN-P-0067,professional,SYN-FACE-01,right_eye,0.2767794100867407
SYN-P-0067,professional,SYN-FACE-01,nose,0.19815498168039467
SYN-P-0067,professional,SYN-FACE-01,mouth,0.2706688743058409
SYN-P-0067,professional,SYN-FACE-01,other,0.05181721396737071
SYN-P-0067,professional,SYN-FACE-02,left_eye,0.11006906395087511
SYN-P-0067,professional,SYN-FACE-02,right_eye,0.1832950437965757
SYN-P-0067,professional,SYN-FACE-02,nose,0.23926085096894747
SYN-P-0067,professional,SYN-FACE-02,mouth,0.352510977666255
SYN-P-0067,professional,SYN-FACE-02,other,0.1148640636173468
SYN-P-0067,professional,SYN-FACE-03,left_eye,0.24812203432602234
SYN-P-0067,professional,SYN-FACE-03,right_eye,0.0
SYN-P-0067,professional,SYN-FACE-03,nose,0.24081231623708393
SYN-P-0067,professional,SYN-FACE-03,mouth,0.4143341676204664
SYN-P-0067,professional,SYN-FACE-03,other,0.0967314818164274
SYN-P-0068,professional,SYN-FACE-01,left_eye,0.212647654899657
SYN-P-0068,professional,SYN-FACE-01,right_eye,0.3040343447814903
SYN-P-0068,professional,SYN-FACE-01,nose,0.1540352836401772
SYN-P-0068,professional,SYN-FACE-01,mouth,0.26757406984907844
SYN-P-0068,professional,SYN-FACE-01,other,0.06170864682959698
SYN-P-0068,professional,SYN-FACE-02,left_eye,0.19266370067918592
SYN-P-0068,professional,SYN-FACE-02,right_eye,0.333002871775456
SYN-P-0068,professional,SYN-FACE-02,nose,0.0803268011391765
SYN-P-0068,professional,SYN-FACE-02,mouth,0.21181910835105808
SYN-P-0068,professional,SYN-FACE-02,other,0.18218751805512345
SYN-P-0068,professional,SYN-FACE-03,left_eye,0.29562240103045245
SYN-P-0068,professional,SYN-FACE-03,right_eye,0.26852958115610304
SYN-P-0068,professional,SYN-FACE-03,nose,0.2436000830392059
SYN-P-0068,professional,SYN-FACE-03,mouth,0.08394977070290331
SYN-P-0068,professional,SYN-FACE-03,other,0.10829816407133529
SYN-P-0069,professional,SYN-FACE-01,left_eye,0.22298544749167246
SYN-P-0069,professional,SYN-FACE-01,right_eye,0.16695012762432312
SYN-P-0069,professional,SYN-FACE-01,nose,0.1848876293312151
SYN-P-0069,professional,SYN-FACE-01,mouth,0.1402124330603277
SYN-P-0069,professional,SYN-FACE-01,other,0.28496436249246154
SYN-P-0069,professional,SYN-FACE-02,left_eye,0.1697297864985552
SYN-P-0069,professional,SYN-FACE-02,right_eye,0.312101050196128
SYN-P-0069,professional,SYN-FACE-02,nose,0.029110706503976125
SYN-P-0069,professional,SYN-FACE-02,mouth,0.48905845680134075
SYN-P-0069,professional,SYN-FACE-02,other,0.0
SYN-P-0069,professional,SYN-FACE-03,left_eye,0.2148297646368864
SYN-P-0069,professional,SYN-FACE-03,right_eye,0.30501450508444294
SYN-P-0069,professional,SYN-FACE-03,nose,0.22201298695435412
SYN-P-0069,professional,SYN-FACE-03,mouth,0.21846267807163527
SYN-P-0069,professional,SYN-FACE-03,other,0.039680065252681314
SYN-P-0070,professional,SYN-FACE-01,left_eye,0.3627675967384937
SYN-P-0070,professional,SYN-FACE-01,right_eye,0.285590963872941
SYN-P-0070,professional,SYN-FACE-01,nose,0.329342509089065
SYN-P-0070,professional,SYN-FACE-01,mouth,0.0
SYN-P-0070,professional,SYN-FACE-01,other,0.02229893029950043
SYN-P-0070,professional,SYN-FACE-02,left_eye,0.21133475659776432
SYN-P-0070,professional,SYN-FACE-02,right_eye,0.31417269735075004
SYN-P-0070,professional,SYN-FACE-02,nose,0.0766019844093954
SYN-P-0070,professional,SYN-FACE-02,mouth,0.310006930487716
SYN-P-0070,professional,SYN-FACE-02,other,0.08788363115437421
SYN-P-0070,professional,SYN-FACE-03,left_eye,0.28826817176589753
SYN-P-0070,professional,SYN-FACE-03,right_eye,0.24486856210164593
SYN-P-0070,professional,SYN-FACE-03,nose,0.09305299853509973
SYN-P-0070,professional,SYN-FACE-03,mouth,0.3738102675973568
SYN-P-0070,professional,SYN-FACE-03,other,0.0
SYN-P-0071,professional,SYN-FACE-01,left_eye,0.3374690468953405
SYN-P-0071,professional,SYN-FACE-01,right_eye,0.18399549256575198
SYN-P-0071,professional,SYN-FACE-01,nose,0.16194132197128933
SYN-P-0071,professional,SYN-FACE-01,mouth,0.23405575555591882
SYN-P-0071,professional,SYN-FACE-01,other,0.08253838301169933
SYN-P-0071,professional,SYN-FACE-02,left_eye,0.08823392920900297
SYN-P-0071,professional,SYN-FACE-02,right_eye,0.26489978696045485
SYN-P-0071,professional,SYN-FACE-02,nose,0.23325429556089022
SYN-P-0071,professional,SYN-FACE-02,mouth,0.3684474477256549
SYN-P-0071,professional,SYN-FACE-02,other,0.04516454054399711
SYN-P-0071,professional,SYN-FACE-03,left_eye,0.20906896824807028
SYN-P-0071,professional,SYN-FACE-03,right_eye,0.21340910103826846
SYN-P-0071,professional,SYN-FACE-03,nose,0.1601114374616382
SYN-P-0071,professional,SYN-FACE-03,mouth,0.23601980425888675
SYN-P-0071,professional,SYN-FACE-03,other,0.18139068899313635
SYN-P-0072,professional,SYN-FACE-01,left_eye,0.2776873802527966
SYN-P-0072,professional,SYN-FACE-01,right_eye,0.17470312335056493
SYN-P-0072,professional,SYN-FACE-01,nose,0.36134330791959235
SYN-P-0072,professional,SYN-FACE-01,mouth,0.14957426349255928
SYN-P-0072,professional,SYN-FACE-01,other,0.036691924984486896
SYN-P-0072,professional,SYN-FACE-02,left_eye,0.2110039511037871
SYN-P-0072,professional,SYN-FACE-02,right_eye,0.14975407691877737
SYN-P-0072,professional,SYN-FACE-02,nose,0.259577876836181
SYN-P-0072,professional,SYN-FACE-02,mouth,0.30404185314217186
SYN-P-0072,professional,SYN-FACE-02,other,0.07562224199908264
SYN-P-0072,professional,SYN-FACE-03,left_eye,0.3060079874091111
SYN-P-0072,professional,SYN-FACE-03,right_eye,0.21397357884153542
SYN-P-0072,professional,SYN-FACE-03,nose,0.17329221761563526
SYN-P-0072,professional,SYN-FACE-03,mouth,0.27952595012409476
SYN-P-0072,professional,SYN-FACE-03,other,0.027200266009623386
SYN-P-0073,professional,SYN-FACE-01,left_eye,0.2078314482671407
SYN-P-0073,professional,SYN-FACE-01,right_eye,0.18870274944327556
SYN-P-0073,professional,SYN-FACE-01,nose,0.3989351252609517
SYN-P-0073,professional,SYN-FACE-01,mouth,0.1765547726549535
SYN-P-0073,professional,SYN-FACE-01,other,0.027975904373678542
SYN-P-0073,professional,SYN-FACE-02,left_eye,0.18156601463579358
SYN-P-0073,professional,SYN-FACE-02,right_eye,0.18289306051322352
SYN-P-0073,professional,SYN-FACE-02,nose,0.29363833515276905
SYN-P-0073,professional,SYN-FACE-02,mouth,0.34190258969821385
SYN-P-0073,professional,SYN-FACE-02,other,0.0
SYN-P-0073,professional,SYN-FACE-03,left_eye,0.27555982439253346
SYN-P-0073,professional,SYN-FACE-03,right_eye,0.2810363769676781
SYN-P-0073,professional,SYN-FACE-03,nose,0.11699625732127038
SYN-P-0073,professional,SYN-FACE-03,mouth,0.19430348740640038
SYN-P-0073,professional,SYN-FACE-03,other,0.1321040539121177
SYN-P-0074,professional,SYN-FACE-01,left_eye,0.5355279362477775
SYN-P-0074,professional,SYN-FACE-01,right_eye,0.2984711190136923
SYN-P-0074,professional,SYN-FACE-01,nose,0.026555189267532416
SYN-P-0074,professional,SYN-FACE-01,mouth,0.08025701967407431
SYN-P-0074,professional,SYN-FACE-01,other,0.05918873579692344
SYN-P-0074,professional,SYN-FACE-02,left_eye,0.049533219330287176
SYN-P-0074,professional,SYN-FACE-02,right_eye,0.22656421595797815
SYN-P-0074,professional,SYN-FACE-02,nose,0.18988059992960654
SYN-P-0074,professional,SYN-FACE-02,mouth,0.534021964782128
SYN-P-0074,professional,SYN-FACE-02,other,0.0
SYN-P-0074,professional,SYN-FACE-03,left_eye,0.26708269167890486
SYN-P-0074,professional,SYN-FACE-03,right_eye,0.22436535882538075
SYN-P-0074,professional,SYN-FACE-03,nose,0.22309365227494524
SYN-P-0074,professional,SYN-FACE-03,mouth,0.2273089485161636
SYN-P-0074,professional,SYN-FACE-03,other,0.058149348704605586
SYN-P-0075,professional,SYN-FACE-01,left_eye,0.4782303004018461
SYN-P-0075,professional,SYN-FACE-01,right_eye,0.22250503536991365
SYN-P-0075,professional,SYN-FACE-01,nose,0.13432903855476186
SYN-P-0075,professional,SYN-FACE-01,mouth,0.10704780057035077
SYN-P-0075,professional,SYN-FACE-01,other,0.057887825103127726
SYN-P-0075,professional,SYN-FACE-02,left_eye,0.3338273425059066
SYN-P-0075,professional,SYN-FACE-02,right_eye,0.15308767557182662
SYN-P-0075,professional,SYN-FACE-02,nose,0.31125595954027147
SYN-P-0075,professional,SYN-FACE-02,mouth,0.20182902238199532
SYN-P-0075,professional,SYN-FACE-02,other,0.0
SYN-P-0075,professional,SYN-FACE-03,left_eye,0.21870067989897354
SYN-P-0075,professional,SYN-FACE-03,right_eye,0.0
SYN-P-0075,professional,SYN-FACE-03,nose,0.4648348428568702
SYN-P-0075,professional,SYN-FACE-03,mouth,0.24802829424336809
SYN-P-0075,professional,SYN-FACE-03,other,0.06843618300078819
SYN-P-0076,professional,SYN-FACE-01,left_eye,0.31891645169826754
SYN-P-0076,professional,SYN-FACE-01,right_eye,0.24782739608196241
SYN-P-0076,professional,SYN-FACE-01,nose,0.07323282743336179
SYN-P-0076,professional,SYN-FACE-01,mouth,0.3132110150593424
SYN-P-0076,professional,SYN-FACE-01,other,0.046812309727065814
SYN-P-0076,professional,SYN-FACE-02,left_eye,0.27983687281151476
SYN-P-0076,professional,SYN-FACE-02,right_eye,0.11316119789336597
SYN-P-0076,professional,SYN-FACE-02,nose,0.20995926939596443
SYN-P-0076,professional,SYN-FACE-02,mouth,0.28729204789947044
SYN-P-0076,professional,SYN-FACE-02,other,0.10975061199968436
SYN-P-0076,professional,SYN-FACE-03,left_eye,0.3963932951333177
SYN-P-0076,professional,SYN-FACE-03,right_eye,0.2921634984419418
SYN-P-0076,professional,SYN-FACE-03,nose,0.09868335772672206
SYN-P-0076,professional,SYN-FACE-03,mouth,0.0446786092767792
SYN-P-0076,professional,SYN-FACE-03,other,0.16808123942123926
SYN-P-0077,professional,SYN-FACE-01,left_eye,0.2365396559042698
SYN-P-0077,professional,SYN-FACE-01,right_eye,0.43606214979491653
SYN-P-0077,professional,SYN-FACE-01,nose,0.16381810923035917
SYN-P-0077,professional,SYN-FACE-01,mouth,0.12743822398579174
SYN-P-0077,professional,SYN-FACE-01,other,0.03614186108466269
SYN-P-0077,professional,SYN-FACE-02,left_eye,0.21422189517898554
SYN-P-0077,professional,SYN-FACE-02,right_eye,0.3105111895176457
SYN-P-0077,professional,SYN-FACE-02,nose,0.13384455057475136
SYN-P-0077,professional,SYN-FACE-02,mouth,0.17609932169224965
SYN-P-0077,professional,SYN-FACE-02,other,0.16532304303636772
SYN-P-0077,professional,SYN-FACE-03,left_eye,0.29920485260064067
SYN-P-0077,professional,SYN-FACE-03,right_eye,0.22970055825327587
SYN-P-0077,professional,SYN-FACE-03,nose,0.27185922674364926
SYN-P-0077,professional,SYN-FACE-03,mouth,0.09016317453647013
SYN-P-0077,professional,SYN-FACE-03,other,0.10907218786596401
SYN-P-0078,professional,SYN-FACE-01,left_eye,0.4226519030676256
SYN-P-0078,professional,SYN-FACE-01,right_eye,0.20085763252219122
SYN-P-0078,professional,SYN-FACE-01,nose,0.10733708360623975
SYN-P-0078,professional,SYN-FACE-01,mouth,0.10386132729224531
SYN-P-0078,professional,SYN-FACE-01,other,0.16529205351169804
SYN-P-0078,professional,SYN-FACE-02,left_eye,0.18560756450589483
SYN-P-0078,professional,SYN-FACE-02,right_eye,0.31501763141902756
SYN-P-0078,professional,SYN-FACE-02,nose,0.18269550071752821
SYN-P-0078,professional,SYN-FACE-02,mouth,0.24412030602084986
SYN-P-0078,professional,SYN-FACE-02,other,0.07255899733669961
SYN-P-0078,professional,SYN-FACE-03,left_eye,0.1974000732949396
SYN-P-0078,professional,SYN-FACE-03,right_eye,0.3037525667749144
SYN-P-0078,professional,SYN-FACE-03,nose,0.37598769084881095
SYN-P-0078,professional,SYN-FACE-03,mouth,0.12285966908133508
SYN-P-0078,professional,SYN-FACE-03,other,0.0
SYN-P-0079,professional,SYN-FACE-01,left_eye,0.3309312695718463
SYN-P-0079,professional,SYN-FACE-01,right_eye,0.2680687244321839
SYN-P-0079,professional,SYN-FACE-01,nose,0.1170160085320529
SYN-P-0079,professional,SYN-FACE-01,mouth,0.14320926804879006
SYN-P-0079,professional,SYN-FACE-01,other,0.1407747294151269
SYN-P-0079,professional,SYN-FACE-02,left_eye,0.16255462557091735
SYN-P-0079,professional,SYN-FACE-02,right_eye,0.12943931225772742
SYN-P-0079,professional,SYN-FACE-02,nose,0.17992379619251364
SYN-P-0079,professional,SYN-FACE-02,mouth,0.428341246805996
SYN-P-0079,professional,SYN-FACE-02,other,0.09974101917284553
SYN-P-0079,professional,SYN-FACE-03,left_eye,0.17527550252366797
SYN-P-0079,professional,SYN-FACE-03,right_eye,0.35769895605759594
SYN-P-0079,professional,SYN-FACE-03,nose,0.25385294555143517
SYN-P-0079,professional,SYN-FACE-03,mouth,0.1565566923788453
SYN-P-0079,professional,SYN-FACE-03,other,0.05661590348845565
SYN-P-0080,professional,SYN-FACE-01,left_eye,0.08537208553765441
SYN-P-0080,professional,SYN-FACE-01,right_eye,0.24559783133721635
SYN-P-0080,professional,SYN-FACE-01,nose,0.25607725823832533
SYN-P-0080,professional,SYN-FACE-01,mouth,0.3756562662331662
SYN-P-0080,professional,SYN-FACE-01,other,0.03729655865363777
SYN-P-0080,professional,SYN-FACE-02,left_eye,0.22713380541614114
SYN-P-0080,professional,SYN-FACE-02,right_eye,0.14897157047665635
SYN-P-0080,professional,SYN-FACE-02,nose,0.1770882647287689
SYN-P-0080,professional,SYN-FACE-02,mouth,0.4468063593784336
SYN-P-0080,professional,SYN-FACE-02,other,0.0
SYN-P-0080,professional,SYN-FACE-03,left_eye,0.2628531614264214
SYN-P-0080,professional,SYN-FACE-03,right_eye,0.31189605424737976
SYN-P-0080,professional,SYN-FACE-03,nose,0.07358487305389293
SYN-P-0080,professional,SYN-FACE-03,mouth,0.1816274441844952
SYN-P-0080,professional,SYN-FACE-03,other,0.17003846708781067
SYN-P-0081,professional,SYN-FACE-01,left_eye,0.5562808595236506
SYN-P-0081,professional,SYN-FACE-01,right_eye,0.17771338826242838
SYN-P-0081,professional,SYN-FACE-01,nose,0.18224129737462175
SYN-P-0081,professional,SYN-FACE-01,mouth,0.04660379141347572
SYN-P-0081,professional,SYN-FACE-01,other,0.03716066342582356
SYN-P-0081,professional,SYN-FACE-02,left_eye,0.18627346954685242
SYN-P-0081,professional,SYN-FACE-02,right_eye,0.2589481992465885
SYN-P-0081,professional,SYN-FACE-02,nose,0.25403831426719936
SYN-P-0081,professional,SYN-FACE-02,mouth,0.26324299577746624
SYN-P-0081,professional,SYN-FACE-02,other,0.0374970211618935
SYN-P-0081,professional,SYN-FACE-03,left_eye,0.4912755088865205
SYN-P-0081,professional,SYN-FACE-03,right_eye,0.11169396479620723
SYN-P-0081,professional,SYN-FACE-03,nose,0.2024347291646885
SYN-P-0081,professional,SYN-FACE-03,mouth,0.09650846205319312
SYN-P-0081,professional,SYN-FACE-03,other,0.09808733509939069
SYN-P-0082,professional,SYN-FACE-01,left_eye,0.3759118784889626
SYN-P-0082,professional,SYN-FACE-01,right_eye,0.1314565217862836
SYN-P-0082,professional,SYN-FACE-01,nose,0.17955691263867618
SYN-P-0082,professional,SYN-FACE-01,mouth,0.14837948207105392
SYN-P-0082,professional,SYN-FACE-01,other,0.16469520501502374
SYN-P-0082,professional,SYN-FACE-02,left_eye,0.2749421109905423
SYN-P-0082,professional,SYN-FACE-02,right_eye,0.1669184705656585
SYN-P-0082,professional,SYN-FACE-02,nose,0.296045487702568
SYN-P-0082,professional,SYN-FACE-02,mouth,0.2198956476543037
SYN-P-0082,professional,SYN-FACE-02,other,0.042198283086927496
SYN-P-0082,professional,SYN-FACE-03,left_eye,0.27566733047401315
SYN-P-0082,professional,SYN-FACE-03,right_eye,0.12564060166733956
SYN-P-0082,professional,SYN-FACE-03,nose,0.22041806859884247
SYN-P-0082,professional,SYN-FACE-03,mouth,0.32492767418884927
SYN-P-0082,professional,SYN-FACE-03,other,0.05334632507095547
SYN-P-0083,professional,SYN-FACE-01,left_eye,0.2735275214248642
SYN-P-0083,professional,SYN-FACE-01,right_eye,0.3688920988116197
SYN-P-0083,professional,SYN-FACE-01,nose,0.21358271424105232
SYN-P-0083,professional,SYN-FACE-01,mouth,0.14399766552246374
SYN-P-0083,professional,SYN-FACE-01,other,0.0
SYN-P-0083,professional,SYN-FACE-02,left_eye,0.2289339982551954
SYN-P-0083,professional,SYN-FACE-02,right_eye,0.2277226472501196
SYN-P-0083,professional,SYN-FACE-02,nose,0.25742376134635747
SYN-P-0083,professional,SYN-FACE-02,mouth,0.2859195931483275
SYN-P-0083,professional,SYN-FACE-02,other,0.0
SYN-P-0083,professional,SYN-FACE-03,left_eye,0.1666222129991251
SYN-P-0083,professional,SYN-FACE-03,right_eye,0.19987180410745584
SYN-P-0083,professional,SYN-FACE-03,nose,0.06142115734503439
SYN-P-0083,professional,SYN-FACE-03,mouth,0.39341833052560987
SYN-P-0083,professional,SYN-FACE-03,other,0.17866649502277482
SYN-P-0084,professional,SYN-FACE-01,left_eye,0.19202539760287038
SYN-P-0084,professional,SYN-FACE-01,right_eye,0.479981144640336
SYN-P-0084,professional,SYN-FACE-01,nose,0.2802356812575368
SYN-P-0084,professional,SYN-FACE-01,mouth,0.047757776499256825
SYN-P-0084,professional,SYN-FACE-01,other,0.0
SYN-P-0084,professional,SYN-FACE-02,left_eye,0.21565671938942702
SYN-P-0084,professional,SYN-FACE-02,right_eye,0.3241156292459969
SYN-P-0084,professional,SYN-FACE-02,nose,0.1587317286640196
SYN-P-0084,professional,SYN-FACE-02,mouth,0.21056427550290513
SYN-P-0084,professional,SYN-FACE-02,other,0.09093164719765139
SYN-P-0084,professional,SYN-FACE-03,left_eye,0.3181069045271096
SYN-P-0084,professional,SYN-FACE-03,right_eye,0.10720304989566985
SYN-P-0084,professional,SYN-FACE-03,nose,0.20369252129208723
SYN-P-0084,professional,SYN-FACE-03,mouth,0.287879871536706
SYN-P-0084,professional,SYN-FACE-03,other,0.08311765274842725
SYN-P-0085,professional,SYN-FACE-01,left_eye,0.27814422087685486
SYN-P-0085,professional,SYN-FACE-01,right_eye,0.21439622607737238
SYN-P-0085,professional,SYN-FACE-01,nose,0.16686917013910318
SYN-P-0085,professional,SYN-FACE-01,mouth,0.19989200400031093
SYN-P-0085,professional,SYN-FACE-01,other,0.1406983789063586
SYN-P-0085,professional,SYN-FACE-02,left_eye,0.33805313760677563
SYN-P-0085,professional,SYN-FACE-02,right_eye,0.16080081298038312
SYN-P-0085,professional,SYN-FACE-02,nose,0.10560978163793945
SYN-P-0085,professional,SYN-FACE-02,mouth,0.3751603596518294
SYN-P-0085,professional,SYN-FACE-02,other,0.02037590812307244
SYN-P-0085,professional,SYN-FACE-03,left_eye,0.3984503510240786
SYN-P-0085,professional,SYN-FACE-03,right_eye,0.27549300934251447
SYN-P-0085,professional,SYN-FACE-03,nose,0.08214003422377683
SYN-P-0085,professional,SYN-FACE-03,mouth,0.24391660540963017
SYN-P-0085,professional,SYN-FACE-03,other,0.0
SYN-P-0086,professional,SYN-FACE-01,left_eye,0.4282687719440542
SYN-P-0086,professional,SYN-FACE-01,right_eye,0.22672174948942708
SYN-P-0086,professional,SYN-FACE-01,nose,0.20174239403366837
SYN-P-0086,professional,SYN-FACE-01,mouth,0.073510688049951
SYN-P-0086,professional,SYN-FACE-01,other,0.06975639648289933
SYN-P-0086,professional,SYN-FACE-02,left_eye,0.3412662900915641
SYN-P-0086,professional,SYN-FACE-02,right_eye,0.19341306567750563
SYN-P-0086,professional,SYN-FACE-02,nose,0.15424746266179457
SYN-P-0086,professional,SYN-FACE-02,mouth,0.26065874071667966
SYN-P-0086,professional,SYN-FACE-02,other,0.05041444085245596
SYN-P-0086,professional,SYN-FACE-03,left_eye,0.28231665475177903
SYN-P-0086,professional,SYN-FACE-03,right_eye,0.33895468227778214
SYN-P-0086,professional,SYN-FACE-03,nose,0.29149333661876486
SYN-P-0086,professional,SYN-FACE-03,mouth,0.087235326351674
SYN-P-0086,professional,SYN-FACE-03,other,0.0
SYN-P-0087,professional,SYN-FACE-01,left_eye,0.20759332328143992
SYN-P-0087,professional,SYN-FACE-01,right_eye,0.2949614745817123
SYN-P-0087,professional,SYN-FACE-01,nose,0.06489049620606736
SYN-P-0087,professional,SYN-FACE-01,mouth,0.3078524811854427
SYN-P-0087,professional,SYN-FACE-01,other,0.1247022247453377
SYN-P-0087,professional,SYN-FACE-02,left_eye,0.3317681775443524
SYN-P-0087,professional,SYN-FACE-02,right_eye,0.12864481967281682
SYN-P-0087,professional,SYN-FACE-02,nose,0.2283243732734413
SYN-P-0087,professional,SYN-FACE-02,mouth,0.3112626295093895
SYN-P-0087,professional,SYN-FACE-02,other,0.0
SYN-P-0087,professional,SYN-FACE-03,left_eye,0.3522768392648636
SYN-P-0087,professional,SYN-FACE-03,right_eye,0.036594269699869286
SYN-P-0087,professional,SYN-FACE-03,nose,0.3409874369190543
SYN-P-0087,professional,SYN-FACE-03,mouth,0.24306331489490518
SYN-P-0087,professional,SYN-FACE-03,other,0.027078139221307727
SYN-P-0088,professional,SYN-FACE-01,left_eye,0.28705565444373493
SYN-P-0088,professional,SYN-FACE-01,right_eye,0.25513359591031687
SYN-P-0088,professional,SYN-FACE-01,nose,0.19023045172912043
SYN-P-0088,professional,SYN-FACE-01,mouth,0.08738623438821248
SYN-P-0088,professional,SYN-FACE-01,other,0.18019406352861528
SYN-P-0088,professional,SYN-FACE-02,left_eye,0.14620875289824745
SYN-P-0088,professional,SYN-FACE-02,right_eye,0.1660406500825817
SYN-P-0088,professional,SYN-FACE-02,nose,0.38336175718641197
SYN-P-0088,professional,SYN-FACE-02,mouth,0.24156776411540037
SYN-P-0088,professional,SYN-FACE-02,other,0.0628210757173585
SYN-P-0088,professional,SYN-FACE-03,left_eye,0.34752366070433893
SYN-P-0088,professional,SYN-FACE-03,right_eye,0.29225729299520586
SYN-P-0088,professional,SYN-FACE-03,nose,0.19892336019876783
SYN-P-0088,professional,SYN-FACE-03,mouth,0.06219201555100052
SYN-P-0088,professional,SYN-FACE-03,other,0.09910367055068692
SYN-P-0089,professional,SYN-FACE-01,left_eye,0.28373229395963945
SYN-P-0089,professional,SYN-FACE-01,right_eye,0.11801911594357574
SYN-P-0089,professional,SYN-FACE-01,nose,0.27735527818679173
SYN-P-0089,professional,SYN-FACE-01,mouth,0.24488186114533228
SYN-P-0089,professional,SYN-FACE-01,other,0.07601145076466079
SYN-P-0089,professional,SYN-FACE-02,left_eye,0.15869844661777618
SYN-P-0089,professional,SYN-FACE-02,right_eye,0.2858969147918528
SYN-P-0089,professional,SYN-FACE-02,nose,0.33704914308333833
SYN-P-0089,professional,SYN-FACE-02,mouth,0.14735175329633698
SYN-P-0089,professional,SYN-FACE-02,other,0.07100374221069576
SYN-P-0089,professional,SYN-FACE-03,left_eye,0.2357384983204254
SYN-P-0089,professional,SYN-FACE-03,right_eye,0.2828872019031189
SYN-P-0089,professional,SYN-FACE-03,nose,0.12972980624699781
SYN-P-0089,professional,SYN-FACE-03,mouth,0.250714300753512
SYN-P-0089,professional,SYN-FACE-03,other,0.10093019277594582
SYN-P-0090,professional,SYN-FACE-01,left_eye,0.3438466239246093
SYN-P-0090,professional,SYN-FACE-01,right_eye,0.16571936788415356
SYN-P-0090,professional,SYN-FACE-01,nose,0.1652851335571659
SYN-P-0090,professional,SYN-FACE-01,mouth,0.32514887463407127
SYN-P-0090,professional,SYN-FACE-01,other,0.0
SYN-P-0090,professional,SYN-FACE-02,left_eye,0.25614984145150743
SYN-P-0090,professional,SYN-FACE-02,right_eye,0.31175101848717274
SYN-P-0090,professional,SYN-FACE-02,nose,0.24656100524584126
SYN-P-0090,professional,SYN-FACE-02,mouth,0.18553813481547854
SYN-P-0090,professional,SYN-FACE-02,other,0.0
SYN-P-0090,professional,SYN-FACE-03,left_eye,0.15306166605589286
SYN-P-0090,professional,SYN-FACE-03,right_eye,0.25622116117612986
SYN-P-0090,professional,SYN-FACE-03,nose,0.2403969369035663
SYN-P-0090,professional,SYN-FACE-03,mouth,0.1448355715427718
SYN-P-0090,professional,SYN-FACE-03,other,0.20548466432163914
SYN-P-0091,professional,SYN-FACE-01,left_eye,0.10683665230307167
SYN-P-0091,professional,SYN-FACE-01,right_eye,0.44258555247441256
SYN-P-0091,professional,SYN-FACE-01,nose,0.07481452673929849
SYN-P-0091,professional,SYN-FACE-01,mouth,0.3444016425722476
SYN-P-0091,professional,SYN-FACE-01,other,0.03136162591096965
SYN-P-0091,professional,SYN-FACE-02,left_eye,0.1835705375113097
SYN-P-0091,professional,SYN-FACE-02,right_eye,0.27843308200268574
SYN-P-0091,professional,SYN-FACE-02,nose,0.17027424227400664
SYN-P-0091,professional,SYN-FACE-02,mouth,0.2933889287770503
SYN-P-0091,professional,SYN-FACE-02,other,0.07433320943494759
SYN-P-0091,professional,SYN-FACE-03,left_eye,0.4080058264891458
SYN-P-0091,professional,SYN-FACE-03,right_eye,0.22038216191256282
SYN-P-0091,professional,SYN-FACE-03,nose,0.0358951718776994
SYN-P-0091,professional,SYN-FACE-03,mouth,0.20578614180846563
SYN-P-0091,professional,SYN-FACE-03,other,0.12993069791212639
SYN-P-0092,professional,SYN-FACE-01,left_eye,0.0630653777746621
SYN-P-0092,professional,SYN-FACE-01,right_eye,0.5070498629113148
SYN-P-0092,professional,SYN-FACE-01,nose,0.174472733383591
SYN-P-0092,professional,SYN-FACE-01,mouth,0.18153702158683196
SYN-P-0092,professional,SYN-FACE-01,other,0.07387500434360017
SYN-P-0092,professional,SYN-FACE-02,left_eye,0.12137816858239574
SYN-P-0092,professional,SYN-FACE-02,right_eye,0.27696285265138415
SYN-P-0092,professional,SYN-FACE-02,nose,0.1884824740736713
SYN-P-0092,professional,SYN-FACE-02,mouth,0.33483362590261395
SYN-P-0092,professional,SYN-FACE-02,other,0.07834287878993487
SYN-P-0092,professional,SYN-FACE-03,left_eye,0.2999769399764251
SYN-P-0092,professional,SYN-FACE-03,right_eye,0.24343024162810953
SYN-P-0092,professional,SYN-FACE-03,nose,0.19318743301306784
SYN-P-0092,professional,SYN-FACE-03,mouth,0.24357751720240453
SYN-P-0092,professional,SYN-FACE-03,other,0.01982786817999305
SYN-P-0093,professional,SYN-FACE-01,left_eye,0.15073478465076792
SYN-P-0093,professional,SYN-FACE-01,right_eye,0.19295276211321527
SYN-P-0093,professional,SYN-FACE-01,nose,0.4963696150751213
SYN-P-0093,professional,SYN-FACE-01,mouth,0.1599428381608956
SYN-P-0093,professional,SYN-FACE-01,other,0.0
SYN-P-0093,professional,SYN-FACE-02,left_eye,0.15263265091115522
SYN-P-0093,professional,SYN-FACE-02,right_eye,0.3218516483202388
SYN-P-0093,professional,SYN-FACE-02,nose,0.29691207545173826
SYN-P-0093,professional,SYN-FACE-02,mouth,0.15549660228140974
SYN-P-0093,professional,SYN-FACE-02,other,0.07310702303545805
SYN-P-0093,professional,SYN-FACE-03,left_eye,0.4880514977793806
SYN-P-0093,professional,SYN-FACE-03,right_eye,0.20355019610726516
SYN-P-0093,professional,SYN-FACE-03,nose,0.1926250099062338
SYN-P-0093,professional,SYN-FACE-03,mouth,0.1157732962071205
SYN-P-0093,professional,SYN-FACE-03,other,0.0
SYN-P-0094,professional,SYN-FACE-01,left_eye,0.22812035946279063
SYN-P-0094,professional,SYN-FACE-01,right_eye,0.27811746484403754
SYN-P-0094,professional,SYN-FACE-01,nose,0.2232187732884339
SYN-P-0094,professional,SYN-FACE-01,mouth,0.23431001610954172
SYN-P-0094,professional,SYN-FACE-01,other,0.03623338629519616
SYN-P-0094,professional,SYN-FACE-02,left_eye,0.34150001393218754
SYN-P-0094,professional,SYN-FACE-02,right_eye,0.19475916691107292
SYN-P-0094,professional,SYN-FACE-02,nose,0.18408333084624653
SYN-P-0094,professional,SYN-FACE-02,mouth,0.22634407563339487
SYN-P-0094,professional,SYN-FACE-02,other,0.05331341267709811
SYN-P-0094,professional,SYN-FACE-03,left_eye,0.3083946138867613
SYN-P-0094,professional,SYN-FACE-03,right_eye,0.33382107923580634
SYN-P-0094,professional,SYN-FACE-03,nose,0.12285290010803303
SYN-P-0094,professional,SYN-FACE-03,mouth,0.16867900192378119
SYN-P-0094,professional,SYN-FACE-03,other,0.06625240484561806
SYN-P-0095,professional,SYN-FACE-01,left_eye,0.3470874923041064
SYN-P-0095,professional,SYN-FACE-01,right_eye,0.13428097676363293
SYN-P-0095,professional,SYN-FACE-01,nose,0.12421419237079771
SYN-P-0095,professional,SYN-FACE-01,mouth,0.2236665916782126
SYN-P-0095,professional,SYN-FACE-01,other,0.17075074688325032
SYN-P-0095,professional,SYN-FACE-02,left_eye,0.40508223416432093
SYN-P-0095,professional,SYN-FACE-02,right_eye,0.036773325831191285
SYN-P-0095,professional,SYN-FACE-02,nose,0.0
SYN-P-0095,professional,SYN-FACE-02,mouth,0.26835349084451543
SYN-P-0095,professional,SYN-FACE-02,other,0.28979094915997233
SYN-P-0095,professional,SYN-FACE-03,left_eye,0.3425106134429451
SYN-P-0095,professional,SYN-FACE-03,right_eye,0.4667089828261811
SYN-P-0095,professional,SYN-FACE-03,nose,0.0779586651208535
SYN-P-0095,professional,SYN-FACE-03,mouth,0.08622655275898122
SYN-P-0095,professional,SYN-FACE-03,other,0.026595185851039135
SYN-P-0096,professional,SYN-FACE-01,left_eye,0.2815925956843755
SYN-P-0096,professional,SYN-FACE-01,right_eye,0.2715879996743878
SYN-P-0096,professional,SYN-FACE-01,nose,0.09901622901080577
SYN-P-0096,professional,SYN-FACE-01,mouth,0.29515616097189135
SYN-P-0096,professional,SYN-FACE-01,other,0.052647014658539694
SYN-P-0096,professional,SYN-FACE-02,left_eye,0.2939304662474457
SYN-P-0096,professional,SYN-FACE-02,right_eye,0.10331043491279213
SYN-P-0096,professional,SYN-FACE-02,nose,0.12276393292938743
SYN-P-0096,professional,SYN-FACE-02,mouth,0.397075277874163
SYN-P-0096,professional,SYN-FACE-02,other,0.08291988803621175
SYN-P-0096,professional,SYN-FACE-03,left_eye,0.24046708528690494
SYN-P-0096,professional,SYN-FACE-03,right_eye,0.1665005737436916
SYN-P-0096,professional,SYN-FACE-03,nose,0.21570694346763988
SYN-P-0096,professional,SYN-FACE-03,mouth,0.3039740351609151
SYN-P-0096,professional,SYN-FACE-03,other,0.07335136234084844
SYN-P-0097,professional,SYN-FACE-01,left_eye,0.1018598690317268
SYN-P-0097,professional,SYN-FACE-01,right_eye,0.23830152017208267
SYN-P-0097,professional,SYN-FACE-01,nose,0.2640284895927487
SYN-P-0097,professional,SYN-FACE-01,mouth,0.32509838027290955
SYN-P-0097,professional,SYN-FACE-01,other,0.07071174093053231
SYN-P-0097,professional,SYN-FACE-02,left_eye,0.08896283755179434
SYN-P-0097,professional,SYN-FACE-02,right_eye,0.03843718738408577
SYN-P-0097,professional,SYN-FACE-02,nose,0.3859973125274802
SYN-P-0097,professional,SYN-FACE-02,mouth,0.35486674996315865
SYN-P-0097,professional,SYN-FACE-02,other,0.1317359125734811
SYN-P-0097,professional,SYN-FACE-03,left_eye,0.27741797491366055
SYN-P-0097,professional,SYN-FACE-03,right_eye,0.1887420276292344
SYN-P-0097,professional,SYN-FACE-03,nose,0.27417071841937407
SYN-P-0097,professional,SYN-FACE-03,mouth,0.259669279037731
SYN-P-0097,professional,SYN-FACE-03,other,0.0
SYN-P-0098,professional,SYN-FACE-01,left_eye,0.19160432222802162
SYN-P-0098,professional,SYN-FACE-01,right_eye,0.34612127357477923
SYN-P-0098,professional,SYN-FACE-01,nose,0.15146667573479125
SYN-P-0098,professional,SYN-FACE-01,mouth,0.24173172531074646
SYN-P-0098,professional,SYN-FACE-01,other,0.06907600315166137
SYN-P-0098,professional,SYN-FACE-02,left_eye,0.4317879479501391
SYN-P-0098,professional,SYN-FACE-02,right_eye,0.23483553518877132
SYN-P-0098,professional,SYN-FACE-02,nose,0.17479589186713243
SYN-P-0098,professional,SYN-FACE-02,mouth,0.15858062499395711
SYN-P-0098,professional,SYN-FACE-02,other,0.0
SYN-P-0098,professional,SYN-FACE-03,left_eye,0.27636322431260363
SYN-P-0098,professional,SYN-FACE-03,right_eye,0.04342478273197517
SYN-P-0098,professional,SYN-FACE-03,nose,0.12187385847223754
SYN-P-0098,professional,SYN-FACE-03,mouth,0.4516041169806326
SYN-P-0098,professional,SYN-FACE-03,other,0.10673401750255114
SYN-P-0099,professional,SYN-FACE-01,left_eye,0.3625117344898774
SYN-P-0099,professional,SYN-FACE-01,right_eye,0.32471710996939396
SYN-P-0099,professional,SYN-FACE-01,nose,0.13611530099089492
SYN-P-0099,professional,SYN-FACE-01,mouth,0.15079401505179507
SYN-P-0099,professional,SYN-FACE-01,other,0.02586183949803863
SYN-P-0099,professional,SYN-FACE-02,left_eye,0.16464983749093656
SYN-P-0099,professional,SYN-FACE-02,right_eye,0.262837567809554
SYN-P-0099,professional,SYN-FACE-02,nose,0.26758415781825473
SYN-P-0099,professional,SYN-FACE-02,mouth,0.2567419387110942
SYN-P-0099,professional,SYN-FACE-02,other,0.0481864981701606
SYN-P-0099,professional,SYN-FACE-03,left_eye,0.5782719377930657
SYN-P-0099,professional,SYN-FACE-03,right_eye,0.1896067359565499
SYN-P-0099,professional,SYN-FACE-03,nose,0.06527993324036521
SYN-P-0099,professional,SYN-FACE-03,mouth,0.14440713411248116
SYN-P-0099,professional,SYN-FACE-03,other,0.022434258897537997
SYN-P-0100,professional,SYN-FACE-01,left_eye,0.3426074457442366
SYN-P-0100,professional,SYN-FACE-01,right_eye,0.10075319228693627
SYN-P-0100,professional,SYN-FACE-01,nose,0.14655327658370562
SYN-P-0100,professional,SYN-FACE-01,mouth,0.25995435640405934
SYN-P-0100,professional,SYN-FACE-01,other,0.15013172898106214
SYN-P-0100,professional,SYN-FACE-02,left_eye,0.1704234581274802
SYN-P-0100,professional,SYN-FACE-02,right_eye,0.2642409975595386
SYN-P-0100,professional,SYN-FACE-02,nose,0.23763888348839932
SYN-P-0100,professional,SYN-FACE-02,mouth,0.19958305055141232
SYN-P-0100,professional,SYN-FACE-02,other,0.12811361027316948
SYN-P-0100,professional,SYN-FACE-03,left_eye,0.3035451832412906
SYN-P-0100,professional,SYN-FACE-03,right_eye,0.17201469287070553
SYN-P-0100,professional,SYN-FACE-03,nose,0.32877415487272155
SYN-P-0100,professional,SYN-FACE-03,mouth,0.1293219505124579
SYN-P-0100,professional,SYN-FACE-03,other,0.0663440185028245
SYN-P-0101,professional,SYN-FACE-01,left_eye,0.4287583705053799
SYN-P-0101,professional,SYN-FACE-01,right_eye,0.39316357545183017
SYN-P-0101,professional,SYN-FACE-01,nose,0.11690925331395123
SYN-P-0101,professional,SYN-FACE-01,mouth,0.06116880072883866
SYN-P-0101,professional,SYN-FACE-01,other,0.0
SYN-P-0101,professional,SYN-FACE-02,left_eye,0.18082612094193953
SYN-P-0101,professional,SYN-FACE-02,right_eye,0.0336613842793984
SYN-P-0101,professional,SYN-FACE-02,nose,0.3028896549269628
SYN-P-0101,professional,SYN-FACE-02,mouth,0.40760245326564876
SYN-P-0101,professional,SYN-FACE-02,other,0.07502038658605055
SYN-P-0101,professional,SYN-FACE-03,left_eye,0.1764675832178708
SYN-P-0101,professional,SYN-FACE-03,right_eye,0.1745963005534274
SYN-P-0101,professional,SYN-FACE-03,nose,0.27281081072982366
SYN-P-0101,professional,SYN-FACE-03,mouth,0.3421276354584461
SYN-P-0101,professional,SYN-FACE-03,other,0.03399767004043202
SYN-P-0102,professional,SYN-FACE-01,left_eye,0.04335148442837853
SYN-P-0102,professional,SYN-FACE-01,right_eye,0.21437830733927613
SYN-P-0102,professional,SYN-FACE-01,nose,0.30420991193786545
SYN-P-0102,professional,SYN-FACE-01,mouth,0.12760691002797936
SYN-P-0102,professional,SYN-FACE-01,other,0.3104533862665005
SYN-P-0102,professional,SYN-FACE-02,left_eye,0.21812545983554205
SYN-P-0102,professional,SYN-FACE-02,right_eye,0.29081280519348235
SYN-P-0102,professional,SYN-FACE-02,nose,0.2856366552537634
SYN-P-0102,professional,SYN-FACE-02,mouth,0.2054250797172122
SYN-P-0102,professional,SYN-FACE-02,other,0.0
SYN-P-0102,professional,SYN-FACE-03,left_eye,0.34804521118681125
SYN-P-0102,professional,SYN-FACE-03,right_eye,0.1763197971931484
SYN-P-0102,professional,SYN-FACE-03,nose,0.1329578934054755
SYN-P-0102,professional,SYN-FACE-03,mouth,0.32009091592067884
SYN-P-0102,professional,SYN-FACE-03,other,0.02258618229388598
SYN-P-0103,professional,SYN-FACE-01,left_eye,0.4865148497753934
SYN-P-0103,professional,SYN-FACE-01,right_eye,0.10927668462095116
SYN-P-0103,professional,SYN-FACE-01,nose,0.1973335975727691
SYN-P-0103,professional,SYN-FACE-01,mouth,0.14634697957467555
SYN-P-0103,professional,SYN-FACE-01,other,0.06052788845621073
SYN-P-0103,professional,SYN-FACE-02,left_eye,0.20497323510085716
SYN-P-0103,professional,SYN-FACE-02,right_eye,0.03246426779604291
SYN-P-0103,professional,SYN-FACE-02,nose,0.3283170930846874
SYN-P-0103,professional,SYN-FACE-02,mouth,0.3096023204887946
SYN-P-0103,professional,SYN-FACE-02,other,0.12464308352961805
SYN-P-0103,professional,SYN-FACE-03,left_eye,0.30026277086165876
SYN-P-0103,professional,SYN-FACE-03,right_eye,0.173773877425028
SYN-P-0103,professional,SYN-FACE-03,nose,0.2175175995107313
SYN-P-0103,professional,SYN-FACE-03,mouth,0.2877120990933895
SYN-P-0103,professional,SYN-FACE-03,other,0.020733653109192476
SYN-P-0104,professional,SYN-FACE-01,left_eye,0.23377635532946744
SYN-P-0104,professional,SYN-FACE-01,right_eye,0.37277900906396744
SYN-P-0104,professional,SYN-FACE-01,nose,0.2550774730423546
SYN-P-0104,professional,SYN-FACE-01,mouth,0.11576789107538112
SYN-P-0104,professional,SYN-FACE-01,other,0.022599271488829335
SYN-P-0104,professional,SYN-FACE-02,left_eye,0.26087757029355363
SYN-P-0104,professional,SYN-FACE-02,right_eye,0.1175467733717083
SYN-P-0104,professional,SYN-FACE-02,nose,0.06357930672903203
SYN-P-0104,professional,SYN-FACE-02,mouth,0.4747942115646944
SYN-P-0104,professional,SYN-FACE-02,other,0.08320213804101163
SYN-P-0104,professional,SYN-FACE-03,left_eye,0.29411359611308546
SYN-P-0104,professional,SYN-FACE-03,right_eye,0.19314771238996722
SYN-P-0104,professional,SYN-FACE-03,nose,0.26353359372658147
SYN-P-0104,professional,SYN-FACE-03,mouth,0.14026493474701957
SYN-P-0104,professional,SYN-FACE-03,other,0.1089401630233463
SYN-P-0105,professional,SYN-FACE-01,left_eye,0.16038737636762807
SYN-P-0105,professional,SYN-FACE-01,right_eye,0.44694590538168427
SYN-P-0105,professional,SYN-FACE-01,nose,0.15077079249244354
SYN-P-0105,professional,SYN-FACE-01,mouth,0.20679859079078944
SYN-P-0105,professional,SYN-FACE-01,other,0.03509733496745471
SYN-P-0105,professional,SYN-FACE-02,left_eye,0.11869067254203129
SYN-P-0105,professional,SYN-FACE-02,right_eye,0.34278908077608977
SYN-P-0105,professional,SYN-FACE-02,nose,0.17447869266586466
SYN-P-0105,professional,SYN-FACE-02,mouth,0.3299760422647671
SYN-P-0105,professional,SYN-FACE-02,other,0.03406551175124714
SYN-P-0105,professional,SYN-FACE-03,left_eye,0.301774718026262
SYN-P-0105,professional,SYN-FACE-03,right_eye,0.2316927268741334
SYN-P-0105,professional,SYN-FACE-03,nose,0.24360908039972795
SYN-P-0105,professional,SYN-FACE-03,mouth,0.08754814820677478
SYN-P-0105,professional,SYN-FACE-03,other,0.1353753264931019
SYN-P-0106,professional,SYN-FACE-01,left_eye,0.24463585108563382
SYN-P-0106,professional,SYN-FACE-01,right_eye,0.23522970923008232
SYN-P-0106,professional,SYN-FACE-01,nose,0.20715097986113631
SYN-P-0106,professional,SYN-FACE-01,mouth,0.31298345982314757
SYN-P-0106,professional,SYN-FACE-01,other,0.0
SYN-P-0106,professional,SYN-FACE-02,left_eye,0.21077200779012495
SYN-P-0106,professional,SYN-FACE-02,right_eye,0.10966832284445481
SYN-P-0106,professional,SYN-FACE-02,nose,0.024728287258592215
SYN-P-0106,professional,SYN-FACE-02,mouth,0.5357207148174363
SYN-P-0106,professional,SYN-FACE-02,other,0.11911066728939168
SYN-P-0106,professional,SYN-FACE-03,left_eye,0.19999118057425996
SYN-P-0106,professional,SYN-FACE-03,right_eye,0.2766357641946622
SYN-P-0106,professional,SYN-FACE-03,nose,0.25879981511509936
SYN-P-0106,professional,SYN-FACE-03,mouth,0.16789666310938717
SYN-P-0106,professional,SYN-FACE-03,other,0.09667657700659124
SYN-P-0107,professional,SYN-FACE-01,left_eye,0.1629257028561959
SYN-P-0107,professional,SYN-FACE-01,right_eye,0.38827336874808693
SYN-P-0107,professional,SYN-FACE-01,nose,0.2092350468793476
SYN-P-0107,professional,SYN-FACE-01,mouth,0.21195780675849468
SYN-P-0107,professional,SYN-FACE-01,other,0.027608074757874808
SYN-P-0107,professional,SYN-FACE-02,left_eye,0.11844347467287265
SYN-P-0107,professional,SYN-FACE-02,right_eye,0.2765871374685427
SYN-P-0107,professional,SYN-FACE-02,nose,0.3714882282199669
SYN-P-0107,professional,SYN-FACE-02,mouth,0.17670407551608766
SYN-P-0107,professional,SYN-FACE-02,other,0.05677708412253018
SYN-P-0107,professional,SYN-FACE-03,left_eye,0.28084151373049543
SYN-P-0107,professional,SYN-FACE-03,right_eye,0.18273547047207372
SYN-P-0107,professional,SYN-FACE-03,nose,0.291221120007924
SYN-P-0107,professional,SYN-FACE-03,mouth,0.19519524425238186
SYN-P-0107,professional,SYN-FACE-03,other,0.05000665153712509
SYN-P-0108,professional,SYN-FACE-01,left_eye,0.306525319080703
SYN-P-0108,professional,SYN-FACE-01,right_eye,0.05272938676348357
SYN-P-0108,professional,SYN-FACE-01,nose,0.21109684806672904
SYN-P-0108,professional,SYN-FACE-01,mouth,0.36857531621297157
SYN-P-0108,professional,SYN-FACE-01,other,0.06107312987611277
SYN-P-0108,professional,SYN-FACE-02,left_eye,0.1520462686366171
SYN-P-0108,professional,SYN-FACE-02,right_eye,0.1375651533627635
SYN-P-0108,professional,SYN-FACE-02,nose,0.24693779302147664
SYN-P-0108,professional,SYN-FACE-02,mouth,0.4334061937896179
SYN-P-0108,professional,SYN-FACE-02,other,0.030044591189524884
SYN-P-0108,professional,SYN-FACE-03,left_eye,0.17723433453558046
SYN-P-0108,professional,SYN-FACE-03,right_eye,0.278363909515354
SYN-P-0108,professional,SYN-FACE-03,nose,0.2364309251954401
SYN-P-0108,professional,SYN-FACE-03,mouth,0.2715614375263939
SYN-P-0108,professional,SYN-FACE-03,other,0.03640939322723155
SYN-P-0109,professional,SYN-FACE-01,left_eye,0.439034654247471
SYN-P-0109,professional,SYN-FACE-01,right_eye,0.29584125982616466
SYN-P-0109,professional,SYN-FACE-01,nose,0.08208451873460426
SYN-P-0109,professional,SYN-FACE-01,mouth,0.18303956719175998
SYN-P-0109,professional,SYN-FACE-01,other,0.0
SYN-P-0109,professional,SYN-FACE-02,left_eye,0.13990655010284
SYN-P-0109,professional,SYN-FACE-02,right_eye,0.22880391566208963
SYN-P-0109,professional,SYN-FACE-02,nose,0.3752839254540899
SYN-P-0109,professional,SYN-FACE-02,mouth,0.19985330999039097
SYN-P-0109,professional,SYN-FACE-02,other,0.05615229879058952
SYN-P-0109,professional,SYN-FACE-03,left_eye,0.18937906957121506
SYN-P-0109,professional,SYN-FACE-03,right_eye,0.3202134236675532
SYN-P-0109,professional,SYN-FACE-03,nose,0.26432453798736066
SYN-P-0109,professional,SYN-FACE-03,mouth,0.19338317505122243
SYN-P-0109,professional,SYN-FACE-03,other,0.032699793722648716
SYN-P-0110,professional,SYN-FACE-01,left_eye,0.37732514794884214
SYN-P-0110,professional,SYN-FACE-01,right_eye,0.22793170479961622
SYN-P-0110,professional,SYN-FACE-01,nose,0.26364227296782367
SYN-P-0110,professional,SYN-FACE-01,mouth,0.07523730794582545
SYN-P-0110,professional,SYN-FACE-01,other,0.05586356633789264
SYN-P-0110,professional,SYN-FACE-02,left_eye,0.20590233422487955
SYN-P-0110,professional,SYN-FACE-02,right_eye,0.2718699841895902
SYN-P-0110,professional,SYN-FACE-02,nose,0.28771692565480206
SYN-P-0110,professional,SYN-FACE-02,mouth,0.19653221557739795
SYN-P-0110,professional,SYN-FACE-02,other,0.03797854035333027
SYN-P-0110,professional,SYN-FACE-03,left_eye,0.25780260556839674
SYN-P-0110,professional,SYN-FACE-03,right_eye,0.3060660884965466
SYN-P-0110,professional,SYN-FACE-03,nose,0.3082920568050902
SYN-P-0110,professional,SYN-FACE-03,mouth,0.07464455346415229
SYN-P-0110,professional,SYN-FACE-03,other,0.05319469566581425
SYN-P-0111,professional,SYN-FACE-01,left_eye,0.31538793755778993
SYN-P-0111,professional,SYN-FACE-01,right_eye,0.2634450253518887
SYN-P-0111,professional,SYN-FACE-01,nose,0.2538030751893176
SYN-P-0111,professional,SYN-FACE-01,mouth,0.1673639619010038
SYN-P-0111,professional,SYN-FACE-01,other,0.0
SYN-P-0111,professional,SYN-FACE-02,left_eye,0.16870384233876498
SYN-P-0111,professional,SYN-FACE-02,right_eye,0.23910124471618788
SYN-P-0111,professional,SYN-FACE-02,nose,0.31642070014188245
SYN-P-0111,professional,SYN-FACE-02,mouth,0.23741656048744475
SYN-P-0111,professional,SYN-FACE-02,other,0.03835765231571989
SYN-P-0111,professional,SYN-FACE-03,left_eye,0.41595159720886205
SYN-P-0111,professional,SYN-FACE-03,right_eye,0.21402373458963742
SYN-P-0111,professional,SYN-FACE-03,nose,0.22761514840027394
SYN-P-0111,professional,SYN-FACE-03,mouth,0.09276088977526369
SYN-P-0111,professional,SYN-FACE-03,other,0.049648630025962946
SYN-P-0112,professional,SYN-FACE-01,left_eye,0.21691891833658225
SYN-P-0112,professional,SYN-FACE-01,right_eye,0.35058609289132053
SYN-P-0112,professional,SYN-FACE-01,nose,0.2453666213634031
SYN-P-0112,professional,SYN-FACE-01,mouth,0.1367013254583406
SYN-P-0112,professional,SYN-FACE-01,other,0.050427041950353475
SYN-P-0112,professional,SYN-FACE-02,left_eye,0.1702295055016915
SYN-P-0112,professional,SYN-FACE-02,right_eye,0.18431146402941712
SYN-P-0112,professional,SYN-FACE-02,nose,0.19992683187667015
SYN-P-0112,professional,SYN-FACE-02,mouth,0.3863084119579023
SYN-P-0112,professional,SYN-FACE-02,other,0.05922378663431901
SYN-P-0112,professional,SYN-FACE-03,left_eye,0.2743428937382692
SYN-P-0112,professional,SYN-FACE-03,right_eye,0.42246505113541366
SYN-P-0112,professional,SYN-FACE-03,nose,0.18798373117027392
SYN-P-0112,professional,SYN-FACE-03,mouth,0.05658296974038897
SYN-P-0112,professional,SYN-FACE-03,other,0.05862535421565424
SYN-P-0113,professional,SYN-FACE-01,left_eye,0.43737802037313
SYN-P-0113,professional,SYN-FACE-01,right_eye,0.028377723013035393
SYN-P-0113,professional,SYN-FACE-01,nose,0.21080314455591978
SYN-P-0113,professional,SYN-FACE-01,mouth,0.2752686467580905
SYN-P-0113,professional,SYN-FACE-01,other,0.04817246529982447
SYN-P-0113,professional,SYN-FACE-02,left_eye,0.20808088224450233
SYN-P-0113,professional,SYN-FACE-02,right_eye,0.13892717230745955
SYN-P-0113,professional,SYN-FACE-02,nose,0.2886216279321166
SYN-P-0113,professional,SYN-FACE-02,mouth,0.23617818667180798
SYN-P-0113,professional,SYN-FACE-02,other,0.12819213084411352
SYN-P-0113,professional,SYN-FACE-03,left_eye,0.2474333024675465
SYN-P-0113,professional,SYN-FACE-03,right_eye,0.32582417284821885
SYN-P-0113,professional,SYN-FACE-03,nose,0.21789556407632932
SYN-P-0113,professional,SYN-FACE-03,mouth,0.20884696060790528
SYN-P-0113,professional,SYN-FACE-03,other,0.0
SYN-P-0114,professional,SYN-FACE-01,left_eye,0.239296577479935
SYN-P-0114,professional,SYN-FACE-01,right_eye,0.22283985081040303
SYN-P-0114,professional,SYN-FACE-01,nose,0.39685483105585845
SYN-P-0114,professional,SYN-FACE-01,mouth,0.11825147179920892
SYN-P-0114,professional,SYN-FACE-01,other,0.022757268854594635
SYN-P-0114,professional,SYN-FACE-02,left_eye,0.27627333627133627
SYN-P-0114,professional,SYN-FACE-02,right_eye,0.15023996554241395
SYN-P-0114,professional,SYN-FACE-02,nose,0.16559281409528376
SYN-P-0114,professional,SYN-FACE-02,mouth,0.36699427022098974
SYN-P-0114,professional,SYN-FACE-02,other,0.040899613869976294
SYN-P-0114,professional,SYN-FACE-03,left_eye,0.07063822834942254
SYN-P-0114,professional,SYN-FACE-03,right_eye,0.24645510324423428
SYN-P-0114,professional,SYN-FACE-03,nose,0.18971326824809004
SYN-P-0114,professional,SYN-FACE-03,mouth,0.43964853631739104
SYN-P-0114,professional,SYN-FACE-03,other,0.053544863840862156
SYN-P-0115,professional,SYN-FACE-01,left_eye,0.44333218615037706
SYN-P-0115,professional,SYN-FACE-01,right_eye,0.2589311328129686
SYN-P-0115,professional,SYN-FACE-01,nose,0.0
SYN-P-0115,professional,SYN-FACE-01,mouth,0.2256243227930965
SYN-P-0115,professional,SYN-FACE-01,other,0.07211235824355797
SYN-P-0115,professional,SYN-FACE-02,left_eye,0.15175717855104637
SYN-P-0115,professional,SYN-FACE-02,right_eye,0.06403156296062143
SYN-P-0115,professional,SYN-FACE-02,nose,0.39527512661200764
SYN-P-0115,professional,SYN-FACE-02,mouth,0.36332003982008215
SYN-P-0115,professional,SYN-FACE-02,other,0.025616092056242414
SYN-P-0115,professional,SYN-FACE-03,left_eye,0.3055192052554916
SYN-P-0115,professional,SYN-FACE-03,right_eye,0.17082910747421967
SYN-P-0115,professional,SYN-FACE-03,nose,0.355655597738028
SYN-P-0115,professional,SYN-FACE-03,mouth,0.1679960895322608
SYN-P-0115,professional,SYN-FACE-03,other,0.0
SYN-P-0116,professional,SYN-FACE-01,left_eye,0.20416938501397472
SYN-P-0116,professional,SYN-FACE-01,right_eye,0.26118903095909335
SYN-P-0116,professional,SYN-FACE-01,nose,0.19416554589745227
SYN-P-0116,professional,SYN-FACE-01,mouth,0.17839846784617355
SYN-P-0116,professional,SYN-FACE-01,other,0.16207757028330616
SYN-P-0116,professional,SYN-FACE-02,left_eye,0.3235276720624626
SYN-P-0116,professional,SYN-FACE-02,right_eye,0.15944423436832222
SYN-P-0116,professional,SYN-FACE-02,nose,0.12498829642832658
SYN-P-0116,professional,SYN-FACE-02,mouth,0.3920397971408886
SYN-P-0116,professional,SYN-FACE-02,other,0.0
SYN-P-0116,professional,SYN-FACE-03,left_eye,0.31288469300165145
SYN-P-0116,professional,SYN-FACE-03,right_eye,0.31260835125702424
SYN-P-0116,professional,SYN-FACE-03,nose,0.2673985680106927
SYN-P-0116,professional,SYN-FACE-03,mouth,0.07237536056879065
SYN-P-0116,professional,SYN-FACE-03,other,0.0347330271618409
SYN-P-0117,professional,SYN-FACE-01,left_eye,0.3406304327340529
SYN-P-0117,professional,SYN-FACE-01,right_eye,0.3182006901168629
SYN-P-0117,professional,SYN-FACE-01,nose,0.26522757043492795
SYN-P-0117,professional,SYN-FACE-01,mouth,0.020794208808172593
SYN-P-0117,professional,SYN-FACE-01,other,0.055147097905983614
SYN-P-0117,professional,SYN-FACE-02,left_eye,0.23494479892542355
SYN-P-0117,professional,SYN-FACE-02,right_eye,0.5267985302281012
SYN-P-0117,professional,SYN-FACE-02,nose,0.01861089132655272
SYN-P-0117,professional,SYN-FACE-02,mouth,0.21964577951992253
SYN-P-0117,professional,SYN-FACE-02,other,0.0
SYN-P-0117,professional,SYN-FACE-03,left_eye,0.15184287097399288
SYN-P-0117,professional,SYN-FACE-03,right_eye,0.26824765586709204
SYN-P-0117,professional,SYN-FACE-03,nose,0.286118361129807
SYN-P-0117,professional,SYN-FACE-03,mouth,0.22820424640230347
SYN-P-0117,professional,SYN-FACE-03,other,0.06558686562680467
SYN-P-0118,professional,SYN-FACE-01,left_eye,0.08565638732418702
SYN-P-0118,professional,SYN-FACE-01,right_eye,0.31278703332872965
SYN-P-0118,professional,SYN-FACE-01,nose,0.12411961272776009
SYN-P-0118,professional,SYN-FACE-01,mouth,0.37053755532130167
SYN-P-0118,professional,SYN-FACE-01,other,0.10689941129802163
SYN-P-0118,professional,SYN-FACE-02,left_eye,0.4032261713142718
SYN-P-0118,professional,SYN-FACE-02,right_eye,0.21351929864034438
SYN-P-0118,professional,SYN-FACE-02,nose,0.0
SYN-P-0118,professional,SYN-FACE-02,mouth,0.3232854955026884
SYN-P-0118,professional,SYN-FACE-02,other,0.05996903454269544
SYN-P-0118,professional,SYN-FACE-03,left_eye,0.418957247683787
SYN-P-0118,professional,SYN-FACE-03,right_eye,0.17187142278458034
SYN-P-0118,professional,SYN-FACE-03,nose,0.25884250159204386
SYN-P-0118,professional,SYN-FACE-03,mouth,0.09930391116082928
SYN-P-0118,professional,SYN-FACE-03,other,0.05102491677875954
SYN-P-0119,professional,SYN-FACE-01,left_eye,0.2326339329347409
SYN-P-0119,professional,SYN-FACE-01,right_eye,0.3362063865049704
SYN-P-0119,professional,SYN-FACE-01,nose,0.1670753514767089
SYN-P-0119,professional,SYN-FACE-01,mouth,0.24015435820749897
SYN-P-0119,professional,SYN-FACE-01,other,0.02392997087608079
SYN-P-0119,professional,SYN-FACE-02,left_eye,0.2843893439431856
SYN-P-0119,professional,SYN-FACE-02,right_eye,0.10618294279814826
SYN-P-0119,professional,SYN-FACE-02,nose,0.2711694096281245
SYN-P-0119,professional,SYN-FACE-02,mouth,0.306776996306037
SYN-P-0119,professional,SYN-FACE-02,other,0.03148130732450456
SYN-P-0119,professional,SYN-FACE-03,left_eye,0.08664507706553712
SYN-P-0119,professional,SYN-FACE-03,right_eye,0.29441871364793176
SYN-P-0119,professional,SYN-FACE-03,nose,0.4609895793256286
SYN-P-0119,professional,SYN-FACE-03,mouth,0.061151957507329276
SYN-P-0119,professional,SYN-FACE-03,other,0.09679467245357333
SYN-P-0120,professional,SYN-FACE-01,left_eye,0.23525079682474825
SYN-P-0120,professional,SYN-FACE-01,right_eye,0.45210189576084525
SYN-P-0120,professional,SYN-FACE-01,nose,0.1385724039501441
SYN-P-0120,professional,SYN-FACE-01,mouth,0.031944087782211285
SYN-P-0120,professional,SYN-FACE-01,other,0.14213081568205102
SYN-P-0120,professional,SYN-FACE-02,left_eye,0.1022257774946206
SYN-P-0120,professional,SYN-FACE-02,right_eye,0.12282144323277557
SYN-P-0120,professional,SYN-FACE-02,nose,0.2716694300828258
SYN-P-0120,professional,SYN-FACE-02,mouth,0.41476338177001815
SYN-P-0120,professional,SYN-FACE-02,other,0.08851996741975998
SYN-P-0120,professional,SYN-FACE-03,left_eye,0.14869376963934294
SYN-P-0120,professional,SYN-FACE-03,right_eye,0.19585236312517854
SYN-P-0120,professional,SYN-FACE-03,nose,0.45600690576084374
SYN-P-0120,professional,SYN-FACE-03,mouth,0.16166413446111053
SYN-P-0120,professional,SYN-FACE-03,other,0.037782827013524166
SYN-P-0121,professional,SYN-FACE-01,left_eye,0.32892947011929513
SYN-P-0121,professional,SYN-FACE-01,right_eye,0.15280596166881721
SYN-P-0121,professional,SYN-FACE-01,nose,0.17505941864293664
SYN-P-0121,professional,SYN-FACE-01,mouth,0.28159626831571344
SYN-P-0121,professional,SYN-FACE-01,other,0.061608881253237636
SYN-P-0121,professional,SYN-FACE-02,left_eye,0.20588304202968824
SYN-P-0121,professional,SYN-FACE-02,right_eye,0.42832206485803825
SYN-P-0121,professional,SYN-FACE-02,nose,0.13227650801290433
SYN-P-0121,professional,SYN-FACE-02,mouth,0.1808854161454346
SYN-P-0121,professional,SYN-FACE-02,other,0.05263296895393463
SYN-P-0121,professional,SYN-FACE-03,left_eye,0.329401333294477
SYN-P-0121,professional,SYN-FACE-03,right_eye,0.22682650713875524
SYN-P-0121,professional,SYN-FACE-03,nose,0.14683486487870537
SYN-P-0121,professional,SYN-FACE-03,mouth,0.2969372946880623
SYN-P-0121,professional,SYN-FACE-03,other,0.0
SYN-P-0122,professional,SYN-FACE-01,left_eye,0.31701070958303895
SYN-P-0122,professional,SYN-FACE-01,right_eye,0.33985912560299125
SYN-P-0122,professional,SYN-FACE-01,nose,0.11638271386490193
SYN-P-0122,professional,SYN-FACE-01,mouth,0.11404756711751951
SYN-P-0122,professional,SYN-FACE-01,other,0.1126998838315484
SYN-P-0122,professional,SYN-FACE-02,left_eye,0.2370407272408145
SYN-P-0122,professional,SYN-FACE-02,right_eye,0.15822515960026545
SYN-P-0122,professional,SYN-FACE-02,nose,0.34542600699011783
SYN-P-0122,professional,SYN-FACE-02,mouth,0.20928308162403564
SYN-P-0122,professional,SYN-FACE-02,other,0.050025024544766664
SYN-P-0122,professional,SYN-FACE-03,left_eye,0.34998541130747346
SYN-P-0122,professional,SYN-FACE-03,right_eye,0.4123736447917601
SYN-P-0122,professional,SYN-FACE-03,nose,0.0
SYN-P-0122,professional,SYN-FACE-03,mouth,0.18819096164262372
SYN-P-0122,professional,SYN-FACE-03,other,0.04944998225814269
SYN-P-0123,professional,SYN-FACE-01,left_eye,0.31861952560607654
SYN-P-0123,professional,SYN-FACE-01,right_eye,0.42726497969361515
SYN-P-0123,professional,SYN-FACE-01,nose,0.11046780533622923
SYN-P-0123,professional,SYN-FACE-01,mouth,0.09674221297641694
SYN-P-0123,professional,SYN-FACE-01,other,0.04690547638766211
SYN-P-0123,professional,SYN-FACE-02,left_eye,0.07727752738515394
SYN-P-0123,professional,SYN-FACE-02,right_eye,0.12188519405811624
SYN-P-0123,professional,SYN-FACE-02,nose,0.28493011158712256
SYN-P-0123,professional,SYN-FACE-02,mouth,0.48408872047135126
SYN-P-0123,professional,SYN-FACE-02,other,0.031818446498255944
SYN-P-0123,professional,SYN-FACE-03,left_eye,0.13954700142207827
SYN-P-0123,professional,SYN-FACE-03,right_eye,0.26688386109794165
SYN-P-0123,professional,SYN-FACE-03,nose,0.29522904619025897
SYN-P-0123,professional,SYN-FACE-03,mouth,0.18459522389060548
SYN-P-0123,professional,SYN-FACE-03,other,0.11374486739911564
SYN-P-0124,professional,SYN-FACE-01,left_eye,0.3627128629645452
SYN-P-0124,professional,SYN-FACE-01,right_eye,0.31843981972775903
SYN-P-0124,professional,SYN-FACE-01,nose,0.04822640943304785
SYN-P-0124,professional,SYN-FACE-01,mouth,0.17404455658315518
SYN-P-0124,professional,SYN-FACE-01,other,0.09657635129149275
SYN-P-0124,professional,SYN-FACE-02,left_eye,0.24857399885362327
SYN-P-0124,professional,SYN-FACE-02,right_eye,0.17567731813172657
SYN-P-0124,professional,SYN-FACE-02,nose,0.36126148613542985
SYN-P-0124,professional,SYN-FACE-02,mouth,0.07420068501313971
SYN-P-0124,professional,SYN-FACE-02,other,0.14028651186608063
SYN-P-0124,professional,SYN-FACE-03,left_eye,0.2921291890903581
SYN-P-0124,professional,SYN-FACE-03,right_eye,0.13841970389633768
SYN-P-0124,professional,SYN-FACE-03,nose,0.16377488331039003
SYN-P-0124,professional,SYN-FACE-03,mouth,0.1679919580198023
SYN-P-0124,professional,SYN-FACE-03,other,0.23768426568311196
SYN-P-0125,professional,SYN-FACE-01,left_eye,0.15232271687479665
SYN-P-0125,professional,SYN-FACE-01,right_eye,0.37499892985763283
SYN-P-0125,professional,SYN-FACE-01,nose,0.1705891178859513
SYN-P-0125,professional,SYN-FACE-01,mouth,0.21526627329836115
SYN-P-0125,professional,SYN-FACE-01,other,0.08682296208325802
SYN-P-0125,professional,SYN-FACE-02,left_eye,0.04935299307080906
SYN-P-0125,professional,SYN-FACE-02,right_eye,0.4552941435728561
SYN-P-0125,professional,SYN-FACE-02,nose,0.05127300356811905
SYN-P-0125,professional,SYN-FACE-02,mouth,0.2686476996745315
SYN-P-0125,professional,SYN-FACE-02,other,0.1754321601136843
SYN-P-0125,professional,SYN-FACE-03,left_eye,0.25703197865912225
SYN-P-0125,professional,SYN-FACE-03,right_eye,0.2674363790589821
SYN-P-0125,professional,SYN-FACE-03,nose,0.2132209152004718
SYN-P-0125,professional,SYN-FACE-03,mouth,0.054855819384069714
SYN-P-0125,professional,SYN-FACE-03,other,0.20745490769735409
SYN-P-0126,professional,SYN-FACE-01,left_eye,0.19678020804569435
SYN-P-0126,professional,SYN-FACE-01,right_eye,0.3359138658001262
SYN-P-0126,professional,SYN-FACE-01,nose,0.15757795288666815
SYN-P-0126,professional,SYN-FACE-01,mouth,0.17931577231376217
SYN-P-0126,professional,SYN-FACE-01,other,0.1304122009537492
SYN-P-0126,professional,SYN-FACE-02,left_eye,0.12497842010403602
SYN-P-0126,professional,SYN-FACE-02,right_eye,0.29076857475605206
SYN-P-0126,professional,SYN-FACE-02,nose,0.2553960237363648
SYN-P-0126,professional,SYN-FACE-02,mouth,0.29280477094975704
SYN-P-0126,professional,SYN-FACE-02,other,0.036052210453790076
SYN-P-0126,professional,SYN-FACE-03,left_eye,0.16649077593562214
SYN-P-0126,professional,SYN-FACE-03,right_eye,0.21670061815321973
SYN-P-0126,professional,SYN-FACE-03,nose,0.204288362993743
SYN-P-0126,professional,SYN-FACE-03,mouth,0.32873431743135756
SYN-P-0126,professional,SYN-FACE-03,other,0.08378592548605754
SYN-P-0127,professional,SYN-FACE-01,left_eye,0.21092259043275952
SYN-P-0127,professional,SYN-FACE-01,right_eye,0.31338948188768784
SYN-P-0127,professional,SYN-FACE-01,nose,0.10010151549275483
SYN-P-0127,professional,SYN-FACE-01,mouth,0.27241057143852354
SYN-P-0127,professional,SYN-FACE-01,other,0.10317584074827432
SYN-P-0127,professional,SYN-FACE-02,left_eye,0.1427876985355587
SYN-P-0127,professional,SYN-FACE-02,right_eye,0.199851014190644
SYN-P-0127,professional,SYN-FACE-02,nose,0.30346665351623453
SYN-P-0127,professional,SYN-FACE-02,mouth,0.29906429338869706
SYN-P-0127,professional,SYN-FACE-02,other,0.05483034036886565
SYN-P-0127,professional,SYN-FACE-03,left_eye,0.20029855270433577
SYN-P-0127,professional,SYN-FACE-03,right_eye,0.2214035155992178
SYN-P-0127,professional,SYN-FACE-03,nose,0.3689686702938939
SYN-P-0127,professional,SYN-FACE-03,mouth,0.12178116534862016
SYN-P-0127,professional,SYN-FACE-03,other,0.08754809605393242
SYN-P-0128,professional,SYN-FACE-01,left_eye,0.1898115324810493
SYN-P-0128,professional,SYN-FACE-01,right_eye,0.11854540997425729
SYN-P-0128,professional,SYN-FACE-01,nose,0.3629358069051163
SYN-P-0128,professional,SYN-FACE-01,mouth,0.3062911564210915
SYN-P-0128,professional,SYN-FACE-01,other,0.022416094218485588
SYN-P-0128,professional,SYN-FACE-02,left_eye,0.29780957417095305
SYN-P-0128,professional,SYN-FACE-02,right_eye,0.10494291741002958
SYN-P-0128,professional,SYN-FACE-02,nose,0.17653479500148256
SYN-P-0128,professional,SYN-FACE-02,mouth,0.3519013985962455
SYN-P-0128,professional,SYN-FACE-02,other,0.0688113148212894
SYN-P-0128,professional,SYN-FACE-03,left_eye,0.33504153780437484
SYN-P-0128,professional,SYN-FACE-03,right_eye,0.14807897115858615
SYN-P-0128,professional,SYN-FACE-03,nose,0.3053046375867788
SYN-P-0128,professional,SYN-FACE-03,mouth,0.21157485345026025
SYN-P-0128,professional,SYN-FACE-03,other,0.0
SYN-P-0129,professional,SYN-FACE-01,left_eye,0.27600036160805025
SYN-P-0129,professional,SYN-FACE-01,right_eye,0.13768026390320937
SYN-P-0129,professional,SYN-FACE-01,nose,0.16047633254872581
SYN-P-0129,professional,SYN-FACE-01,mouth,0.3624259930926056
SYN-P-0129,professional,SYN-FACE-01,other,0.06341704884740886
SYN-P-0129,professional,SYN-FACE-02,left_eye,0.20052441240769103
SYN-P-0129,professional,SYN-FACE-02,right_eye,0.30674542508284064
SYN-P-0129,professional,SYN-FACE-02,nose,0.1909828903935362
SYN-P-0129,professional,SYN-FACE-02,mouth,0.2517452049676128
SYN-P-0129,professional,SYN-FACE-02,other,0.05000206714831924
SYN-P-0129,professional,SYN-FACE-03,left_eye,0.16675896712657395
SYN-P-0129,professional,SYN-FACE-03,right_eye,0.19143836140658926
SYN-P-0129,professional,SYN-FACE-03,nose,0.3248367528042491
SYN-P-0129,professional,SYN-FACE-03,mouth,0.24003697937256438
SYN-P-0129,professional,SYN-FACE-03,other,0.07692893929002331
SYN-P-0130,professional,SYN-FACE-01,left_eye,0.3678876975240385
SYN-P-0130,professional,SYN-FACE-01,right_eye,0.3035697536413951
SYN-P-0130,professional,SYN-FACE-01,nose,0.08296570423169385
SYN-P-0130,professional,SYN-FACE-01,mouth,0.18369246595509137
SYN-P-0130,professional,SYN-FACE-01,other,0.06188437864778116
SYN-P-0130,professional,SYN-FACE-02,left_eye,0.23540869563279296
SYN-P-0130,professional,SYN-FACE-02,right_eye,0.44949965841344974
SYN-P-0130,professional,SYN-FACE-02,nose,0.17311833068346574
SYN-P-0130,professional,SYN-FACE-02,mouth,0.06416107906782063
SYN-P-0130,professional,SYN-FACE-02,other,0.0778122362024709
SYN-P-0130,professional,SYN-FACE-03,left_eye,0.2058315776952351
SYN-P-0130,professional,SYN-FACE-03,right_eye,0.27692691873208586
SYN-P-0130,professional,SYN-FACE-03,nose,0.10625804716196323
SYN-P-0130,professional,SYN-FACE-03,mouth,0.3142229264824151
SYN-P-0130,professional,SYN-FACE-03,other,0.09676052992830064
SYN-P-0131,professional,SYN-FACE-01,left_eye,0.35897053327185535
SYN-P-0131,professional,SYN-FACE-01,right_eye,0.21327094480634382
SYN-P-0131,professional,SYN-FACE-01,nose,0.20805262676279784
SYN-P-0131,professional,SYN-FACE-01,mouth,0.162572258799913
SYN-P-0131,professional,SYN-FACE-01,other,0.057133636359089926
SYN-P-0131,professional,SYN-FACE-02,left_eye,0.3513899419116375
SYN-P-0131,professional,SYN-FACE-02,right_eye,0.09699513260189016
SYN-P-0131,professional,SYN-FACE-02,nose,0.16495906496080434
SYN-P-0131,professional,SYN-FACE-02,mouth,0.3618605318870425
SYN-P-0131,professional,SYN-FACE-02,other,0.02479532863862542
SYN-P-0131,professional,SYN-FACE-03,left_eye,0.26332219230613735
SYN-P-0131,professional,SYN-FACE-03,right_eye,0.11167911285200018
SYN-P-0131,professional,SYN-FACE-03,nose,0.46029544526006894
SYN-P-0131,professional,SYN-FACE-03,mouth,0.0
SYN-P-0131,professional,SYN-FACE-03,other,0.16470324958179344
SYN-P-0132,professional,SYN-FACE-01,left_eye,0.2546672197906067
SYN-P-0132,professional,SYN-FACE-01,right_eye,0.34383954423467866
SYN-P-0132,professional,SYN-FACE-01,nose,0.27737201664281097
SYN-P-0132,professional,SYN-FACE-01,mouth,0.1241212193319036
SYN-P-0132,professional,SYN-FACE-01,other,0.0
SYN-P-0132,professional,SYN-FACE-02,left_eye,0.2526457952965478
SYN-P-0132,professional,SYN-FACE-02,right_eye,0.2629076174217156
SYN-P-0132,professional,SYN-FACE-02,nose,0.0
SYN-P-0132,professional,SYN-FACE-02,mouth,0.4411292764188269
SYN-P-0132,professional,SYN-FACE-02,other,0.0433173108629096
SYN-P-0132,professional,SYN-FACE-03,left_eye,0.2435095698389375
SYN-P-0132,professional,SYN-FACE-03,right_eye,0.30882202579860146
SYN-P-0132,professional,SYN-FACE-03,nose,0.1758898544232026
SYN-P-0132,professional,SYN-FACE-03,mouth,0.21598187714738895
SYN-P-0132,professional,SYN-FACE-03,other,0.05579667279186953
SYN-P-0133,professional,SYN-FACE-01,left_eye,0.14506462111038645
SYN-P-0133,professional,SYN-FACE-01,right_eye,0.32207364763824037
SYN-P-0133,professional,SYN-FACE-01,nose,0.31328281790908824
SYN-P-0133,professional,SYN-FACE-01,mouth,0.16222720026710927
SYN-P-0133,professional,SYN-FACE-01,other,0.057351713075175594
SYN-P-0133,professional,SYN-FACE-02,left_eye,0.35843462242835566
SYN-P-0133,professional,SYN-FACE-02,right_eye,0.2122592108415686
SYN-P-0133,professional,SYN-FACE-02,nose,0.2974319511816426
SYN-P-0133,professional,SYN-FACE-02,mouth,0.1318742155484331
SYN-P-0133,professional,SYN-FACE-02,other,0.0
SYN-P-0133,professional,SYN-FACE-03,left_eye,0.20214565881415036
SYN-P-0133,professional,SYN-FACE-03,right_eye,0.19309541345635783
SYN-P-0133,professional,SYN-FACE-03,nose,0.2752163912403946
SYN-P-0133,professional,SYN-FACE-03,mouth,0.24216295833091842
SYN-P-0133,professional,SYN-FACE-03,other,0.08737957815817872
SYN-P-0134,professional,SYN-FACE-01,left_eye,0.10821439346733941
SYN-P-0134,professional,SYN-FACE-01,right_eye,0.24619699312401377
SYN-P-0134,professional,SYN-FACE-01,nose,0.1356176898495067
SYN-P-0134,professional,SYN-FACE-01,mouth,0.31492598656372367
SYN-P-0134,professional,SYN-FACE-01,other,0.19504493699541642
SYN-P-0134,professional,SYN-FACE-02,left_eye,0.15789909968096882
SYN-P-0134,professional,SYN-FACE-02,right_eye,0.1456331228633773
SYN-P-0134,professional,SYN-FACE-02,nose,0.0598938241153746
SYN-P-0134,professional,SYN-FACE-02,mouth,0.5249986971091599
SYN-P-0134,professional,SYN-FACE-02,other,0.11157525623111944
SYN-P-0134,professional,SYN-FACE-03,left_eye,0.3027549172577505
SYN-P-0134,professional,SYN-FACE-03,right_eye,0.14250792097365877
SYN-P-0134,professional,SYN-FACE-03,nose,0.2351255460316266
SYN-P-0134,professional,SYN-FACE-03,mouth,0.28249337234500693
SYN-P-0134,professional,SYN-FACE-03,other,0.037118243391957115
SYN-P-0135,professional,SYN-FACE-01,left_eye,0.4827906866222573
SYN-P-0135,professional,SYN-FACE-01,right_eye,0.10378925517124915
SYN-P-0135,professional,SYN-FACE-01,nose,0.1665679358292794
SYN-P-0135,professional,SYN-FACE-01,mouth,0.20854538256042704
SYN-P-0135,professional,SYN-FACE-01,other,0.03830673981678708
SYN-P-0135,professional,SYN-FACE-02,left_eye,0.19760539909252012
SYN-P-0135,professional,SYN-FACE-02,right_eye,0.2649053279079217
SYN-P-0135,professional,SYN-FACE-02,nose,0.16085173739367095
SYN-P-0135,professional,SYN-FACE-02,mouth,0.2761296337851768
SYN-P-0135,professional,SYN-FACE-02,other,0.1005079018207104
SYN-P-0135,professional,SYN-FACE-03,left_eye,0.3430874802627311
SYN-P-0135,professional,SYN-FACE-03,right_eye,0.13640365686303588
SYN-P-0135,professional,SYN-FACE-03,nose,0.08276404716088331
SYN-P-0135,professional,SYN-FACE-03,mouth,0.3561798507628515
SYN-P-0135,professional,SYN-FACE-03,other,0.08156496495049811
SYN-P-0136,professional,SYN-FACE-01,left_eye,0.12740193002384728
SYN-P-0136,professional,SYN-FACE-01,right_eye,0.4051870592358305
SYN-P-0136,professional,SYN-FACE-01,nose,0.14394823858381317
SYN-P-0136,professional,SYN-FACE-01,mouth,0.32346277215650904
SYN-P-0136,professional,SYN-FACE-01,other,0.0
SYN-P-0136,professional,SYN-FACE-02,left_eye,0.1370665419435874
SYN-P-0136,professional,SYN-FACE-02,right_eye,0.29461574548198877
SYN-P-0136,professional,SYN-FACE-02,nose,0.027712570870961878
SYN-P-0136,professional,SYN-FACE-02,mouth,0.39431957155384734
SYN-P-0136,professional,SYN-FACE-02,other,0.14628557014961457
SYN-P-0136,professional,SYN-FACE-03,left_eye,0.5303752335343616
SYN-P-0136,professional,SYN-FACE-03,right_eye,0.15929632323521276
SYN-P-0136,professional,SYN-FACE-03,nose,0.0
SYN-P-0136,professional,SYN-FACE-03,mouth,0.2514963229635524
SYN-P-0136,professional,SYN-FACE-03,other,0.05883212026687331
SYN-P-0137,professional,SYN-FACE-01,left_eye,0.22583695456785224
SYN-P-0137,professional,SYN-FACE-01,right_eye,0.12960709226736788
SYN-P-0137,professional,SYN-FACE-01,nose,0.15839533371365014
SYN-P-0137,professional,SYN-FACE-01,mouth,0.3633519623228351
SYN-P-0137,professional,SYN-FACE-01,other,0.1228086571282947
SYN-P-0137,professional,SYN-FACE-02,left_eye,0.26880719181137724
SYN-P-0137,professional,SYN-FACE-02,right_eye,0.11194940684170121
SYN-P-0137,professional,SYN-FACE-02,nose,0.082178044560958
SYN-P-0137,professional,SYN-FACE-02,mouth,0.43936807165012975
SYN-P-0137,professional,SYN-FACE-02,other,0.09769728513583374
SYN-P-0137,professional,SYN-FACE-03,left_eye,0.28791937822023295
SYN-P-0137,professional,SYN-FACE-03,right_eye,0.12674622935194346
SYN-P-0137,professional,SYN-FACE-03,nose,0.30989521119657654
SYN-P-0137,professional,SYN-FACE-03,mouth,0.20180789454836312
SYN-P-0137,professional,SYN-FACE-03,other,0.07363128668288389
SYN-P-0138,professional,SYN-FACE-01,left_eye,0.2024580333547876
SYN-P-0138,professional,SYN-FACE-01,right_eye,0.3419289991674848
SYN-P-0138,professional,SYN-FACE-01,nose,0.28866751251483375
SYN-P-0138,professional,SYN-FACE-01,mouth,0.13106328204524528
SYN-P-0138,professional,SYN-FACE-01,other,0.035882172917648544
SYN-P-0138,professional,SYN-FACE-02,left_eye,0.19344694944546856
SYN-P-0138,professional,SYN-FACE-02,right_eye,0.2320151757529967
SYN-P-0138,professional,SYN-FACE-02,nose,0.3137128675775849
SYN-P-0138,professional,SYN-FACE-02,mouth,0.10761965730042873
SYN-P-0138,professional,SYN-FACE-02,other,0.15320534992352114
SYN-P-0138,professional,SYN-FACE-03,left_eye,0.2107718398672185
SYN-P-0138,professional,SYN-FACE-03,right_eye,0.3335563459832112
SYN-P-0138,professional,SYN-FACE-03,nose,0.23962924476140804
SYN-P-0138,professional,SYN-FACE-03,mouth,0.1695084654849696
SYN-P-0138,professional,SYN-FACE-03,other,0.04653410390319263
SYN-P-0139,professional,SYN-FACE-01,left_eye,0.08733514747077349
SYN-P-0139,professional,SYN-FACE-01,right_eye,0.31163814169473
SYN-P-0139,professional,SYN-FACE-01,nose,0.2941453840717328
SYN-P-0139,professional,SYN-FACE-01,mouth,0.24534861551428494
SYN-P-0139,professional,SYN-FACE-01,other,0.06153271124847884
SYN-P-0139,professional,SYN-FACE-02,left_eye,0.20672504380378373
SYN-P-0139,professional,SYN-FACE-02,right_eye,0.18548104256363843
SYN-P-0139,professional,SYN-FACE-02,nose,0.10442982380971164
SYN-P-0139,professional,SYN-FACE-02,mouth,0.35389200304038027
SYN-P-0139,professional,SYN-FACE-02,other,0.14947208678248602
SYN-P-0139,professional,SYN-FACE-03,left_eye,0.3413295919273216
SYN-P-0139,professional,SYN-FACE-03,right_eye,0.33741606014567543
SYN-P-0139,professional,SYN-FACE-03,nose,0.15297226177693776
SYN-P-0139,professional,SYN-FACE-03,mouth,0.0765382001536378
SYN-P-0139,professional,SYN-FACE-03,other,0.09174388599642738
SYN-P-0140,professional,SYN-FACE-01,left_eye,0.37753056941582486
SYN-P-0140,professional,SYN-FACE-01,right_eye,0.06921465424604284
SYN-P-0140,professional,SYN-FACE-01,nose,0.17156693030523112
SYN-P-0140,professional,SYN-FACE-01,mouth,0.3148188113470091
SYN-P-0140,professional,SYN-FACE-01,other,0.06686903468589207
SYN-P-0140,professional,SYN-FACE-02,left_eye,0.15017006850911419
SYN-P-0140,professional,SYN-FACE-02,right_eye,0.11333049210011736
SYN-P-0140,professional,SYN-FACE-02,nose,0.21807301594532594
SYN-P-0140,professional,SYN-FACE-02,mouth,0.467754310440607
SYN-P-0140,professional,SYN-FACE-02,other,0.05067211300483545
SYN-P-0140,professional,SYN-FACE-03,left_eye,0.5219847268137153
SYN-P-0140,professional,SYN-FACE-03,right_eye,0.187466809735788
SYN-P-0140,professional,SYN-FACE-03,nose,0.1446195581887731
SYN-P-0140,professional,SYN-FACE-03,mouth,0.14592890526172356
SYN-P-0140,professional,SYN-FACE-03,other,0.0
SYN-P-0141,professional,SYN-FACE-01,left_eye,0.3773947837109916
SYN-P-0141,professional,SYN-FACE-01,right_eye,0.3202225620768951
SYN-P-0141,professional,SYN-FACE-01,nose,0.05328875491445815
SYN-P-0141,professional,SYN-FACE-01,mouth,0.22139505224962153
SYN-P-0141,professional,SYN-FACE-01,other,0.02769884704803367
SYN-P-0141,professional,SYN-FACE-02,left_eye,0.26503424540237447
SYN-P-0141,professional,SYN-FACE-02,right_eye,0.4241893842951644
SYN-P-0141,professional,SYN-FACE-02,nose,0.18984845596309852
SYN-P-0141,professional,SYN-FACE-02,mouth,0.1209279143393626
SYN-P-0141,professional,SYN-FACE-02,other,0.0
SYN-P-0141,professional,SYN-FACE-03,left_eye,0.3298907742072203
SYN-P-0141,professional,SYN-FACE-03,right_eye,0.2442330539421418
SYN-P-0141,professional,SYN-FACE-03,nose,0.15275406118375237
SYN-P-0141,professional,SYN-FACE-03,mouth,0.2189733836802539
SYN-P-0141,professional,SYN-FACE-03,other,0.054148726986631715
SYN-P-0142,professional,SYN-FACE-01,left_eye,0.4293879968559321
SYN-P-0142,professional,SYN-FACE-01,right_eye,0.15593233934446407
SYN-P-0142,professional,SYN-FACE-01,nose,0.13520806348889888
SYN-P-0142,professional,SYN-FACE-01,mouth,0.1830724527609029
SYN-P-0142,professional,SYN-FACE-01,other,0.09639914754980199
SYN-P-0142,professional,SYN-FACE-02,left_eye,0.0920581212833327
SYN-P-0142,professional,SYN-FACE-02,right_eye,0.35087329813273915
SYN-P-0142,professional,SYN-FACE-02,nose,0.2602320600943776
SYN-P-0142,professional,SYN-FACE-02,mouth,0.1514457563712205
SYN-P-0142,professional,SYN-FACE-02,other,0.14539076411833002
SYN-P-0142,professional,SYN-FACE-03,left_eye,0.30762548870311834
SYN-P-0142,professional,SYN-FACE-03,right_eye,0.23615980347167967
SYN-P-0142,professional,SYN-FACE-03,nose,0.27147890754074583
SYN-P-0142,professional,SYN-FACE-03,mouth,0.1549746113637502
SYN-P-0142,professional,SYN-FACE-03,other,0.02976118892070601
SYN-P-0143,professional,SYN-FACE-01,left_eye,0.2049454614998869
SYN-P-0143,professional,SYN-FACE-01,right_eye,0.19562966603778018
SYN-P-0143,professional,SYN-FACE-01,nose,0.31224223646469235
SYN-P-0143,professional,SYN-FACE-01,mouth,0.2671765218290208
SYN-P-0143,professional,SYN-FACE-01,other,0.020006114168619842
SYN-P-0143,professional,SYN-FACE-02,left_eye,0.24993202322130545
SYN-P-0143,professional,SYN-FACE-02,right_eye,0.09531349881104999
SYN-P-0143,professional,SYN-FACE-02,nose,0.3513237456674189
SYN-P-0143,professional,SYN-FACE-02,mouth,0.30343073230022566
SYN-P-0143,professional,SYN-FACE-02,other,0.0
SYN-P-0143,professional,SYN-FACE-03,left_eye,0.11184450795004867
SYN-P-0143,professional,SYN-FACE-03,right_eye,0.3817700243737014
SYN-P-0143,professional,SYN-FACE-03,nose,0.29019774660900954
SYN-P-0143,professional,SYN-FACE-03,mouth,0.15667966431929112
SYN-P-0143,professional,SYN-FACE-03,other,0.059508056747949255
SYN-P-0144,professional,SYN-FACE-01,left_eye,0.36643694820900563
SYN-P-0144,professional,SYN-FACE-01,right_eye,0.23913172864757123
SYN-P-0144,professional,SYN-FACE-01,nose,0.2350314127272548
SYN-P-0144,professional,SYN-FACE-01,mouth,0.08020402879952739
SYN-P-0144,professional,SYN-FACE-01,other,0.07919588161664083
SYN-P-0144,professional,SYN-FACE-02,left_eye,0.2569895870138929
SYN-P-0144,professional,SYN-FACE-02,right_eye,0.06927043390456289
SYN-P-0144,professional,SYN-FACE-02,nose,0.18633898539444207
SYN-P-0144,professional,SYN-FACE-02,mouth,0.4874009936871022
SYN-P-0144,professional,SYN-FACE-02,other,0.0
SYN-P-0144,professional,SYN-FACE-03,left_eye,0.43501557531674506
SYN-P-0144,professional,SYN-FACE-03,right_eye,0.07608463396793741
SYN-P-0144,professional,SYN-FACE-03,nose,0.3018310756101175
SYN-P-0144,professional,SYN-FACE-03,mouth,0.08353275718367655
SYN-P-0144,professional,SYN-FACE-03,other,0.10353595792152338
SYN-P-0145,professional,SYN-FACE-01,left_eye,0.4068750827910683
SYN-P-0145,professional,SYN-FACE-01,right_eye,0.24706217911747283
SYN-P-0145,professional,SYN-FACE-01,nose,0.13207938575025183
SYN-P-0145,professional,SYN-FACE-01,mouth,0.11911752035786426
SYN-P-0145,professional,SYN-FACE-01,other,0.0948658319833428
SYN-P-0145,professional,SYN-FACE-02,left_eye,0.0296693378794589
SYN-P-0145,professional,SYN-FACE-02,right_eye,0.18194590584595807
SYN-P-0145,professional,SYN-FACE-02,nose,0.36780672153189176
SYN-P-0145,professional,SYN-FACE-02,mouth,0.3580021180664138
SYN-P-0145,professional,SYN-FACE-02,other,0.06257591667627752
SYN-P-0145,professional,SYN-FACE-03,left_eye,0.28033434405831054
SYN-P-0145,professional,SYN-FACE-03,right_eye,0.1398349521378729
SYN-P-0145,professional,SYN-FACE-03,nose,0.22240958189951557
SYN-P-0145,professional,SYN-FACE-03,mouth,0.20923051631915981
SYN-P-0145,professional,SYN-FACE-03,other,0.14819060558514124
SYN-P-0146,professional,SYN-FACE-01,left_eye,0.19026100122380335
SYN-P-0146,professional,SYN-FACE-01,right_eye,0.30994031411243805
SYN-P-0146,professional,SYN-FACE-01,nose,0.24647881030213942
SYN-P-0146,professional,SYN-FACE-01,mouth,0.13806210468475744
SYN-P-0146,professional,SYN-FACE-01,other,0.11525776967686176
SYN-P-0146,professional,SYN-FACE-02,left_eye,0.2914584819160292
SYN-P-0146,professional,SYN-FACE-02,right_eye,0.22858153127371295
SYN-P-0146,professional,SYN-FACE-02,nose,0.06177952374586638
SYN-P-0146,professional,SYN-FACE-02,mouth,0.37585193225480373
SYN-P-0146,professional,SYN-FACE-02,other,0.04232853080958773
SYN-P-0146,professional,SYN-FACE-03,left_eye,0.25923628601177484
SYN-P-0146,professional,SYN-FACE-03,right_eye,0.16166627440798653
SYN-P-0146,professional,SYN-FACE-03,nose,0.21089583121608307
SYN-P-0146,professional,SYN-FACE-03,mouth,0.20014518240555906
SYN-P-0146,professional,SYN-FACE-03,other,0.16805642595859657
SYN-P-0147,professional,SYN-FACE-01,left_eye,0.3643820984365583
SYN-P-0147,professional,SYN-FACE-01,right_eye,0.28358635173094515
SYN-P-0147,professional,SYN-FACE-01,nose,0.17465026149501023
SYN-P-0147,professional,SYN-FACE-01,mouth,0.14635581655643834
SYN-P-0147,professional,SYN-FACE-01,other,0.03102547178104797
SYN-P-0147,professional,SYN-FACE-02,left_eye,0.29409715861947955
SYN-P-0147,professional,SYN-FACE-02,right_eye,0.153602228544868
SYN-P-0147,professional,SYN-FACE-02,nose,0.191133381782555
SYN-P-0147,professional,SYN-FACE-02,mouth,0.3611672310530974
SYN-P-0147,professional,SYN-FACE-02,other,0.0
SYN-P-0147,professional,SYN-FACE-03,left_eye,0.32536421746568417
SYN-P-0147,professional,SYN-FACE-03,right_eye,0.23359212791506723
SYN-P-0147,professional,SYN-FACE-03,nose,0.10978703598040163
SYN-P-0147,professional,SYN-FACE-03,mouth,0.27385686830704575
SYN-P-0147,professional,SYN-FACE-03,other,0.05739975033180135
SYN-P-0148,professional,SYN-FACE-01,left_eye,0.46371400080213404
SYN-P-0148,professional,SYN-FACE-01,right_eye,0.2577382094124845
SYN-P-0148,professional,SYN-FACE-01,nose,0.12169846885964473
SYN-P-0148,professional,SYN-FACE-01,mouth,0.08207252448280065
SYN-P-0148,professional,SYN-FACE-01,other,0.07477679644293604
SYN-P-0148,professional,SYN-FACE-02,left_eye,0.3530882707613189
SYN-P-0148,professional,SYN-FACE-02,right_eye,0.12432337647778147
SYN-P-0148,professional,SYN-FACE-02,nose,0.1340479046714795
SYN-P-0148,professional,SYN-FACE-02,mouth,0.3885404480894202
SYN-P-0148,professional,SYN-FACE-02,other,0.0
SYN-P-0148,professional,SYN-FACE-03,left_eye,0.26372036776597485
SYN-P-0148,professional,SYN-FACE-03,right_eye,0.38891277402935764
SYN-P-0148,professional,SYN-FACE-03,nose,0.10490793018295828
SYN-P-0148,professional,SYN-FACE-03,mouth,0.1136075477631676
SYN-P-0148,professional,SYN-FACE-03,other,0.1288513802585416
SYN-P-0149,professional,SYN-FACE-01,left_eye,0.23107673173210602
SYN-P-0149,professional,SYN-FACE-01,right_eye,0.05326247851710634
SYN-P-0149,professional,SYN-FACE-01,nose,0.3714641156019056
SYN-P-0149,professional,SYN-FACE-01,mouth,0.3071791367631347
SYN-P-0149,professional,SYN-FACE-01,other,0.037017537385747326
SYN-P-0149,professional,SYN-FACE-02,left_eye,0.08643368296560658
SYN-P-0149,professional,SYN-FACE-02,right_eye,0.3000096605020398
SYN-P-0149,professional,SYN-FACE-02,nose,0.3018374547709611
SYN-P-0149,professional,SYN-FACE-02,mouth,0.23126898530313197
SYN-P-0149,professional,SYN-FACE-02,other,0.08045021645826061
SYN-P-0149,professional,SYN-FACE-03,left_eye,0.25015392034319606
SYN-P-0149,professional,SYN-FACE-03,right_eye,0.20379900605019832
SYN-P-0149,professional,SYN-FACE-03,nose,0.21168513877717202
SYN-P-0149,professional,SYN-FACE-03,mouth,0.25596303332211634
SYN-P-0149,professional,SYN-FACE-03,other,0.07839890150731718
SYN-P-0150,professional,SYN-FACE-01,left_eye,0.20118627840050166
SYN-P-0150,professional,SYN-FACE-01,right_eye,0.17199420142644253
SYN-P-0150,professional,SYN-FACE-01,nose,0.24694773668779357
SYN-P-0150,professional,SYN-FACE-01,mouth,0.2978314191895256
SYN-P-0150,professional,SYN-FACE-01,other,0.08204036429573652
SYN-P-0150,professional,SYN-FACE-02,left_eye,0.09410634321668523
SYN-P-0150,professional,SYN-FACE-02,right_eye,0.1882523114140315
SYN-P-0150,professional,SYN-FACE-02,nose,0.3063413452754301
SYN-P-0150,professional,SYN-FACE-02,mouth,0.2354678643592739
SYN-P-0150,professional,SYN-FACE-02,other,0.17583213573457926
SYN-P-0150,professional,SYN-FACE-03,left_eye,0.2584326890743401
SYN-P-0150,professional,SYN-FACE-03,right_eye,0.17765528746456802
SYN-P-0150,professional,SYN-FACE-03,nose,0.16689181963881972
SYN-P-0150,professional,SYN-FACE-03,mouth,0.25513883050421304
SYN-P-0150,professional,SYN-FACE-03,other,0.1418813733180591
SYN-P-0151,professional,SYN-FACE-01,left_eye,0.317655713474045
SYN-P-0151,professional,SYN-FACE-01,right_eye,0.23350700083777817
SYN-P-0151,professional,SYN-FACE-01,nose,0.16645649852094194
SYN-P-0151,professional,SYN-FACE-01,mouth,0.15443560709173287
SYN-P-0151,professional,SYN-FACE-01,other,0.12794518007550207
SYN-P-0151,professional,SYN-FACE-02,left_eye,0.0696475096860612
SYN-P-0151,professional,SYN-FACE-02,right_eye,0.2920844878683251
SYN-P-0151,professional,SYN-FACE-02,nose,0.231318222301904
SYN-P-0151,professional,SYN-FACE-02,mouth,0.3628739885002074
SYN-P-0151,professional,SYN-FACE-02,other,0.04407579164350236
SYN-P-0151,professional,SYN-FACE-03,left_eye,0.39702724047893906
SYN-P-0151,professional,SYN-FACE-03,right_eye,0.1282542642971927
SYN-P-0151,professional,SYN-FACE-03,nose,0.06256157455036099
SYN-P-0151,professional,SYN-FACE-03,mouth,0.3787746698459836
SYN-P-0151,professional,SYN-FACE-03,other,0.03338225082752358
SYN-P-0152,professional,SYN-FACE-01,left_eye,0.16880630874134167
SYN-P-0152,professional,SYN-FACE-01,right_eye,0.34146405043608724
SYN-P-0152,professional,SYN-FACE-01,nose,0.03772306856920129
SYN-P-0152,professional,SYN-FACE-01,mouth,0.4520065722533697
SYN-P-0152,professional,SYN-FACE-01,other,0.0
SYN-P-0152,professional,SYN-FACE-02,left_eye,0.16201273353561446
SYN-P-0152,professional,SYN-FACE-02,right_eye,0.18852923492553067
SYN-P-0152,professional,SYN-FACE-02,nose,0.1415772111657549
SYN-P-0152,professional,SYN-FACE-02,mouth,0.47538310399609446
SYN-P-0152,professional,SYN-FACE-02,other,0.032497716377005555
SYN-P-0152,professional,SYN-FACE-03,left_eye,0.40389463251292956
SYN-P-0152,professional,SYN-FACE-03,right_eye,0.24965272331020938
SYN-P-0152,professional,SYN-FACE-03,nose,0.11231721032307174
SYN-P-0152,professional,SYN-FACE-03,mouth,0.2051002220361218
SYN-P-0152,professional,SYN-FACE-03,other,0.029035211817667547
SYN-P-0153,professional,SYN-FACE-01,left_eye,0.20574332000553366
SYN-P-0153,professional,SYN-FACE-01,right_eye,0.1553289361666217
SYN-P-0153,professional,SYN-FACE-01,nose,0.14963351713240844
SYN-P-0153,professional,SYN-FACE-01,mouth,0.4226687295848302
SYN-P-0153,professional,SYN-FACE-01,other,0.06662549711060602
SYN-P-0153,professional,SYN-FACE-02,left_eye,0.34903810391004086
SYN-P-0153,professional,SYN-FACE-02,right_eye,0.30251689815425614
SYN-P-0153,professional,SYN-FACE-02,nose,0.21233129987851523
SYN-P-0153,professional,SYN-FACE-02,mouth,0.07729206889404173
SYN-P-0153,professional,SYN-FACE-02,other,0.0588216291631461
SYN-P-0153,professional,SYN-FACE-03,left_eye,0.2914589969086992
SYN-P-0153,professional,SYN-FACE-03,right_eye,0.0370674500371466
SYN-P-0153,professional,SYN-FACE-03,nose,0.31439415669535803
SYN-P-0153,professional,SYN-FACE-03,mouth,0.28280199436321773
SYN-P-0153,professional,SYN-FACE-03,other,0.07427740199557839
SYN-P-0154,professional,SYN-FACE-01,left_eye,0.29596271169935223
SYN-P-0154,professional,SYN-FACE-01,right_eye,0.2237652772278684
SYN-P-0154,professional,SYN-FACE-01,nose,0.20900813377399538
SYN-P-0154,professional,SYN-FACE-01,mouth,0.27126387729878404
SYN-P-0154,professional,SYN-FACE-01,other,0.0
SYN-P-0154,professional,SYN-FACE-02,left_eye,0.24073660835562768
SYN-P-0154,professional,SYN-FACE-02,right_eye,0.11294402813729877
SYN-P-0154,professional,SYN-FACE-02,nose,0.3063115231588527
SYN-P-0154,professional,SYN-FACE-02,mouth,0.3400078403482209
SYN-P-0154,professional,SYN-FACE-02,other,0.0
SYN-P-0154,professional,SYN-FACE-03,left_eye,0.42271300298432296
SYN-P-0154,professional,SYN-FACE-03,right_eye,0.13160375232701885
SYN-P-0154,professional,SYN-FACE-03,nose,0.21592584006715013
SYN-P-0154,professional,SYN-FACE-03,mouth,0.19654136253230234
SYN-P-0154,professional,SYN-FACE-03,other,0.0332160420892057
SYN-P-0155,professional,SYN-FACE-01,left_eye,0.23176783032150042
SYN-P-0155,professional,SYN-FACE-01,right_eye,0.21404487503335753
SYN-P-0155,professional,SYN-FACE-01,nose,0.25773313594649466
SYN-P-0155,professional,SYN-FACE-01,mouth,0.29645415869864733
SYN-P-0155,professional,SYN-FACE-01,other,0.0
SYN-P-0155,professional,SYN-FACE-02,left_eye,0.08915104712111242
SYN-P-0155,professional,SYN-FACE-02,right_eye,0.2923161915282792
SYN-P-0155,professional,SYN-FACE-02,nose,0.22133366587144512
SYN-P-0155,professional,SYN-FACE-02,mouth,0.2998315102774162
SYN-P-0155,professional,SYN-FACE-02,other,0.09736758520174707
SYN-P-0155,professional,SYN-FACE-03,left_eye,0.31985127190140505
SYN-P-0155,professional,SYN-FACE-03,right_eye,0.22254342921937262
SYN-P-0155,professional,SYN-FACE-03,nose,0.2468379772715901
SYN-P-0155,professional,SYN-FACE-03,mouth,0.1766127853871723
SYN-P-0155,professional,SYN-FACE-03,other,0.034154536220459886
SYN-P-0156,professional,SYN-FACE-01,left_eye,0.43918386722486225
SYN-P-0156,professional,SYN-FACE-01,right_eye,0.26759791695346813
SYN-P-0156,professional,SYN-FACE-01,nose,0.13689695654069703
SYN-P-0156,professional,SYN-FACE-01,mouth,0.15632125928097249
SYN-P-0156,professional,SYN-FACE-01,other,0.0
SYN-P-0156,professional,SYN-FACE-02,left_eye,0.17691353326080805
SYN-P-0156,professional,SYN-FACE-02,right_eye,0.2396942690130028
SYN-P-0156,professional,SYN-FACE-02,nose,0.15860760269021465
SYN-P-0156,professional,SYN-FACE-02,mouth,0.4247845950359745
SYN-P-0156,professional,SYN-FACE-02,other,0.0
SYN-P-0156,professional,SYN-FACE-03,left_eye,0.15412189743635424
SYN-P-0156,professional,SYN-FACE-03,right_eye,0.05380672038770194
SYN-P-0156,professional,SYN-FACE-03,nose,0.15733153792546245
SYN-P-0156,professional,SYN-FACE-03,mouth,0.5120223649422172
SYN-P-0156,professional,SYN-FACE-03,other,0.1227174793082642
SYN-P-0157,professional,SYN-FACE-01,left_eye,0.2856843844389971
SYN-P-0157,professional,SYN-FACE-01,right_eye,0.32322694887878206
SYN-P-0157,professional,SYN-FACE-01,nose,0.16944685705526055
SYN-P-0157,professional,SYN-FACE-01,mouth,0.2216418096269603
SYN-P-0157,professional,SYN-FACE-01,other,0.0
SYN-P-0157,professional,SYN-FACE-02,left_eye,0.219853305481948
SYN-P-0157,professional,SYN-FACE-02,right_eye,0.09889083532662889
SYN-P-0157,professional,SYN-FACE-02,nose,0.2466267090150599
SYN-P-0157,professional,SYN-FACE-02,mouth,0.2890243271648463
SYN-P-0157,professional,SYN-FACE-02,other,0.1456048230115169
SYN-P-0157,professional,SYN-FACE-03,left_eye,0.521884867255674
SYN-P-0157,professional,SYN-FACE-03,right_eye,0.08966638667615776
SYN-P-0157,professional,SYN-FACE-03,nose,0.2906612869357493
SYN-P-0157,professional,SYN-FACE-03,mouth,0.06325889176930648
SYN-P-0157,professional,SYN-FACE-03,other,0.0345285673631126
SYN-P-0158,professional,SYN-FACE-01,left_eye,0.2978776197426417
SYN-P-0158,professional,SYN-FACE-01,right_eye,0.2514614023297837
SYN-P-0158,professional,SYN-FACE-01,nose,0.21960188402676678
SYN-P-0158,professional,SYN-FACE-01,mouth,0.0992055441747974
SYN-P-0158,professional,SYN-FACE-01,other,0.13185354972601046
SYN-P-0158,professional,SYN-FACE-02,left_eye,0.1761931136470809
SYN-P-0158,professional,SYN-FACE-02,right_eye,0.2438341071764605
SYN-P-0158,professional,SYN-FACE-02,nose,0.13060945220387457
SYN-P-0158,professional,SYN-FACE-02,mouth,0.29476387500665624
SYN-P-0158,professional,SYN-FACE-02,other,0.15459945196592784
SYN-P-0158,professional,SYN-FACE-03,left_eye,0.24903954045849727
SYN-P-0158,professional,SYN-FACE-03,right_eye,0.32494554388852914
SYN-P-0158,professional,SYN-FACE-03,nose,0.0
SYN-P-0158,professional,SYN-FACE-03,mouth,0.38170640782970344
SYN-P-0158,professional,SYN-FACE-03,other,0.04430850782327006
SYN-P-0159,professional,SYN-FACE-01,left_eye,0.33130882311334986
SYN-P-0159,professional,SYN-FACE-01,right_eye,0.37334032784141463
SYN-P-0159,professional,SYN-FACE-01,nose,0.1050559870036094
SYN-P-0159,professional,SYN-FACE-01,mouth,0.13668586652012604
SYN-P-0159,professional,SYN-FACE-01,other,0.05360899552150005
SYN-P-0159,professional,SYN-FACE-02,left_eye,0.28277433310671446
SYN-P-0159,professional,SYN-FACE-02,right_eye,0.3366424177122102
SYN-P-0159,professional,SYN-FACE-02,nose,0.14277152535099355
SYN-P-0159,professional,SYN-FACE-02,mouth,0.21566177027360525
SYN-P-0159,professional,SYN-FACE-02,other,0.02214995355647656
SYN-P-0159,professional,SYN-FACE-03,left_eye,0.28664059621015553
SYN-P-0159,professional,SYN-FACE-03,right_eye,0.16056409081360926
SYN-P-0159,professional,SYN-FACE-03,nose,0.35895773042170764
SYN-P-0159,professional,SYN-FACE-03,mouth,0.07669265053751331
SYN-P-0159,professional,SYN-FACE-03,other,0.1171449320170143
SYN-P-0160,professional,SYN-FACE-01,left_eye,0.1955808600481498
SYN-P-0160,professional,SYN-FACE-01,right_eye,0.3181816870766014
SYN-P-0160,professional,SYN-FACE-01,nose,0.08417868323651245
SYN-P-0160,professional,SYN-FACE-01,mouth,0.345236182366134
SYN-P-0160,professional,SYN-FACE-01,other,0.0568225872726023
SYN-P-0160,professional,SYN-FACE-02,left_eye,0.34096312799285905
SYN-P-0160,professional,SYN-FACE-02,right_eye,0.23764325287917767
SYN-P-0160,professional,SYN-FACE-02,nose,0.07715671508596268
SYN-P-0160,professional,SYN-FACE-02,mouth,0.3067918943931785
SYN-P-0160,professional,SYN-FACE-02,other,0.03744500964882207
SYN-P-0160,professional,SYN-FACE-03,left_eye,0.3299751457283273
SYN-P-0160,professional,SYN-FACE-03,right_eye,0.18222597044363142
SYN-P-0160,professional,SYN-FACE-03,nose,0.18703938804304646
SYN-P-0160,professional,SYN-FACE-03,mouth,0.27054767664200247
SYN-P-0160,professional,SYN-FACE-03,other,0.030211819142992414
SYN-P-0161,professional,SYN-FACE-01,left_eye,0.02817816723996003
SYN-P-0161,professional,SYN-FACE-01,right_eye,0.3833848921946512
SYN-P-0161,professional,SYN-FACE-01,nose,0.3365381183240597
SYN-P-0161,professional,SYN-FACE-01,mouth,0.10346423993504507
SYN-P-0161,professional,SYN-FACE-01,other,0.14843458230628404
SYN-P-0161,professional,SYN-FACE-02,left_eye,0.06419977616499187
SYN-P-0161,professional,SYN-FACE-02,right_eye,0.08178501733970726
SYN-P-0161,professional,SYN-FACE-02,nose,0.06639726292999455
SYN-P-0161,professional,SYN-FACE-02,mouth,0.630900053604888
SYN-P-0161,professional,SYN-FACE-02,other,0.15671788996041833
SYN-P-0161,professional,SYN-FACE-03,left_eye,0.17815685686792562
SYN-P-0161,professional,SYN-FACE-03,right_eye,0.13453143301793996
SYN-P-0161,professional,SYN-FACE-03,nose,0.4333897269345475
SYN-P-0161,professional,SYN-FACE-03,mouth,0.17626785015965224
SYN-P-0161,professional,SYN-FACE-03,other,0.07765413301993464
SYN-P-0162,professional,SYN-FACE-01,left_eye,0.2996284001692906
SYN-P-0162,professional,SYN-FACE-01,right_eye,0.1883888047122454
SYN-P-0162,professional,SYN-FACE-01,nose,0.2088868100836018
SYN-P-0162,professional,SYN-FACE-01,mouth,0.2084676713357332
SYN-P-0162,professional,SYN-FACE-01,other,0.0946283136991289
SYN-P-0162,professional,SYN-FACE-02,left_eye,0.21738022077764463
SYN-P-0162,professional,SYN-FACE-02,right_eye,0.1862144207880507
SYN-P-0162,professional,SYN-FACE-02,nose,0.21651430521641152
SYN-P-0162,professional,SYN-FACE-02,mouth,0.29220154041940044
SYN-P-0162,professional,SYN-FACE-02,other,0.08768951279849276
SYN-P-0162,professional,SYN-FACE-03,left_eye,0.15099619874509052
SYN-P-0162,professional,SYN-FACE-03,right_eye,0.2732908960603231
SYN-P-0162,professional,SYN-FACE-03,nose,0.30311019251025134
SYN-P-0162,professional,SYN-FACE-03,mouth,0.23220147005910916
SYN-P-0162,professional,SYN-FACE-03,other,0.04040124262522587
SYN-P-0163,professional,SYN-FACE-01,left_eye,0.20381195805474614
SYN-P-0163,professional,SYN-FACE-01,right_eye,0.3630322287825884
SYN-P-0163,professional,SYN-FACE-01,nose,0.19858600803009985
SYN-P-0163,professional,SYN-FACE-01,mouth,0.03613813960384721
SYN-P-0163,professional,SYN-FACE-01,other,0.19843166552871846
SYN-P-0163,professional,SYN-FACE-02,left_eye,0.25164972296626104
SYN-P-0163,professional,SYN-FACE-02,right_eye,0.10959762259773662
SYN-P-0163,professional,SYN-FACE-02,nose,0.2567601247500328
SYN-P-0163,professional,SYN-FACE-02,mouth,0.35720439786465175
SYN-P-0163,professional,SYN-FACE-02,other,0.024788131821317814
SYN-P-0163,professional,SYN-FACE-03,left_eye,0.20444783054650806
SYN-P-0163,professional,SYN-FACE-03,right_eye,0.30229411725388017
SYN-P-0163,professional,SYN-FACE-03,nose,0.27470721012367016
SYN-P-0163,professional,SYN-FACE-03,mouth,0.2185508420759416
SYN-P-0163,professional,SYN-FACE-03,other,0.0
SYN-P-0164,professional,SYN-FACE-01,left_eye,0.1284285367627373
SYN-P-0164,professional,SYN-FACE-01,right_eye,0.40547818203700947
SYN-P-0164,professional,SYN-FACE-01,nose,0.15610752051058233
SYN-P-0164,professional,SYN-FACE-01,mouth,0.23621989705809934
SYN-P-0164,professional,SYN-FACE-01,other,0.07376586363157157
SYN-P-0164,professional,SYN-FACE-02,left_eye,0.40483343285774853
SYN-P-0164,professional,SYN-FACE-02,right_eye,0.10979217715837165
SYN-P-0164,professional,SYN-FACE-02,nose,0.13122704359395512
SYN-P-0164,professional,SYN-FACE-02,mouth,0.20899598442535192
SYN-P-0164,professional,SYN-FACE-02,other,0.14515136196457276
SYN-P-0164,professional,SYN-FACE-03,left_eye,0.28168508589040053
SYN-P-0164,professional,SYN-FACE-03,right_eye,0.09457033766811646
SYN-P-0164,professional,SYN-FACE-03,nose,0.27542151649569485
SYN-P-0164,professional,SYN-FACE-03,mouth,0.2339368467693348
SYN-P-0164,professional,SYN-FACE-03,other,0.11438621317645335
SYN-P-0165,professional,SYN-FACE-01,left_eye,0.23214189486115686
SYN-P-0165,professional,SYN-FACE-01,right_eye,0.1322570930614811
SYN-P-0165,professional,SYN-FACE-01,nose,0.3587336419160216
SYN-P-0165,professional,SYN-FACE-01,mouth,0.2768673701613405
SYN-P-0165,professional,SYN-FACE-01,other,0.0
SYN-P-0165,professional,SYN-FACE-02,left_eye,0.33872365431916734
SYN-P-0165,professional,SYN-FACE-02,right_eye,0.1259872071490263
SYN-P-0165,professional,SYN-FACE-02,nose,0.13669016693614897
SYN-P-0165,professional,SYN-FACE-02,mouth,0.35078964753758207
SYN-P-0165,professional,SYN-FACE-02,other,0.04780932405807522
SYN-P-0165,professional,SYN-FACE-03,left_eye,0.21749727664324145
SYN-P-0165,professional,SYN-FACE-03,right_eye,0.4045963912555387
SYN-P-0165,professional,SYN-FACE-03,nose,0.03368153622032243
SYN-P-0165,professional,SYN-FACE-03,mouth,0.3081173294028232
SYN-P-0165,professional,SYN-FACE-03,other,0.036107466478074245
SYN-P-0166,professional,SYN-FACE-01,left_eye,0.49798120607894397
SYN-P-0166,professional,SYN-FACE-01,right_eye,0.0
SYN-P-0166,professional,SYN-FACE-01,nose,0.3440841837753933
SYN-P-0166,professional,SYN-FACE-01,mouth,0.15793461014566262
SYN-P-0166,professional,SYN-FACE-01,other,0.0
SYN-P-0166,professional,SYN-FACE-02,left_eye,0.2128709524872332
SYN-P-0166,professional,SYN-FACE-02,right_eye,0.15803283862082165
SYN-P-0166,professional,SYN-FACE-02,nose,0.3085845542650193
SYN-P-0166,professional,SYN-FACE-02,mouth,0.32051165462692577
SYN-P-0166,professional,SYN-FACE-02,other,0.0
SYN-P-0166,professional,SYN-FACE-03,left_eye,0.20486841325633814
SYN-P-0166,professional,SYN-FACE-03,right_eye,0.2344403268741202
SYN-P-0166,professional,SYN-FACE-03,nose,0.41190536100536573
SYN-P-0166,professional,SYN-FACE-03,mouth,0.14878589886417587
SYN-P-0166,professional,SYN-FACE-03,other,0.0
SYN-P-0167,professional,SYN-FACE-01,left_eye,0.24017784169498232
SYN-P-0167,professional,SYN-FACE-01,right_eye,0.19668974192185898
SYN-P-0167,professional,SYN-FACE-01,nose,0.26358868955683756
SYN-P-0167,professional,SYN-FACE-01,mouth,0.20055776827671695
SYN-P-0167,professional,SYN-FACE-01,other,0.0989859585496042
SYN-P-0167,professional,SYN-FACE-02,left_eye,0.1507934924543396
SYN-P-0167,professional,SYN-FACE-02,right_eye,0.20895851207093488
SYN-P-0167,professional,SYN-FACE-02,nose,0.2805526467744419
SYN-P-0167,professional,SYN-FACE-02,mouth,0.35969534870028363
SYN-P-0167,professional,SYN-FACE-02,other,0.0
SYN-P-0167,professional,SYN-FACE-03,left_eye,0.20389465172669505
SYN-P-0167,professional,SYN-FACE-03,right_eye,0.14173530627625283
SYN-P-0167,professional,SYN-FACE-03,nose,0.17700930829977077
SYN-P-0167,professional,SYN-FACE-03,mouth,0.44691556498604423
SYN-P-0167,professional,SYN-FACE-03,other,0.030445168711237137
SYN-P-0168,professional,SYN-FACE-01,left_eye,0.24983881408801137
SYN-P-0168,professional,SYN-FACE-01,right_eye,0.12396159257847218
SYN-P-0168,professional,SYN-FACE-01,nose,0.17495312476745137
SYN-P-0168,professional,SYN-FACE-01,mouth,0.3983832870143225
SYN-P-0168,professional,SYN-FACE-01,other,0.052863181551742515
SYN-P-0168,professional,SYN-FACE-02,left_eye,0.3242251666434412
SYN-P-0168,professional,SYN-FACE-02,right_eye,0.19141040423191522
SYN-P-0168,professional,SYN-FACE-02,nose,0.027061811244167573
SYN-P-0168,professional,SYN-FACE-02,mouth,0.4220506587704805
SYN-P-0168,professional,SYN-FACE-02,other,0.03525195910999543
SYN-P-0168,professional,SYN-FACE-03,left_eye,0.303283684380335
SYN-P-0168,professional,SYN-FACE-03,right_eye,0.3933572236526786
SYN-P-0168,professional,SYN-FACE-03,nose,0.09839875167149816
SYN-P-0168,professional,SYN-FACE-03,mouth,0.15128187663511217
SYN-P-0168,professional,SYN-FACE-03,other,0.05367846366037606
SYN-P-0169,professional,SYN-FACE-01,left_eye,0.13974777046334677
SYN-P-0169,professional,SYN-FACE-01,right_eye,0.3849184637108894
SYN-P-0169,professional,SYN-FACE-01,nose,0.07185882813051438
SYN-P-0169,professional,SYN-FACE-01,mouth,0.2715255278831663
SYN-P-0169,professional,SYN-FACE-01,other,0.13194940981208314
SYN-P-0169,professional,SYN-FACE-02,left_eye,0.39029427512879905
SYN-P-0169,professional,SYN-FACE-02,right_eye,0.056380896373885714
SYN-P-0169,professional,SYN-FACE-02,nose,0.16214129505408598
SYN-P-0169,professional,SYN-FACE-02,mouth,0.32993609332517604
SYN-P-0169,professional,SYN-FACE-02,other,0.06124744011805314
SYN-P-0169,professional,SYN-FACE-03,left_eye,0.2841937822430453
SYN-P-0169,professional,SYN-FACE-03,right_eye,0.23194638112784485
SYN-P-0169,professional,SYN-FACE-03,nose,0.227717678952646
SYN-P-0169,professional,SYN-FACE-03,mouth,0.208766059752188
SYN-P-0169,professional,SYN-FACE-03,other,0.0473760979242758
SYN-P-0170,professional,SYN-FACE-01,left_eye,0.06787440411545098
SYN-P-0170,professional,SYN-FACE-01,right_eye,0.2838940511680053
SYN-P-0170,professional,SYN-FACE-01,nose,0.3496170777565655
SYN-P-0170,professional,SYN-FACE-01,mouth,0.1845163586654898
SYN-P-0170,professional,SYN-FACE-01,other,0.1140981082944885
SYN-P-0170,professional,SYN-FACE-02,left_eye,0.2731515641214764
SYN-P-0170,professional,SYN-FACE-02,right_eye,0.09324960966268644
SYN-P-0170,professional,SYN-FACE-02,nose,0.23063793544052585
SYN-P-0170,professional,SYN-FACE-02,mouth,0.2787466061012611
SYN-P-0170,professional,SYN-FACE-02,other,0.12421428467405012
SYN-P-0170,professional,SYN-FACE-03,left_eye,0.2988785794626232
SYN-P-0170,professional,SYN-FACE-03,right_eye,0.3229929459616794
SYN-P-0170,professional,SYN-FACE-03,nose,0.23962413599089813
SYN-P-0170,professional,SYN-FACE-03,mouth,0.11434398504427382
SYN-P-0170,professional,SYN-FACE-03,other,0.024160353540525467
SYN-P-0171,professional,SYN-FACE-01,left_eye,0.19580263109079019
SYN-P-0171,professional,SYN-FACE-01,right_eye,0.12344372354458301
SYN-P-0171,professional,SYN-FACE-01,nose,0.08212073283050787
SYN-P-0171,professional,SYN-FACE-01,mouth,0.4458998855981309
SYN-P-0171,professional,SYN-FACE-01,other,0.15273302693598806
SYN-P-0171,professional,SYN-FACE-02,left_eye,0.0
SYN-P-0171,professional,SYN-FACE-02,right_eye,0.3897362162246462
SYN-P-0171,professional,SYN-FACE-02,nose,0.34384949214089006
SYN-P-0171,professional,SYN-FACE-02,mouth,0.23014544787132907
SYN-P-0171,professional,SYN-FACE-02,other,0.03626884376313462
SYN-P-0171,professional,SYN-FACE-03,left_eye,0.464411213247967
SYN-P-0171,professional,SYN-FACE-03,right_eye,0.21507385832482384
SYN-P-0171,professional,SYN-FACE-03,nose,0.22527733066313915
SYN-P-0171,professional,SYN-FACE-03,mouth,0.04452960188372816
SYN-P-0171,professional,SYN-FACE-03,other,0.05070799588034176
SYN-P-0172,professional,SYN-FACE-01,left_eye,0.22015853901637186
SYN-P-0172,professional,SYN-FACE-01,right_eye,0.27196447272639396
SYN-P-0172,professional,SYN-FACE-01,nose,0.20530150907688555
SYN-P-0172,professional,SYN-FACE-01,mouth,0.09986066947046111
SYN-P-0172,professional,SYN-FACE-01,other,0.20271480970988745
SYN-P-0172,professional,SYN-FACE-02,left_eye,0.116592875363084
SYN-P-0172,professional,SYN-FACE-02,right_eye,0.21971559310728792
SYN-P-0172,professional,SYN-FACE-02,nose,0.31252150025791764
SYN-P-0172,professional,SYN-FACE-02,mouth,0.2553588370339006
SYN-P-0172,professional,SYN-FACE-02,other,0.09581119423780987
SYN-P-0172,professional,SYN-FACE-03,left_eye,0.4033590969024978
SYN-P-0172,professional,SYN-FACE-03,right_eye,0.1659123038724617
SYN-P-0172,professional,SYN-FACE-03,nose,0.29551558697148284
SYN-P-0172,professional,SYN-FACE-03,mouth,0.0870019627537575
SYN-P-0172,professional,SYN-FACE-03,other,0.048211049499800075
SYN-P-0173,professional,SYN-FACE-01,left_eye,0.061410663085616886
SYN-P-0173,professional,SYN-FACE-01,right_eye,0.2937593861469944
SYN-P-0173,professional,SYN-FACE-01,nose,0.16749373926646807
SYN-P-0173,professional,SYN-FACE-01,mouth,0.4409189585629696
SYN-P-0173,professional,SYN-FACE-01,other,0.03641725293795114
SYN-P-0173,professional,SYN-FACE-02,left_eye,0.11895355667291134
SYN-P-0173,professional,SYN-FACE-02,right_eye,0.19308382909183133
SYN-P-0173,professional,SYN-FACE-02,nose,0.2819133711945819
SYN-P-0173,professional,SYN-FACE-02,mouth,0.30859639710141584
SYN-P-0173,professional,SYN-FACE-02,other,0.09745284593925954
SYN-P-0173,professional,SYN-FACE-03,left_eye,0.42636488579939413
SYN-P-0173,professional,SYN-FACE-03,right_eye,0.15249052306890204
SYN-P-0173,professional,SYN-FACE-03,nose,0.302730847694432
SYN-P-0173,professional,SYN-FACE-03,mouth,0.06615495189516148
SYN-P-0173,professional,SYN-FACE-03,other,0.05225879154211034
SYN-P-0174,professional,SYN-FACE-01,left_eye,0.5823857985942033
SYN-P-0174,professional,SYN-FACE-01,right_eye,0.1144780840369641
SYN-P-0174,professional,SYN-FACE-01,nose,0.11681819446270038
SYN-P-0174,professional,SYN-FACE-01,mouth,0.0896581490443117
SYN-P-0174,professional,SYN-FACE-01,other,0.09665977386182065
SYN-P-0174,professional,SYN-FACE-02,left_eye,0.22691556505393448
SYN-P-0174,professional,SYN-FACE-02,right_eye,0.30833750766116674
SYN-P-0174,professional,SYN-FACE-02,nose,0.02475485186399149
SYN-P-0174,professional,SYN-FACE-02,mouth,0.34565999609890136
SYN-P-0174,professional,SYN-FACE-02,other,0.09433207932200592
SYN-P-0174,professional,SYN-FACE-03,left_eye,0.2037480808564386
SYN-P-0174,professional,SYN-FACE-03,right_eye,0.3231512002798754
SYN-P-0174,professional,SYN-FACE-03,nose,0.34017156775061913
SYN-P-0174,professional,SYN-FACE-03,mouth,0.10149944234283091
SYN-P-0174,professional,SYN-FACE-03,other,0.0314297087702359
SYN-P-0175,professional,SYN-FACE-01,left_eye,0.5017875999874951
SYN-P-0175,professional,SYN-FACE-01,right_eye,0.2380017407390229
SYN-P-0175,professional,SYN-FACE-01,nose,0.020636454166137987
SYN-P-0175,professional,SYN-FACE-01,mouth,0.1757150687089784
SYN-P-0175,professional,SYN-FACE-01,other,0.0638591363983655
SYN-P-0175,professional,SYN-FACE-02,left_eye,0.11631644408610371
SYN-P-0175,professional,SYN-FACE-02,right_eye,0.2230689032251725
SYN-P-0175,professional,SYN-FACE-02,nose,0.3385721390818184
SYN-P-0175,professional,SYN-FACE-02,mouth,0.2423998411741681
SYN-P-0175,professional,SYN-FACE-02,other,0.07964267243273736
SYN-P-0175,professional,SYN-FACE-03,left_eye,0.21740502886251833
SYN-P-0175,professional,SYN-FACE-03,right_eye,0.0957099023518968
SYN-P-0175,professional,SYN-FACE-03,nose,0.37308718437300686
SYN-P-0175,professional,SYN-FACE-03,mouth,0.27760229143174037
SYN-P-0175,professional,SYN-FACE-03,other,0.036195592980837556
SYN-P-0176,professional,SYN-FACE-01,left_eye,0.26851419077354616
SYN-P-0176,professional,SYN-FACE-01,right_eye,0.21801376191396113
SYN-P-0176,professional,SYN-FACE-01,nose,0.2217412517204009
SYN-P-0176,professional,SYN-FACE-01,mouth,0.19421492907518156
SYN-P-0176,professional,SYN-FACE-01,other,0.0975158665169102
SYN-P-0176,professional,SYN-FACE-02,left_eye,0.3138967397454493
SYN-P-0176,professional,SYN-FACE-02,right_eye,0.24778603406074814
SYN-P-0176,professional,SYN-FACE-02,nose,0.1343682172027165
SYN-P-0176,professional,SYN-FACE-02,mouth,0.30394900899108607
SYN-P-0176,professional,SYN-FACE-02,other,0.0
SYN-P-0176,professional,SYN-FACE-03,left_eye,0.45778166032877315
SYN-P-0176,professional,SYN-FACE-03,right_eye,0.0403900175840324
SYN-P-0176,professional,SYN-FACE-03,nose,0.35867983169030493
SYN-P-0176,professional,SYN-FACE-03,mouth,0.10916519758629571
SYN-P-0176,professional,SYN-FACE-03,other,0.0339832928105938
SYN-P-0177,professional,SYN-FACE-01,left_eye,0.26176967450192684
SYN-P-0177,professional,SYN-FACE-01,right_eye,0.20465510696275907
SYN-P-0177,professional,SYN-FACE-01,nose,0.23488107945277734
SYN-P-0177,professional,SYN-FACE-01,mouth,0.2986941390825367
SYN-P-0177,professional,SYN-FACE-01,other,0.0
SYN-P-0177,professional,SYN-FACE-02,left_eye,0.19371760556158374
SYN-P-0177,professional,SYN-FACE-02,right_eye,0.15632330827383747
SYN-P-0177,professional,SYN-FACE-02,nose,0.21546701453922584
SYN-P-0177,professional,SYN-FACE-02,mouth,0.3726995555874649
SYN-P-0177,professional,SYN-FACE-02,other,0.06179251603788795
SYN-P-0177,professional,SYN-FACE-03,left_eye,0.16873583495291677
SYN-P-0177,professional,SYN-FACE-03,right_eye,0.1567798097696834
SYN-P-0177,professional,SYN-FACE-03,nose,0.4542793489010525
SYN-P-0177,professional,SYN-FACE-03,mouth,0.15182824077249296
SYN-P-0177,professional,SYN-FACE-03,other,0.06837676560385442
SYN-P-0178,professional,SYN-FACE-01,left_eye,0.2629200903991079
SYN-P-0178,professional,SYN-FACE-01,right_eye,0.18344890195550304
SYN-P-0178,professional,SYN-FACE-01,nose,0.17982503526011195
SYN-P-0178,professional,SYN-FACE-01,mouth,0.31033288637554945
SYN-P-0178,professional,SYN-FACE-01,other,0.06347308600972763
SYN-P-0178,professional,SYN-FACE-02,left_eye,0.18438826366332994
SYN-P-0178,professional,SYN-FACE-02,right_eye,0.034416765620811265
SYN-P-0178,professional,SYN-FACE-02,nose,0.2111674663087253
SYN-P-0178,professional,SYN-FACE-02,mouth,0.542028335198248
SYN-P-0178,professional,SYN-FACE-02,other,0.02799916920888558
SYN-P-0178,professional,SYN-FACE-03,left_eye,0.400810603560837
SYN-P-0178,professional,SYN-FACE-03,right_eye,0.0996575520873265
SYN-P-0178,professional,SYN-FACE-03,nose,0.09185842490239107
SYN-P-0178,professional,SYN-FACE-03,mouth,0.2999723333830887
SYN-P-0178,professional,SYN-FACE-03,other,0.10770108606635674
SYN-P-0179,professional,SYN-FACE-01,left_eye,0.09277899172973898
SYN-P-0179,professional,SYN-FACE-01,right_eye,0.21162177511372385
SYN-P-0179,professional,SYN-FACE-01,nose,0.12249819754961348
SYN-P-0179,professional,SYN-FACE-01,mouth,0.32563970491015193
SYN-P-0179,professional,SYN-FACE-01,other,0.24746133069677165
SYN-P-0179,professional,SYN-FACE-02,left_eye,0.19669857199688473
SYN-P-0179,professional,SYN-FACE-02,right_eye,0.28676980256100004
SYN-P-0179,professional,SYN-FACE-02,nose,0.14867801062761346
SYN-P-0179,professional,SYN-FACE-02,mouth,0.27794305281684645
SYN-P-0179,professional,SYN-FACE-02,other,0.0899105619976553
SYN-P-0179,professional,SYN-FACE-03,left_eye,0.2949345224027289
SYN-P-0179,professional,SYN-FACE-03,right_eye,0.3120056582376096
SYN-P-0179,professional,SYN-FACE-03,nose,0.07255333937177873
SYN-P-0179,professional,SYN-FACE-03,mouth,0.16904374575400846
SYN-P-0179,professional,SYN-FACE-03,other,0.15146273423387432
SYN-P-0180,professional,SYN-FACE-01,left_eye,0.25971726327188865
SYN-P-0180,professional,SYN-FACE-01,right_eye,0.17883964561905716
SYN-P-0180,professional,SYN-FACE-01,nose,0.13895965266834406
SYN-P-0180,professional,SYN-FACE-01,mouth,0.26939877116627786
SYN-P-0180,professional,SYN-FACE-01,other,0.15308466727443232
SYN-P-0180,professional,SYN-FACE-02,left_eye,0.24718705820694406
SYN-P-0180,professional,SYN-FACE-02,right_eye,0.19988187391823584
SYN-P-0180,professional,SYN-FACE-02,nose,0.1124675203084916
SYN-P-0180,professional,SYN-FACE-02,mouth,0.33855532581056513
SYN-P-0180,professional,SYN-FACE-02,other,0.10190822175576342
SYN-P-0180,professional,SYN-FACE-03,left_eye,0.16060711785451925
SYN-P-0180,professional,SYN-FACE-03,right_eye,0.28237585628813966
SYN-P-0180,professional,SYN-FACE-03,nose,0.15352370106127883
SYN-P-0180,professional,SYN-FACE-03,mouth,0.3220216071736995
SYN-P-0180,professional,SYN-FACE-03,other,0.08147171762236281
SYN-P-0181,professional,SYN-FACE-01,left_eye,0.31461910974948504
SYN-P-0181,professional,SYN-FACE-01,right_eye,0.22310346994133629
SYN-P-0181,professional,SYN-FACE-01,nose,0.25744163488681093
SYN-P-0181,professional,SYN-FACE-01,mouth,0.05613532534675074
SYN-P-0181,professional,SYN-FACE-01,other,0.14870046007561705
SYN-P-0181,professional,SYN-FACE-02,left_eye,0.23776388250169866
SYN-P-0181,professional,SYN-FACE-02,right_eye,0.35228211295181966
SYN-P-0181,professional,SYN-FACE-02,nose,0.12972979770119905
SYN-P-0181,professional,SYN-FACE-02,mouth,0.21160859094959625
SYN-P-0181,professional,SYN-FACE-02,other,0.06861561589568635
SYN-P-0181,professional,SYN-FACE-03,left_eye,0.2773442040011455
SYN-P-0181,professional,SYN-FACE-03,right_eye,0.23687211396369162
SYN-P-0181,professional,SYN-FACE-03,nose,0.2552405956605834
SYN-P-0181,professional,SYN-FACE-03,mouth,0.2305430863745794
SYN-P-0181,professional,SYN-FACE-03,other,0.0
SYN-P-0182,professional,SYN-FACE-01,left_eye,0.18931715297699575
SYN-P-0182,professional,SYN-FACE-01,right_eye,0.16621354419909795
SYN-P-0182,professional,SYN-FACE-01,nose,0.3503275067497845
SYN-P-0182,professional,SYN-FACE-01,mouth,0.29414179607412183
SYN-P-0182,professional,SYN-FACE-01,other,0.0
SYN-P-0182,professional,SYN-FACE-02,left_eye,0.02929072450039778
SYN-P-0182,professional,SYN-FACE-02,right_eye,0.29266237774605636
SYN-P-0182,professional,SYN-FACE-02,nose,0.2419856610953332
SYN-P-0182,professional,SYN-FACE-02,mouth,0.39486023477456156
SYN-P-0182,professional,SYN-FACE-02,other,0.04120100188365115
SYN-P-0182,professional,SYN-FACE-03,left_eye,0.2218693791542281
SYN-P-0182,professional,SYN-FACE-03,right_eye,0.30530472644513734
SYN-P-0182,professional,SYN-FACE-03,nose,0.2067926396498268
SYN-P-0182,professional,SYN-FACE-03,mouth,0.1920424941640638
SYN-P-0182,professional,SYN-FACE-03,other,0.0739907605867439
SYN-P-0183,professional,SYN-FACE-01,left_eye,0.24867667847923625
SYN-P-0183,professional,SYN-FACE-01,right_eye,0.3150849450895094
SYN-P-0183,professional,SYN-FACE-01,nose,0.21152902345921534
SYN-P-0183,professional,SYN-FACE-01,mouth,0.13563469180972548
SYN-P-0183,professional,SYN-FACE-01,other,0.08907466116231355
SYN-P-0183,professional,SYN-FACE-02,left_eye,0.06180855396637301
SYN-P-0183,professional,SYN-FACE-02,right_eye,0.490721107115418
SYN-P-0183,professional,SYN-FACE-02,nose,0.18413566265301345
SYN-P-0183,professional,SYN-FACE-02,mouth,0.18154635851154127
SYN-P-0183,professional,SYN-FACE-02,other,0.08178831775365424
SYN-P-0183,professional,SYN-FACE-03,left_eye,0.28042067608759574
SYN-P-0183,professional,SYN-FACE-03,right_eye,0.19971874797631248
SYN-P-0183,professional,SYN-FACE-03,nose,0.28712927111944786
SYN-P-0183,professional,SYN-FACE-03,mouth,0.23273130481664392
SYN-P-0183,professional,SYN-FACE-03,other,0.0
SYN-P-0184,professional,SYN-FACE-01,left_eye,0.49076324235026836
SYN-P-0184,professional,SYN-FACE-01,right_eye,0.2987129812359906
SYN-P-0184,professional,SYN-FACE-01,nose,0.11126326735702961
SYN-P-0184,professional,SYN-FACE-01,mouth,0.09926050905671147
SYN-P-0184,professional,SYN-FACE-01,other,0.0
SYN-P-0184,professional,SYN-FACE-02,left_eye,0.1930632620741604
SYN-P-0184,professional,SYN-FACE-02,right_eye,0.36538369204955745
SYN-P-0184,professional,SYN-FACE-02,nose,0.017975674263997037
SYN-P-0184,professional,SYN-FACE-02,mouth,0.3369990933742619
SYN-P-0184,professional,SYN-FACE-02,other,0.0865782782380232
SYN-P-0184,professional,SYN-FACE-03,left_eye,0.38974095633371175
SYN-P-0184,professional,SYN-FACE-03,right_eye,0.2477031366635027
SYN-P-0184,professional,SYN-FACE-03,nose,0.2691896700396348
SYN-P-0184,professional,SYN-FACE-03,mouth,0.09336623696315087
SYN-P-0184,professional,SYN-FACE-03,other,0.0
SYN-P-0185,professional,SYN-FACE-01,left_eye,0.2777606704129837
SYN-P-0185,professional,SYN-FACE-01,right_eye,0.21343620032015675
SYN-P-0185,professional,SYN-FACE-01,nose,0.14485230039559785
SYN-P-0185,professional,SYN-FACE-01,mouth,0.31763369395305663
SYN-P-0185,professional,SYN-FACE-01,other,0.04631713491820502
SYN-P-0185,professional,SYN-FACE-02,left_eye,0.18785572433837056
SYN-P-0185,professional,SYN-FACE-02,right_eye,0.2877207294849661
SYN-P-0185,professional,SYN-FACE-02,nose,0.14890576721556684
SYN-P-0185,professional,SYN-FACE-02,mouth,0.2867202621289102
SYN-P-0185,professional,SYN-FACE-02,other,0.08879751683218634
SYN-P-0185,professional,SYN-FACE-03,left_eye,0.3607699111753239
SYN-P-0185,professional,SYN-FACE-03,right_eye,0.31643100729443624
SYN-P-0185,professional,SYN-FACE-03,nose,0.20136490061881918
SYN-P-0185,professional,SYN-FACE-03,mouth,0.06690944313021674
SYN-P-0185,professional,SYN-FACE-03,other,0.05452473778120385
SYN-P-0186,professional,SYN-FACE-01,left_eye,0.1450604297089489
SYN-P-0186,professional,SYN-FACE-01,right_eye,0.13566873268961085
SYN-P-0186,professional,SYN-FACE-01,nose,0.19593493702979772
SYN-P-0186,professional,SYN-FACE-01,mouth,0.39973845820553944
SYN-P-0186,professional,SYN-FACE-01,other,0.12359744236610318
SYN-P-0186,professional,SYN-FACE-02,left_eye,0.14772452029615235
SYN-P-0186,professional,SYN-FACE-02,right_eye,0.155635907388312
SYN-P-0186,professional,SYN-FACE-02,nose,0.3326328554621791
SYN-P-0186,professional,SYN-FACE-02,mouth,0.36400671685335656
SYN-P-0186,professional,SYN-FACE-02,other,0.0
SYN-P-0186,professional,SYN-FACE-03,left_eye,0.4845403344870221
SYN-P-0186,professional,SYN-FACE-03,right_eye,0.1988563662888533
SYN-P-0186,professional,SYN-FACE-03,nose,0.22675261580456002
SYN-P-0186,professional,SYN-FACE-03,mouth,0.031816317686783016
SYN-P-0186,professional,SYN-FACE-03,other,0.058034365732781486
SYN-P-0187,professional,SYN-FACE-01,left_eye,0.2790444757695957
SYN-P-0187,professional,SYN-FACE-01,right_eye,0.32536834582219576
SYN-P-0187,professional,SYN-FACE-01,nose,0.15259909223928247
SYN-P-0187,professional,SYN-FACE-01,mouth,0.15637065798315655
SYN-P-0187,professional,SYN-FACE-01,other,0.08661742818576963
SYN-P-0187,professional,SYN-FACE-02,left_eye,0.1627584056950702
SYN-P-0187,professional,SYN-FACE-02,right_eye,0.5958083537786952
SYN-P-0187,professional,SYN-FACE-02,nose,0.12598397811246845
SYN-P-0187,professional,SYN-FACE-02,mouth,0.08042916951884714
SYN-P-0187,professional,SYN-FACE-02,other,0.03502009289491906
SYN-P-0187,professional,SYN-FACE-03,left_eye,0.3533015709123551
SYN-P-0187,professional,SYN-FACE-03,right_eye,0.15851348228199344
SYN-P-0187,professional,SYN-FACE-03,nose,0.2920564566105892
SYN-P-0187,professional,SYN-FACE-03,mouth,0.12777797037843389
SYN-P-0187,professional,SYN-FACE-03,other,0.06835051981662836
SYN-P-0188,professional,SYN-FACE-01,left_eye,0.47918617200687086
SYN-P-0188,professional,SYN-FACE-01,right_eye,0.13390223431275608
SYN-P-0188,professional,SYN-FACE-01,nose,0.09569607879241607
SYN-P-0188,professional,SYN-FACE-01,mouth,0.10771164244342255
SYN-P-0188,professional,SYN-FACE-01,other,0.1835038724445344
SYN-P-0188,professional,SYN-FACE-02,left_eye,0.36269115699749466
SYN-P-0188,professional,SYN-FACE-02,right_eye,0.1828287059543074
SYN-P-0188,professional,SYN-FACE-02,nose,0.18213037272212562
SYN-P-0188,professional,SYN-FACE-02,mouth,0.2723497643260723
SYN-P-0188,professional,SYN-FACE-02,other,0.0
SYN-P-0188,professional,SYN-FACE-03,left_eye,0.29086614561556456
SYN-P-0188,professional,SYN-FACE-03,right_eye,0.030088143458823272
SYN-P-0188,professional,SYN-FACE-03,nose,0.3155252542422176
SYN-P-0188,professional,SYN-FACE-03,mouth,0.3056797583035492
SYN-P-0188,professional,SYN-FACE-03,other,0.05784069837984528
SYN-P-0189,professional,SYN-FACE-01,left_eye,0.4322059768586938
SYN-P-0189,professional,SYN-FACE-01,right_eye,0.1541027239841436
SYN-P-0189,professional,SYN-FACE-01,nose,0.10953568906521097
SYN-P-0189,professional,SYN-FACE-01,mouth,0.27542573470539017
SYN-P-0189,professional,SYN-FACE-01,other,0.028729875386561427
SYN-P-0189,professional,SYN-FACE-02,left_eye,0.24741057638931827
SYN-P-0189,professional,SYN-FACE-02,right_eye,0.11749636534907057
SYN-P-0189,professional,SYN-FACE-02,nose,0.11948974031190762
SYN-P-0189,professional,SYN-FACE-02,mouth,0.31684578692718046
SYN-P-0189,professional,SYN-FACE-02,other,0.19875753102252314
SYN-P-0189,professional,SYN-FACE-03,left_eye,0.37647257551256336
SYN-P-0189,professional,SYN-FACE-03,right_eye,0.03136020858604072
SYN-P-0189,professional,SYN-FACE-03,nose,0.3747452283810185
SYN-P-0189,professional,SYN-FACE-03,mouth,0.16251365375325927
SYN-P-0189,professional,SYN-FACE-03,other,0.05490833376711807
SYN-P-0190,professional,SYN-FACE-01,left_eye,0.17461383262008445
SYN-P-0190,professional,SYN-FACE-01,right_eye,0.2511085740250414
SYN-P-0190,professional,SYN-FACE-01,nose,0.26053528018131616
SYN-P-0190,professional,SYN-FACE-01,mouth,0.15122215636087244
SYN-P-0190,professional,SYN-FACE-01,other,0.1625201568126856
SYN-P-0190,professional,SYN-FACE-02,left_eye,0.1978144715174774
SYN-P-0190,professional,SYN-FACE-02,right_eye,0.10641021333294945
SYN-P-0190,professional,SYN-FACE-02,nose,0.25034752450797076
SYN-P-0190,professional,SYN-FACE-02,mouth,0.23138393651601522
SYN-P-0190,professional,SYN-FACE-02,other,0.2140438541255871
SYN-P-0190,professional,SYN-FACE-03,left_eye,0.4912759965618676
SYN-P-0190,professional,SYN-FACE-03,right_eye,0.06936187447937496
SYN-P-0190,professional,SYN-FACE-03,nose,0.17079604417299793
SYN-P-0190,professional,SYN-FACE-03,mouth,0.2239911034260584
SYN-P-0190,professional,SYN-FACE-03,other,0.0445749813597011
SYN-P-0191,professional,SYN-FACE-01,left_eye,0.08970713804542164
SYN-P-0191,professional,SYN-FACE-01,right_eye,0.4315464415618641
SYN-P-0191,professional,SYN-FACE-01,nose,0.34351697480895915
SYN-P-0191,professional,SYN-FACE-01,mouth,0.05993412109145449
SYN-P-0191,professional,SYN-FACE-01,other,0.07529532449230056
SYN-P-0191,professional,SYN-FACE-02,left_eye,0.22221538135158145
SYN-P-0191,professional,SYN-FACE-02,right_eye,0.2531369067485686
SYN-P-0191,professional,SYN-FACE-02,nose,0.3411612777018051
SYN-P-0191,professional,SYN-FACE-02,mouth,0.11332680772035499
SYN-P-0191,professional,SYN-FACE-02,other,0.07015962647768989
SYN-P-0191,professional,SYN-FACE-03,left_eye,0.3912897667259797
SYN-P-0191,professional,SYN-FACE-03,right_eye,0.3141028020638186
SYN-P-0191,professional,SYN-FACE-03,nose,0.20064638920050898
SYN-P-0191,professional,SYN-FACE-03,mouth,0.0939610420096927
SYN-P-0191,professional,SYN-FACE-03,other,0.0
SYN-P-0192,professional,SYN-FACE-01,left_eye,0.21034850636552518
SYN-P-0192,professional,SYN-FACE-01,right_eye,0.23896123829561006
SYN-P-0192,professional,SYN-FACE-01,nose,0.1497716564065896
SYN-P-0192,professional,SYN-FACE-01,mouth,0.2325468978141006
SYN-P-0192,professional,SYN-FACE-01,other,0.16837170111817465
SYN-P-0192,professional,SYN-FACE-02,left_eye,0.4375913746823795
SYN-P-0192,professional,SYN-FACE-02,right_eye,0.1752880344984453
SYN-P-0192,professional,SYN-FACE-02,nose,0.15861010333668552
SYN-P-0192,professional,SYN-FACE-02,mouth,0.17667425651436341
SYN-P-0192,professional,SYN-FACE-02,other,0.05183623096812629
SYN-P-0192,professional,SYN-FACE-03,left_eye,0.308634943119921
SYN-P-0192,professional,SYN-FACE-03,right_eye,0.31087500093639947
SYN-P-0192,professional,SYN-FACE-03,nose,0.18081966286029635
SYN-P-0192,professional,SYN-FACE-03,mouth,0.10544926810174854
SYN-P-0192,professional,SYN-FACE-03,other,0.09422112498163458
SYN-P-0193,professional,SYN-FACE-01,left_eye,0.286268754683443
SYN-P-0193,professional,SYN-FACE-01,right_eye,0.2492904598678913
SYN-P-0193,professional,SYN-FACE-01,nose,0.19213548810912
SYN-P-0193,professional,SYN-FACE-01,mouth,0.2363071746724269
SYN-P-0193,professional,SYN-FACE-01,other,0.03599812266711887
SYN-P-0193,professional,SYN-FACE-02,left_eye,0.3016298442608484
SYN-P-0193,professional,SYN-FACE-02,right_eye,0.0
SYN-P-0193,professional,SYN-FACE-02,nose,0.14392546353316782
SYN-P-0193,professional,SYN-FACE-02,mouth,0.47026931960723123
SYN-P-0193,professional,SYN-FACE-02,other,0.08417537259875263
SYN-P-0193,professional,SYN-FACE-03,left_eye,0.2810707012254428
SYN-P-0193,professional,SYN-FACE-03,right_eye,0.24722252990282773
SYN-P-0193,professional,SYN-FACE-03,nose,0.11702735765962768
SYN-P-0193,professional,SYN-FACE-03,mouth,0.28154559362389375
SYN-P-0193,professional,SYN-FACE-03,other,0.07313381758820808
SYN-P-0194,professional,SYN-FACE-01,left_eye,0.3367821080324041
SYN-P-0194,professional,SYN-FACE-01,right_eye,0.3967464094693801
SYN-P-0194,professional,SYN-FACE-01,nose,0.11030804318107221
SYN-P-0194,professional,SYN-FACE-01,mouth,0.1561634393171435
SYN-P-0194,professional,SYN-FACE-01,other,0.0
SYN-P-0194,professional,SYN-FACE-02,left_eye,0.21187774418048724
SYN-P-0194,professional,SYN-FACE-02,right_eye,0.12488463986585527
SYN-P-0194,professional,SYN-FACE-02,nose,0.5015883687029822
SYN-P-0194,professional,SYN-FACE-02,mouth,0.07352305919155162
SYN-P-0194,professional,SYN-FACE-02,other,0.08812618805912364
SYN-P-0194,professional,SYN-FACE-03,left_eye,0.367398074893914
SYN-P-0194,professional,SYN-FACE-03,right_eye,0.2855805440206428
SYN-P-0194,professional,SYN-FACE-03,nose,0.05756031931332129
SYN-P-0194,professional,SYN-FACE-03,mouth,0.04859380829081501
SYN-P-0194,professional,SYN-FACE-03,other,0.2408672534813068
SYN-P-0195,professional,SYN-FACE-01,left_eye,0.4628111207247532
SYN-P-0195,professional,SYN-FACE-01,right_eye,0.1652658231463999
SYN-P-0195,professional,SYN-FACE-01,nose,0.1843838099240095
SYN-P-0195,professional,SYN-FACE-01,mouth,0.12097676951384109
SYN-P-0195,professional,SYN-FACE-01,other,0.06656247669099631
SYN-P-0195,professional,SYN-FACE-02,left_eye,0.11393888395111368
SYN-P-0195,professional,SYN-FACE-02,right_eye,0.26528721409258266
SYN-P-0195,professional,SYN-FACE-02,nose,0.16016570690427298
SYN-P-0195,professional,SYN-FACE-02,mouth,0.46060819505203066
SYN-P-0195,professional,SYN-FACE-02,other,0.0
SYN-P-0195,professional,SYN-FACE-03,left_eye,0.386545167700728
SYN-P-0195,professional,SYN-FACE-03,right_eye,0.21658246190042005
SYN-P-0195,professional,SYN-FACE-03,nose,0.15273628735127578
SYN-P-0195,professional,SYN-FACE-03,mouth,0.24413608304757625
SYN-P-0195,professional,SYN-FACE-03,other,0.0
SYN-P-0196,professional,SYN-FACE-01,left_eye,0.41761788126400784
SYN-P-0196,professional,SYN-FACE-01,right_eye,0.1290216820412513
SYN-P-0196,professional,SYN-FACE-01,nose,0.286751741799842
SYN-P-0196,professional,SYN-FACE-01,mouth,0.16660869489489888
SYN-P-0196,professional,SYN-FACE-01,other,0.0
SYN-P-0196,professional,SYN-FACE-02,left_eye,0.10589957347901612
SYN-P-0196,professional,SYN-FACE-02,right_eye,0.03210281173836572
SYN-P-0196,professional,SYN-FACE-02,nose,0.29202449738741176
SYN-P-0196,professional,SYN-FACE-02,mouth,0.5699731173952064
SYN-P-0196,professional,SYN-FACE-02,other,0.0
SYN-P-0196,professional,SYN-FACE-03,left_eye,0.37418690668382154
SYN-P-0196,professional,SYN-FACE-03,right_eye,0.18865707885921598
SYN-P-0196,professional,SYN-FACE-03,nose,0.34744949996593016
SYN-P-0196,professional,SYN-FACE-03,mouth,0.08970651449103229
SYN-P-0196,professional,SYN-FACE-03,other,0.0
SYN-P-0197,professional,SYN-FACE-01,left_eye,0.14594489520430026
SYN-P-0197,professional,SYN-FACE-01,right_eye,0.3760668497834296
SYN-P-0197,professional,SYN-FACE-01,nose,0.24595641406459967
SYN-P-0197,professional,SYN-FACE-01,mouth,0.12667911312561636
SYN-P-0197,professional,SYN-FACE-01,other,0.1053527278220541
SYN-P-0197,professional,SYN-FACE-02,left_eye,0.09180632240609832
SYN-P-0197,professional,SYN-FACE-02,right_eye,0.1952729610477816
SYN-P-0197,professional,SYN-FACE-02,nose,0.22384885802779142
SYN-P-0197,professional,SYN-FACE-02,mouth,0.4890718585183287
SYN-P-0197,professional,SYN-FACE-02,other,0.0
SYN-P-0197,professional,SYN-FACE-03,left_eye,0.15498470041800552
SYN-P-0197,professional,SYN-FACE-03,right_eye,0.2687742279519204
SYN-P-0197,professional,SYN-FACE-03,nose,0.1785244718988744
SYN-P-0197,professional,SYN-FACE-03,mouth,0.30483497620763017
SYN-P-0197,professional,SYN-FACE-03,other,0.09288162352356957
SYN-P-0198,professional,SYN-FACE-01,left_eye,0.5201397446193646
SYN-P-0198,professional,SYN-FACE-01,right_eye,0.14534667942650822
SYN-P-0198,professional,SYN-FACE-01,nose,0.05738689239111453
SYN-P-0198,professional,SYN-FACE-01,mouth,0.2771266835630127
SYN-P-0198,professional,SYN-FACE-01,other,0.0
SYN-P-0198,professional,SYN-FACE-02,left_eye,0.12802504366812145
SYN-P-0198,professional,SYN-FACE-02,right_eye,0.17135236053591624
SYN-P-0198,professional,SYN-FACE-02,nose,0.09662437272941865
SYN-P-0198,professional,SYN-FACE-02,mouth,0.5013602158427884
SYN-P-0198,professional,SYN-FACE-02,other,0.10263800722375517
SYN-P-0198,professional,SYN-FACE-03,left_eye,0.49650076924206843
SYN-P-0198,professional,SYN-FACE-03,right_eye,0.06821918772046386
SYN-P-0198,professional,SYN-FACE-03,nose,0.10780454067421975
SYN-P-0198,professional,SYN-FACE-03,mouth,0.27633358055301294
SYN-P-0198,professional,SYN-FACE-03,other,0.05114192181023502
SYN-P-0199,professional,SYN-FACE-01,left_eye,0.20067034405764295
SYN-P-0199,professional,SYN-FACE-01,right_eye,0.20664000885874603
SYN-P-0199,professional,SYN-FACE-01,nose,0.08810780598597324
SYN-P-0199,professional,SYN-FACE-01,mouth,0.39145420654985297
SYN-P-0199,professional,SYN-FACE-01,other,0.11312763454778477
SYN-P-0199,professional,SYN-FACE-02,left_eye,0.31913260758639705
SYN-P-0199,professional,SYN-FACE-02,right_eye,0.21752185021724166
SYN-P-0199,professional,SYN-FACE-02,nose,0.069919681141277
SYN-P-0199,professional,SYN-FACE-02,mouth,0.26370621262495236
SYN-P-0199,professional,SYN-FACE-02,other,0.12971964843013192
SYN-P-0199,professional,SYN-FACE-03,left_eye,0.21404272886350445
SYN-P-0199,professional,SYN-FACE-03,right_eye,0.357644640131258
SYN-P-0199,professional,SYN-FACE-03,nose,0.09655108694522706
SYN-P-0199,professional,SYN-FACE-03,mouth,0.19883408925529625
SYN-P-0199,professional,SYN-FACE-03,other,0.13292745480471427
SYN-P-0200,professional,SYN-FACE-01,left_eye,0.5857006119807681
SYN-P-0200,professional,SYN-FACE-01,right_eye,0.24493155419220744
SYN-P-0200,professional,SYN-FACE-01,nose,0.09530111407602547
SYN-P-0200,professional,SYN-FACE-01,mouth,0.07406671975099909
SYN-P-0200,professional,SYN-FACE-01,other,0.0
SYN-P-0200,professional,SYN-FACE-02,left_eye,0.18766424009989935
SYN-P-0200,professional,SYN-FACE-02,right_eye,0.4036537516058317
SYN-P-0200,professional,SYN-FACE-02,nose,0.16299922528065047
SYN-P-0200,professional,SYN-FACE-02,mouth,0.2136802958558446
SYN-P-0200,professional,SYN-FACE-02,other,0.03200248715777381
SYN-P-0200,professional,SYN-FACE-03,left_eye,0.28910898868786694
SYN-P-0200,professional,SYN-FACE-03,right_eye,0.20414286638550425
SYN-P-0200,professional,SYN-FACE-03,nose,0.20711282646736784
SYN-P-0200,professional,SYN-FACE-03,mouth,0.21034615219478756
SYN-P-0200,professional,SYN-FACE-03,other,0.08928916626447347
SYN-P-0201,professional,SYN-FACE-01,left_eye,0.29150138990519503
SYN-P-0201,professional,SYN-FACE-01,right_eye,0.4781381847351736
SYN-P-0201,professional,SYN-FACE-01,nose,0.10721858572937683
SYN-P-0201,professional,SYN-FACE-01,mouth,0.12314183963025449
SYN-P-0201,professional,SYN-FACE-01,other,0.0
SYN-P-0201,professional,SYN-FACE-02,left_eye,0.2106179787830506
SYN-P-0201,professional,SYN-FACE-02,right_eye,0.2837764436302363
SYN-P-0201,professional,SYN-FACE-02,nose,0.14596742130864113
SYN-P-0201,professional,SYN-FACE-02,mouth,0.330950892943814
SYN-P-0201,professional,SYN-FACE-02,other,0.028687263334257952
SYN-P-0201,professional,SYN-FACE-03,left_eye,0.43438712785185035
SYN-P-0201,professional,SYN-FACE-03,right_eye,0.16768265963046244
SYN-P-0201,professional,SYN-FACE-03,nose,0.0
SYN-P-0201,professional,SYN-FACE-03,mouth,0.39793021251768723
SYN-P-0201,professional,SYN-FACE-03,other,0.0
SYN-P-0202,professional,SYN-FACE-01,left_eye,0.13219619819689285
SYN-P-0202,professional,SYN-FACE-01,right_eye,0.4040309431336818
SYN-P-0202,professional,SYN-FACE-01,nose,0.15443743329928275
SYN-P-0202,professional,SYN-FACE-01,mouth,0.23042524892603045
SYN-P-0202,professional,SYN-FACE-01,other,0.0789101764441122
SYN-P-0202,professional,SYN-FACE-02,left_eye,0.03212989292599521
SYN-P-0202,professional,SYN-FACE-02,right_eye,0.2812362747701201
SYN-P-0202,professional,SYN-FACE-02,nose,0.18262318962419888
SYN-P-0202,professional,SYN-FACE-02,mouth,0.3975675711981373
SYN-P-0202,professional,SYN-FACE-02,other,0.10644307148154845
SYN-P-0202,professional,SYN-FACE-03,left_eye,0.1961862170893041
SYN-P-0202,professional,SYN-FACE-03,right_eye,0.25063473084200716
SYN-P-0202,professional,SYN-FACE-03,nose,0.2946298688932955
SYN-P-0202,professional,SYN-FACE-03,mouth,0.19793717048224227
SYN-P-0202,professional,SYN-FACE-03,other,0.060612012693150925
SYN-P-0203,professional,SYN-FACE-01,left_eye,0.3299322125192952
SYN-P-0203,professional,SYN-FACE-01,right_eye,0.31294661513890065
SYN-P-0203,professional,SYN-FACE-01,nose,0.04591516609894297
SYN-P-0203,professional,SYN-FACE-01,mouth,0.2833760527838212
SYN-P-0203,professional,SYN-FACE-01,other,0.027829953459040043
SYN-P-0203,professional,SYN-FACE-02,left_eye,0.04133904470402958
SYN-P-0203,professional,SYN-FACE-02,right_eye,0.15531223959878776
SYN-P-0203,professional,SYN-FACE-02,nose,0.33226821196340484
SYN-P-0203,professional,SYN-FACE-02,mouth,0.31515288377680123
SYN-P-0203,professional,SYN-FACE-02,other,0.15592761995697663
SYN-P-0203,professional,SYN-FACE-03,left_eye,0.37167176071207614
SYN-P-0203,professional,SYN-FACE-03,right_eye,0.07406333879702715
SYN-P-0203,professional,SYN-FACE-03,nose,0.03127840527820205
SYN-P-0203,professional,SYN-FACE-03,mouth,0.48520657194929157
SYN-P-0203,professional,SYN-FACE-03,other,0.03777992326340307
SYN-P-0204,professional,SYN-FACE-01,left_eye,0.5242372168266076
SYN-P-0204,professional,SYN-FACE-01,right_eye,0.2703984467854068
SYN-P-0204,professional,SYN-FACE-01,nose,0.0743216507922503
SYN-P-0204,professional,SYN-FACE-01,mouth,0.08930065488290378
SYN-P-0204,professional,SYN-FACE-01,other,0.0417420307128315
SYN-P-0204,professional,SYN-FACE-02,left_eye,0.2978688545898513
SYN-P-0204,professional,SYN-FACE-02,right_eye,0.1286465227024912
SYN-P-0204,professional,SYN-FACE-02,nose,0.2685543947442384
SYN-P-0204,professional,SYN-FACE-02,mouth,0.22951620043693652
SYN-P-0204,professional,SYN-FACE-02,other,0.07541402752648252
SYN-P-0204,professional,SYN-FACE-03,left_eye,0.23758754352988337
SYN-P-0204,professional,SYN-FACE-03,right_eye,0.07016571531888839
SYN-P-0204,professional,SYN-FACE-03,nose,0.21233388563257816
SYN-P-0204,professional,SYN-FACE-03,mouth,0.4799128555186501
SYN-P-0204,professional,SYN-FACE-03,other,0.0
SYN-P-0205,professional,SYN-FACE-01,left_eye,0.17060670545854342
SYN-P-0205,professional,SYN-FACE-01,right_eye,0.3928534929365711
SYN-P-0205,professional,SYN-FACE-01,nose,0.1868445516718667
SYN-P-0205,professional,SYN-FACE-01,mouth,0.22695944585109976
SYN-P-0205,professional,SYN-FACE-01,other,0.022735804081919036
SYN-P-0205,professional,SYN-FACE-02,left_eye,0.20694561719087456
SYN-P-0205,professional,SYN-FACE-02,right_eye,0.08074377874993977
SYN-P-0205,professional,SYN-FACE-02,nose,0.5238842781210387
SYN-P-0205,professional,SYN-FACE-02,mouth,0.12655326622141025
SYN-P-0205,professional,SYN-FACE-02,other,0.061873059716736845
SYN-P-0205,professional,SYN-FACE-03,left_eye,0.23769375375264398
SYN-P-0205,professional,SYN-FACE-03,right_eye,0.2856776652197846
SYN-P-0205,professional,SYN-FACE-03,nose,0.29356167433316405
SYN-P-0205,professional,SYN-FACE-03,mouth,0.15492088759225442
SYN-P-0205,professional,SYN-FACE-03,other,0.028146019102152964
SYN-P-0206,professional,SYN-FACE-01,left_eye,0.369223568876546
SYN-P-0206,professional,SYN-FACE-01,right_eye,0.4526590907148948
SYN-P-0206,professional,SYN-FACE-01,nose,0.03562578624483099
SYN-P-0206,professional,SYN-FACE-01,mouth,0.07353541129384106
SYN-P-0206,professional,SYN-FACE-01,other,0.06895614286988716
SYN-P-0206,professional,SYN-FACE-02,left_eye,0.36572066180709906
SYN-P-0206,professional,SYN-FACE-02,right_eye,0.09667800968039045
SYN-P-0206,professional,SYN-FACE-02,nose,0.1756136197872995
SYN-P-0206,professional,SYN-FACE-02,mouth,0.2898680739938691
SYN-P-0206,professional,SYN-FACE-02,other,0.07211963473134193
SYN-P-0206,professional,SYN-FACE-03,left_eye,0.30829096755423374
SYN-P-0206,professional,SYN-FACE-03,right_eye,0.307175683881407
SYN-P-0206,professional,SYN-FACE-03,nose,0.07400552881016716
SYN-P-0206,professional,SYN-FACE-03,mouth,0.2181847962787641
SYN-P-0206,professional,SYN-FACE-03,other,0.09234302347542807
SYN-P-0207,professional,SYN-FACE-01,left_eye,0.1647408721556524
SYN-P-0207,professional,SYN-FACE-01,right_eye,0.3170507534968167
SYN-P-0207,professional,SYN-FACE-01,nose,0.2319953610403706
SYN-P-0207,professional,SYN-FACE-01,mouth,0.2572420786337992
SYN-P-0207,professional,SYN-FACE-01,other,0.028970934673361114
SYN-P-0207,professional,SYN-FACE-02,left_eye,0.22341900597931347
SYN-P-0207,professional,SYN-FACE-02,right_eye,0.18525267639761162
SYN-P-0207,professional,SYN-FACE-02,nose,0.180086350857543
SYN-P-0207,professional,SYN-FACE-02,mouth,0.16616043327974309
SYN-P-0207,professional,SYN-FACE-02,other,0.2450815334857888
SYN-P-0207,professional,SYN-FACE-03,left_eye,0.2528462993370501
SYN-P-0207,professional,SYN-FACE-03,right_eye,0.3437026897341212
SYN-P-0207,professional,SYN-FACE-03,nose,0.14072505523617757
SYN-P-0207,professional,SYN-FACE-03,mouth,0.16084126621024683
SYN-P-0207,professional,SYN-FACE-03,other,0.10188468948240424
SYN-P-0208,professional,SYN-FACE-01,left_eye,0.41916184244930177
SYN-P-0208,professional,SYN-FACE-01,right_eye,0.07577484532992387
SYN-P-0208,professional,SYN-FACE-01,nose,0.36146276164662267
SYN-P-0208,professional,SYN-FACE-01,mouth,0.06803861375475918
SYN-P-0208,professional,SYN-FACE-01,other,0.07556193681939244
SYN-P-0208,professional,SYN-FACE-02,left_eye,0.2033821634234916
SYN-P-0208,professional,SYN-FACE-02,right_eye,0.2738656579075758
SYN-P-0208,professional,SYN-FACE-02,nose,0.24340539057240287
SYN-P-0208,professional,SYN-FACE-02,mouth,0.2501312703367194
SYN-P-0208,professional,SYN-FACE-02,other,0.029215517759810433
SYN-P-0208,professional,SYN-FACE-03,left_eye,0.38071814834581813
SYN-P-0208,professional,SYN-FACE-03,right_eye,0.161834684128375
SYN-P-0208,professional,SYN-FACE-03,nose,0.2293559955626342
SYN-P-0208,professional,SYN-FACE-03,mouth,0.16703629034381093
SYN-P-0208,professional,SYN-FACE-03,other,0.06105488161936174
SYN-P-0209,professional,SYN-FACE-01,left_eye,0.2882710066702646
SYN-P-0209,professional,SYN-FACE-01,right_eye,0.11195247552181477
SYN-P-0209,professional,SYN-FACE-01,nose,0.17536075618677058
SYN-P-0209,professional,SYN-FACE-01,mouth,0.36099987520286675
SYN-P-0209,professional,SYN-FACE-01,other,0.06341588641828332
SYN-P-0209,professional,SYN-FACE-02,left_eye,0.22004957273356265
SYN-P-0209,professional,SYN-FACE-02,right_eye,0.18246124108498646
SYN-P-0209,professional,SYN-FACE-02,nose,0.38339302546781573
SYN-P-0209,professional,SYN-FACE-02,mouth,0.19019850858957282
SYN-P-0209,professional,SYN-FACE-02,other,0.023897652124062287
SYN-P-0209,professional,SYN-FACE-03,left_eye,0.4533365882043285
SYN-P-0209,professional,SYN-FACE-03,right_eye,0.06895990277877598
SYN-P-0209,professional,SYN-FACE-03,nose,0.24909098125252288
SYN-P-0209,professional,SYN-FACE-03,mouth,0.15562504643351047
SYN-P-0209,professional,SYN-FACE-03,other,0.07298748133086218
SYN-P-0210,professional,SYN-FACE-01,left_eye,0.6030017557586745
SYN-P-0210,professional,SYN-FACE-01,right_eye,0.19492384676935484
SYN-P-0210,professional,SYN-FACE-01,nose,0.1138151099105111
SYN-P-0210,professional,SYN-FACE-01,mouth,0.04704020775134842
SYN-P-0210,professional,SYN-FACE-01,other,0.04121907981011106
SYN-P-0210,professional,SYN-FACE-02,left_eye,0.08684315731362997
SYN-P-0210,professional,SYN-FACE-02,right_eye,0.300576540483107
SYN-P-0210,professional,SYN-FACE-02,nose,0.2597100507631646
SYN-P-0210,professional,SYN-FACE-02,mouth,0.3203403801741236
SYN-P-0210,professional,SYN-FACE-02,other,0.03252987126597485
SYN-P-0210,professional,SYN-FACE-03,left_eye,0.27051084994638497
SYN-P-0210,professional,SYN-FACE-03,right_eye,0.315519122669334
SYN-P-0210,professional,SYN-FACE-03,nose,0.22048979639774155
SYN-P-0210,professional,SYN-FACE-03,mouth,0.1415419395469436
SYN-P-0210,professional,SYN-FACE-03,other,0.05193829143959578
SYN-P-0211,professional,SYN-FACE-01,left_eye,0.30858134921933333
SYN-P-0211,professional,SYN-FACE-01,right_eye,0.31916704116200634
SYN-P-0211,professional,SYN-FACE-01,nose,0.12834464581727978
SYN-P-0211,professional,SYN-FACE-01,mouth,0.17906508315279973
SYN-P-0211,professional,SYN-FACE-01,other,0.06484188064858079
SYN-P-0211,professional,SYN-FACE-02,left_eye,0.30510359253523156
SYN-P-0211,professional,SYN-FACE-02,right_eye,0.25575555241183373
SYN-P-0211,professional,SYN-FACE-02,nose,0.16022785640684167
SYN-P-0211,professional,SYN-FACE-02,mouth,0.24329646794299117
SYN-P-0211,professional,SYN-FACE-02,other,0.03561653070310191
SYN-P-0211,professional,SYN-FACE-03,left_eye,0.32709083711199444
SYN-P-0211,professional,SYN-FACE-03,right_eye,0.15295826159503892
SYN-P-0211,professional,SYN-FACE-03,nose,0.3687552446353846
SYN-P-0211,professional,SYN-FACE-03,mouth,0.04574635572707501
SYN-P-0211,professional,SYN-FACE-03,other,0.10544930093050696
SYN-P-0212,professional,SYN-FACE-01,left_eye,0.4289814878588158
SYN-P-0212,professional,SYN-FACE-01,right_eye,0.3263442247588442
SYN-P-0212,professional,SYN-FACE-01,nose,0.0898230544547862
SYN-P-0212,professional,SYN-FACE-01,mouth,0.030343751086622368
SYN-P-0212,professional,SYN-FACE-01,other,0.12450748184093134
SYN-P-0212,professional,SYN-FACE-02,left_eye,0.14989827635783298
SYN-P-0212,professional,SYN-FACE-02,right_eye,0.28851230828125596
SYN-P-0212,professional,SYN-FACE-02,nose,0.21447386302022756
SYN-P-0212,professional,SYN-FACE-02,mouth,0.29998578758560746
SYN-P-0212,professional,SYN-FACE-02,other,0.047129764755075985
SYN-P-0212,professional,SYN-FACE-03,left_eye,0.37570450804110944
SYN-P-0212,professional,SYN-FACE-03,right_eye,0.2865627504434455
SYN-P-0212,professional,SYN-FACE-03,nose,0.23396569073475126
SYN-P-0212,professional,SYN-FACE-03,mouth,0.10376705078069387
SYN-P-0212,professional,SYN-FACE-03,other,0.0
SYN-P-0213,professional,SYN-FACE-01,left_eye,0.32890254063565094
SYN-P-0213,professional,SYN-FACE-01,right_eye,0.15234270953958295
SYN-P-0213,professional,SYN-FACE-01,nose,0.14305260138606074
SYN-P-0213,professional,SYN-FACE-01,mouth,0.1750599509070641
SYN-P-0213,professional,SYN-FACE-01,other,0.2006421975316412
SYN-P-0213,professional,SYN-FACE-02,left_eye,0.2245687411224915
SYN-P-0213,professional,SYN-FACE-02,right_eye,0.1257293567610923
SYN-P-0213,professional,SYN-FACE-02,nose,0.2831934236557871
SYN-P-0213,professional,SYN-FACE-02,mouth,0.33705844891200204
SYN-P-0213,professional,SYN-FACE-02,other,0.029450029548627108
SYN-P-0213,professional,SYN-FACE-03,left_eye,0.41516572608393915
SYN-P-0213,professional,SYN-FACE-03,right_eye,0.20378214389718516
SYN-P-0213,professional,SYN-FACE-03,nose,0.1911417263083667
SYN-P-0213,professional,SYN-FACE-03,mouth,0.1549456156932466
SYN-P-0213,professional,SYN-FACE-03,other,0.034964788017262396
SYN-P-0214,professional,SYN-FACE-01,left_eye,0.19952695032450785
SYN-P-0214,professional,SYN-FACE-01,right_eye,0.2867514386284924
SYN-P-0214,professional,SYN-FACE-01,nose,0.17617984015495453
SYN-P-0214,professional,SYN-FACE-01,mouth,0.18191204096822172
SYN-P-0214,professional,SYN-FACE-01,other,0.15562972992382346
SYN-P-0214,professional,SYN-FACE-02,left_eye,0.2559787338238591
SYN-P-0214,professional,SYN-FACE-02,right_eye,0.16912714439476512
SYN-P-0214,professional,SYN-FACE-02,nose,0.12145217977077315
SYN-P-0214,professional,SYN-FACE-02,mouth,0.3985999438724014
SYN-P-0214,professional,SYN-FACE-02,other,0.054841998138201224
SYN-P-0214,professional,SYN-FACE-03,left_eye,0.18485673085292423
SYN-P-0214,professional,SYN-FACE-03,right_eye,0.3962572613396153
SYN-P-0214,professional,SYN-FACE-03,nose,0.2800487202356778
SYN-P-0214,professional,SYN-FACE-03,mouth,0.05280627266522268
SYN-P-0214,professional,SYN-FACE-03,other,0.08603101490656
SYN-P-0215,professional,SYN-FACE-01,left_eye,0.22846326941063322
SYN-P-0215,professional,SYN-FACE-01,right_eye,0.2646209179797138
SYN-P-0215,professional,SYN-FACE-01,nose,0.19285277348272598
SYN-P-0215,professional,SYN-FACE-01,mouth,0.18404313509149026
SYN-P-0215,professional,SYN-FACE-01,other,0.13001990403543673
SYN-P-0215,professional,SYN-FACE-02,left_eye,0.17774327040850937
SYN-P-0215,professional,SYN-FACE-02,right_eye,0.16267278462621892
SYN-P-0215,professional,SYN-FACE-02,nose,0.2528990125898229
SYN-P-0215,professional,SYN-FACE-02,mouth,0.40668493237544884
SYN-P-0215,professional,SYN-FACE-02,other,0.0
SYN-P-0215,professional,SYN-FACE-03,left_eye,0.3209978269047865
SYN-P-0215,professional,SYN-FACE-03,right_eye,0.2151766982176347
SYN-P-0215,professional,SYN-FACE-03,nose,0.3443615995174377
SYN-P-0215,professional,SYN-FACE-03,mouth,0.07160440999894836
SYN-P-0215,professional,SYN-FACE-03,other,0.0478594653611928
SYN-P-0216,professional,SYN-FACE-01,left_eye,0.37891293022664485
SYN-P-0216,professional,SYN-FACE-01,right_eye,0.16845797139096538
SYN-P-0216,professional,SYN-FACE-01,nose,0.1796487003516766
SYN-P-0216,professional,SYN-FACE-01,mouth,0.20176599877829562
SYN-P-0216,professional,SYN-FACE-01,other,0.07121439925241754
SYN-P-0216,professional,SYN-FACE-02,left_eye,0.16944057172595253
SYN-P-0216,professional,SYN-FACE-02,right_eye,0.27826325117798517
SYN-P-0216,professional,SYN-FACE-02,nose,0.03385893033143215
SYN-P-0216,professional,SYN-FACE-02,mouth,0.38268421438178
SYN-P-0216,professional,SYN-FACE-02,other,0.13575303238285022
SYN-P-0216,professional,SYN-FACE-03,left_eye,0.25502002720959804
SYN-P-0216,professional,SYN-FACE-03,right_eye,0.19892698038013423
SYN-P-0216,professional,SYN-FACE-03,nose,0.37288855431855333
SYN-P-0216,professional,SYN-FACE-03,mouth,0.07755326675640116
SYN-P-0216,professional,SYN-FACE-03,other,0.09561117133531326
SYN-P-0217,professional,SYN-FACE-01,left_eye,0.10176395415648036
SYN-P-0217,professional,SYN-FACE-01,right_eye,0.24849654481369712
SYN-P-0217,professional,SYN-FACE-01,nose,0.2806715072752507
SYN-P-0217,professional,SYN-FACE-01,mouth,0.270687964908532
SYN-P-0217,professional,SYN-FACE-01,other,0.0983800288460399
SYN-P-0217,professional,SYN-FACE-02,left_eye,0.43032705221780776
SYN-P-0217,professional,SYN-FACE-02,right_eye,0.043865751511622315
SYN-P-0217,professional,SYN-FACE-02,nose,0.23653323273886814
SYN-P-0217,professional,SYN-FACE-02,mouth,0.22149101870697058
SYN-P-0217,professional,SYN-FACE-02,other,0.0677829448247311
SYN-P-0217,professional,SYN-FACE-03,left_eye,0.3522732792048818
SYN-P-0217,professional,SYN-FACE-03,right_eye,0.17449762145802675
SYN-P-0217,professional,SYN-FACE-03,nose,0.18308885109934125
SYN-P-0217,professional,SYN-FACE-03,mouth,0.11133622116626389
SYN-P-0217,professional,SYN-FACE-03,other,0.17880402707148635
SYN-P-0218,professional,SYN-FACE-01,left_eye,0.09679757452930174
SYN-P-0218,professional,SYN-FACE-01,right_eye,0.37255673849403276
SYN-P-0218,professional,SYN-FACE-01,nose,0.2813993545955122
SYN-P-0218,professional,SYN-FACE-01,mouth,0.24924633238115337
SYN-P-0218,professional,SYN-FACE-01,other,0.0
SYN-P-0218,professional,SYN-FACE-02,left_eye,0.1424553665174973
SYN-P-0218,professional,SYN-FACE-02,right_eye,0.1405778447603449
SYN-P-0218,professional,SYN-FACE-02,nose,0.2037089781645887
SYN-P-0218,professional,SYN-FACE-02,mouth,0.44084298356747903
SYN-P-0218,professional,SYN-FACE-02,other,0.07241482699009015
SYN-P-0218,professional,SYN-FACE-03,left_eye,0.02691521200200902
SYN-P-0218,professional,SYN-FACE-03,right_eye,0.5410053607500952
SYN-P-0218,professional,SYN-FACE-03,nose,0.26350588420331655
SYN-P-0218,professional,SYN-FACE-03,mouth,0.16857354304457917
SYN-P-0218,professional,SYN-FACE-03,other,0.0
SYN-P-0219,professional,SYN-FACE-01,left_eye,0.274484865628799
SYN-P-0219,professional,SYN-FACE-01,right_eye,0.11055561667279996
SYN-P-0219,professional,SYN-FACE-01,nose,0.3253161965684503
SYN-P-0219,professional,SYN-FACE-01,mouth,0.19369162446971022
SYN-P-0219,professional,SYN-FACE-01,other,0.09595169666024057
SYN-P-0219,professional,SYN-FACE-02,left_eye,0.23819784639914773
SYN-P-0219,professional,SYN-FACE-02,right_eye,0.08252346424585093
SYN-P-0219,professional,SYN-FACE-02,nose,0.19815546331629041
SYN-P-0219,professional,SYN-FACE-02,mouth,0.4811232260387109
SYN-P-0219,professional,SYN-FACE-02,other,0.0
SYN-P-0219,professional,SYN-FACE-03,left_eye,0.32839887727598116
SYN-P-0219,professional,SYN-FACE-03,right_eye,0.17998013581944353
SYN-P-0219,professional,SYN-FACE-03,nose,0.24112714429227386
SYN-P-0219,professional,SYN-FACE-03,mouth,0.18886097293193702
SYN-P-0219,professional,SYN-FACE-03,other,0.06163286968036441
SYN-P-0220,professional,SYN-FACE-01,left_eye,0.2884562829402407
SYN-P-0220,professional,SYN-FACE-01,right_eye,0.15195886736226477
SYN-P-0220,professional,SYN-FACE-01,nose,0.25297632875408865
SYN-P-0220,professional,SYN-FACE-01,mouth,0.2631659364893761
SYN-P-0220,professional,SYN-FACE-01,other,0.04344258445402989
SYN-P-0220,professional,SYN-FACE-02,left_eye,0.33190886763764454
SYN-P-0220,professional,SYN-FACE-02,right_eye,0.15940492634755501
SYN-P-0220,professional,SYN-FACE-02,nose,0.14589001960301498
SYN-P-0220,professional,SYN-FACE-02,mouth,0.27408557981191145
SYN-P-0220,professional,SYN-FACE-02,other,0.08871060659987402
SYN-P-0220,professional,SYN-FACE-03,left_eye,0.3714095768071635
SYN-P-0220,professional,SYN-FACE-03,right_eye,0.3230166531858793
SYN-P-0220,professional,SYN-FACE-03,nose,0.10187952867893878
SYN-P-0220,professional,SYN-FACE-03,mouth,0.20369424132801842
SYN-P-0220,professional,SYN-FACE-03,other,0.0
SYN-P-0221,professional,SYN-FACE-01,left_eye,0.2244221733249563
SYN-P-0221,professional,SYN-FACE-01,right_eye,0.10912412854343358
SYN-P-0221,professional,SYN-FACE-01,nose,0.3316118467287101
SYN-P-0221,professional,SYN-FACE-01,mouth,0.3348418514029
SYN-P-0221,professional,SYN-FACE-01,other,0.0
SYN-P-0221,professional,SYN-FACE-02,left_eye,0.26331636087646854
SYN-P-0221,professional,SYN-FACE-02,right_eye,0.39527293571360633
SYN-P-0221,professional,SYN-FACE-02,nose,0.036537444279228296
SYN-P-0221,professional,SYN-FACE-02,mouth,0.1997997070935775
SYN-P-0221,professional,SYN-FACE-02,other,0.10507355203711928
SYN-P-0221,professional,SYN-FACE-03,left_eye,0.18187541476492966
SYN-P-0221,professional,SYN-FACE-03,right_eye,0.28187242921229294
SYN-P-0221,professional,SYN-FACE-03,nose,0.3613183653731144
SYN-P-0221,professional,SYN-FACE-03,mouth,0.14766899084085786
SYN-P-0221,professional,SYN-FACE-03,other,0.027264799808805043
SYN-P-0222,professional,SYN-FACE-01,left_eye,0.244697677582763
SYN-P-0222,professional,SYN-FACE-01,right_eye,0.30289648313209955
SYN-P-0222,professional,SYN-FACE-01,nose,0.17734025232224682
SYN-P-0222,professional,SYN-FACE-01,mouth,0.2475957260221483
SYN-P-0222,professional,SYN-FACE-01,other,0.02746986094074231
SYN-P-0222,professional,SYN-FACE-02,left_eye,0.08022927816224774
SYN-P-0222,professional,SYN-FACE-02,right_eye,0.3294106277162311
SYN-P-0222,professional,SYN-FACE-02,nose,0.3991352384007331
SYN-P-0222,professional,SYN-FACE-02,mouth,0.16452388383933605
SYN-P-0222,professional,SYN-FACE-02,other,0.02670097188145198
SYN-P-0222,professional,SYN-FACE-03,left_eye,0.3626780913456854
SYN-P-0222,professional,SYN-FACE-03,right_eye,0.20956966572065647
SYN-P-0222,professional,SYN-FACE-03,nose,0.1906019152479016
SYN-P-0222,professional,SYN-FACE-03,mouth,0.2371503276857566
SYN-P-0222,professional,SYN-FACE-03,other,0.0
SYN-P-0223,professional,SYN-FACE-01,left_eye,0.1987422563501229
SYN-P-0223,professional,SYN-FACE-01,right_eye,0.3705996648398192
SYN-P-0223,professional,SYN-FACE-01,nose,0.3059036379212668
SYN-P-0223,professional,SYN-FACE-01,mouth,0.0959376595979197
SYN-P-0223,professional,SYN-FACE-01,other,0.028816781290871285
SYN-P-0223,professional,SYN-FACE-02,left_eye,0.36981068540590817
SYN-P-0223,professional,SYN-FACE-02,right_eye,0.03695487480118226
SYN-P-0223,professional,SYN-FACE-02,nose,0.1621177350330617
SYN-P-0223,professional,SYN-FACE-02,mouth,0.21833952268804552
SYN-P-0223,professional,SYN-FACE-02,other,0.21277718207180227
SYN-P-0223,professional,SYN-FACE-03,left_eye,0.22910823041853962
SYN-P-0223,professional,SYN-FACE-03,right_eye,0.13430010193066594
SYN-P-0223,professional,SYN-FACE-03,nose,0.3230577366906684
SYN-P-0223,professional,SYN-FACE-03,mouth,0.31353393096012605
SYN-P-0223,professional,SYN-FACE-03,other,0.0
SYN-P-0224,professional,SYN-FACE-01,left_eye,0.2511053257333345
SYN-P-0224,professional,SYN-FACE-01,right_eye,0.2189355164335689
SYN-P-0224,professional,SYN-FACE-01,nose,0.13890038651188055
SYN-P-0224,professional,SYN-FACE-01,mouth,0.31121414124386715
SYN-P-0224,professional,SYN-FACE-01,other,0.0798446300773489
SYN-P-0224,professional,SYN-FACE-02,left_eye,0.2740789073185075
SYN-P-0224,professional,SYN-FACE-02,right_eye,0.26563419379110614
SYN-P-0224,professional,SYN-FACE-02,nose,0.15478659884409168
SYN-P-0224,professional,SYN-FACE-02,mouth,0.180759672985739
SYN-P-0224,professional,SYN-FACE-02,other,0.12474062706055576
SYN-P-0224,professional,SYN-FACE-03,left_eye,0.5115341623941971
SYN-P-0224,professional,SYN-FACE-03,right_eye,0.1504604242661761
SYN-P-0224,professional,SYN-FACE-03,nose,0.06243253738519222
SYN-P-0224,professional,SYN-FACE-03,mouth,0.235770861474337
SYN-P-0224,professional,SYN-FACE-03,other,0.039802014480097604
SYN-P-0225,professional,SYN-FACE-01,left_eye,0.2930754642881268
SYN-P-0225,professional,SYN-FACE-01,right_eye,0.2065988076716048
SYN-P-0225,professional,SYN-FACE-01,nose,0.11433653196120398
SYN-P-0225,professional,SYN-FACE-01,mouth,0.337964511852338
SYN-P-0225,professional,SYN-FACE-01,other,0.04802468422672643
SYN-P-0225,professional,SYN-FACE-02,left_eye,0.1531381429683549
SYN-P-0225,professional,SYN-FACE-02,right_eye,0.4260396031924361
SYN-P-0225,professional,SYN-FACE-02,nose,0.1410708085375562
SYN-P-0225,professional,SYN-FACE-02,mouth,0.27975144530165286
SYN-P-0225,professional,SYN-FACE-02,other,0.0
SYN-P-0225,professional,SYN-FACE-03,left_eye,0.4188699010903896
SYN-P-0225,professional,SYN-FACE-03,right_eye,0.1485515583858733
SYN-P-0225,professional,SYN-FACE-03,nose,0.20710483714213096
SYN-P-0225,professional,SYN-FACE-03,mouth,0.1983585115773371
SYN-P-0225,professional,SYN-FACE-03,other,0.027115191804268995
SYN-P-0226,professional,SYN-FACE-01,left_eye,0.4332480361299094
SYN-P-0226,professional,SYN-FACE-01,right_eye,0.060715669554682355
SYN-P-0226,professional,SYN-FACE-01,nose,0.34225663584021226
SYN-P-0226,professional,SYN-FACE-01,mouth,0.12580795865537342
SYN-P-0226,professional,SYN-FACE-01,other,0.037971699819822576
SYN-P-0226,professional,SYN-FACE-02,left_eye,0.1759896179056986
SYN-P-0226,professional,SYN-FACE-02,right_eye,0.30146990568037996
SYN-P-0226,professional,SYN-FACE-02,nose,0.14928061718017016
SYN-P-0226,professional,SYN-FACE-02,mouth,0.37325985923375127
SYN-P-0226,professional,SYN-FACE-02,other,0.0
SYN-P-0226,professional,SYN-FACE-03,left_eye,0.44935634363183646
SYN-P-0226,professional,SYN-FACE-03,right_eye,0.15316606070009894
SYN-P-0226,professional,SYN-FACE-03,nose,0.1798936415663623
SYN-P-0226,professional,SYN-FACE-03,mouth,0.11306137282124867
SYN-P-0226,professional,SYN-FACE-03,other,0.10452258128045364
SYN-P-0227,professional,SYN-FACE-01,left_eye,0.06414018990042039
SYN-P-0227,professional,SYN-FACE-01,right_eye,0.30617116546790996
SYN-P-0227,professional,SYN-FACE-01,nose,0.2628577120123573
SYN-P-0227,professional,SYN-FACE-01,mouth,0.24323012499887522
SYN-P-0227,professional,SYN-FACE-01,other,0.12360080762043717
SYN-P-0227,professional,SYN-FACE-02,left_eye,0.2452024232436525
SYN-P-0227,professional,SYN-FACE-02,right_eye,0.12184607749174459
SYN-P-0227,professional,SYN-FACE-02,nose,0.3486986270090352
SYN-P-0227,professional,SYN-FACE-02,mouth,0.2500491337005903
SYN-P-0227,professional,SYN-FACE-02,other,0.03420373855497741
SYN-P-0227,professional,SYN-FACE-03,left_eye,0.1949155349773441
SYN-P-0227,professional,SYN-FACE-03,right_eye,0.14866279638915236
SYN-P-0227,professional,SYN-FACE-03,nose,0.27404669392042574
SYN-P-0227,professional,SYN-FACE-03,mouth,0.22208083615355834
SYN-P-0227,professional,SYN-FACE-03,other,0.16029413855951946
SYN-P-0228,professional,SYN-FACE-01,left_eye,0.1396120156579107
SYN-P-0228,professional,SYN-FACE-01,right_eye,0.2839364814782283
SYN-P-0228,professional,SYN-FACE-01,nose,0.10453916290831401
SYN-P-0228,professional,SYN-FACE-01,mouth,0.3200161687834238
SYN-P-0228,professional,SYN-FACE-01,other,0.15189617117212315
SYN-P-0228,professional,SYN-FACE-02,left_eye,0.24527125261323884
SYN-P-0228,professional,SYN-FACE-02,right_eye,0.15127503680022653
SYN-P-0228,professional,SYN-FACE-02,nose,0.1697780917999338
SYN-P-0228,professional,SYN-FACE-02,mouth,0.36933322422846604
SYN-P-0228,professional,SYN-FACE-02,other,0.06434239455813479
SYN-P-0228,professional,SYN-FACE-03,left_eye,0.4305835797342313
SYN-P-0228,professional,SYN-FACE-03,right_eye,0.22838000250853646
SYN-P-0228,professional,SYN-FACE-03,nose,0.09433867529570833
SYN-P-0228,professional,SYN-FACE-03,mouth,0.20698291929082846
SYN-P-0228,professional,SYN-FACE-03,other,0.03971482317069545
SYN-P-0229,professional,SYN-FACE-01,left_eye,0.18337368766573656
SYN-P-0229,professional,SYN-FACE-01,right_eye,0.22553121512155674
SYN-P-0229,professional,SYN-FACE-01,nose,0.33999885001342445
SYN-P-0229,professional,SYN-FACE-01,mouth,0.21640952469253977
SYN-P-0229,professional,SYN-FACE-01,other,0.03468672250674249
SYN-P-0229,professional,SYN-FACE-02,left_eye,0.2700301162694344
SYN-P-0229,professional,SYN-FACE-02,right_eye,0.1768433978224681
SYN-P-0229,professional,SYN-FACE-02,nose,0.2891235527229269
SYN-P-0229,professional,SYN-FACE-02,mouth,0.17496757761810092
SYN-P-0229,professional,SYN-FACE-02,other,0.0890353555670697
SYN-P-0229,professional,SYN-FACE-03,left_eye,0.30528936945785157
SYN-P-0229,professional,SYN-FACE-03,right_eye,0.19856609959350266
SYN-P-0229,professional,SYN-FACE-03,nose,0.28974907796910043
SYN-P-0229,professional,SYN-FACE-03,mouth,0.1377794917718655
SYN-P-0229,professional,SYN-FACE-03,other,0.0686159612076798
SYN-P-0230,professional,SYN-FACE-01,left_eye,0.258669345750839
SYN-P-0230,professional,SYN-FACE-01,right_eye,0.11123304944236694
SYN-P-0230,professional,SYN-FACE-01,nose,0.20966191558556435
SYN-P-0230,professional,SYN-FACE-01,mouth,0.4204356892212297
SYN-P-0230,professional,SYN-FACE-01,other,0.0
SYN-P-0230,professional,SYN-FACE-02,left_eye,0.29075794458193044
SYN-P-0230,professional,SYN-FACE-02,right_eye,0.24636840668115
SYN-P-0230,professional,SYN-FACE-02,nose,0.0751095366546888
SYN-P-0230,professional,SYN-FACE-02,mouth,0.2925982525785624
SYN-P-0230,professional,SYN-FACE-02,other,0.09516585950366835
SYN-P-0230,professional,SYN-FACE-03,left_eye,0.30673178839665494
SYN-P-0230,professional,SYN-FACE-03,right_eye,0.11633708232665722
SYN-P-0230,professional,SYN-FACE-03,nose,0.1530921503819734
SYN-P-0230,professional,SYN-FACE-03,mouth,0.4238389788947145
SYN-P-0230,professional,SYN-FACE-03,other,0.0
SYN-P-0231,professional,SYN-FACE-01,left_eye,0.08999697505461432
SYN-P-0231,professional,SYN-FACE-01,right_eye,0.15289064330674915
SYN-P-0231,professional,SYN-FACE-01,nose,0.27256000692837695
SYN-P-0231,professional,SYN-FACE-01,mouth,0.3623473491139164
SYN-P-0231,professional,SYN-FACE-01,other,0.1222050255963431
SYN-P-0231,professional,SYN-FACE-02,left_eye,0.05620127306338259
SYN-P-0231,professional,SYN-FACE-02,right_eye,0.31727390544233114
SYN-P-0231,professional,SYN-FACE-02,nose,0.2618958910720697
SYN-P-0231,professional,SYN-FACE-02,mouth,0.2344579579825352
SYN-P-0231,professional,SYN-FACE-02,other,0.1301709724396814
SYN-P-0231,professional,SYN-FACE-03,left_eye,0.4940641169876689
SYN-P-0231,professional,SYN-FACE-03,right_eye,0.20548945305965574
SYN-P-0231,professional,SYN-FACE-03,nose,0.141305265367101
SYN-P-0231,professional,SYN-FACE-03,mouth,0.1591411645855743
SYN-P-0231,professional,SYN-FACE-03,other,0.0
SYN-P-0232,professional,SYN-FACE-01,left_eye,0.40053029098112897
SYN-P-0232,professional,SYN-FACE-01,right_eye,0.15637131516185238
SYN-P-0232,professional,SYN-FACE-01,nose,0.14537113709840824
SYN-P-0232,professional,SYN-FACE-01,mouth,0.2570071771871355
SYN-P-0232,professional,SYN-FACE-01,other,0.040720079571474936
SYN-P-0232,professional,SYN-FACE-02,left_eye,0.24222681508618138
SYN-P-0232,professional,SYN-FACE-02,right_eye,0.2022222562120894
SYN-P-0232,professional,SYN-FACE-02,nose,0.21377226027369517
SYN-P-0232,professional,SYN-FACE-02,mouth,0.2444318442732438
SYN-P-0232,professional,SYN-FACE-02,other,0.09734682415479019
SYN-P-0232,professional,SYN-FACE-03,left_eye,0.4964654779402265
SYN-P-0232,professional,SYN-FACE-03,right_eye,0.07705262063240477
SYN-P-0232,professional,SYN-FACE-03,nose,0.29864680101487495
SYN-P-0232,professional,SYN-FACE-03,mouth,0.10012364131872152
SYN-P-0232,professional,SYN-FACE-03,other,0.02771145909377229
SYN-P-0233,professional,SYN-FACE-01,left_eye,0.2265822060771418
SYN-P-0233,professional,SYN-FACE-01,right_eye,0.27177717497501347
SYN-P-0233,professional,SYN-FACE-01,nose,0.2061134185789675
SYN-P-0233,professional,SYN-FACE-01,mouth,0.26525102310706056
SYN-P-0233,professional,SYN-FACE-01,other,0.030276177261816667
SYN-P-0233,professional,SYN-FACE-02,left_eye,0.09571109443720388
SYN-P-0233,professional,SYN-FACE-02,right_eye,0.331989435447699
SYN-P-0233,professional,SYN-FACE-02,nose,0.13638077785183808
SYN-P-0233,professional,SYN-FACE-02,mouth,0.27925437466134007
SYN-P-0233,professional,SYN-FACE-02,other,0.15666431760191904
SYN-P-0233,professional,SYN-FACE-03,left_eye,0.2562351835031909
SYN-P-0233,professional,SYN-FACE-03,right_eye,0.14826592592487758
SYN-P-0233,professional,SYN-FACE-03,nose,0.31460970852452436
SYN-P-0233,professional,SYN-FACE-03,mouth,0.21575222624563714
SYN-P-0233,professional,SYN-FACE-03,other,0.06513695580177
SYN-P-0234,professional,SYN-FACE-01,left_eye,0.32700856996515165
SYN-P-0234,professional,SYN-FACE-01,right_eye,0.20620340149799904
SYN-P-0234,professional,SYN-FACE-01,nose,0.3466142168718364
SYN-P-0234,professional,SYN-FACE-01,mouth,0.12017381166501286
SYN-P-0234,professional,SYN-FACE-01,other,0.0
SYN-P-0234,professional,SYN-FACE-02,left_eye,0.15554913353095445
SYN-P-0234,professional,SYN-FACE-02,right_eye,0.22909562470845074
SYN-P-0234,professional,SYN-FACE-02,nose,0.3072454315111503
SYN-P-0234,professional,SYN-FACE-02,mouth,0.3081098102494445
SYN-P-0234,professional,SYN-FACE-02,other,0.0
SYN-P-0234,professional,SYN-FACE-03,left_eye,0.42696314193323753
SYN-P-0234,professional,SYN-FACE-03,right_eye,0.22530341596402512
SYN-P-0234,professional,SYN-FACE-03,nose,0.14577096242762322
SYN-P-0234,professional,SYN-FACE-03,mouth,0.07415061516259154
SYN-P-0234,professional,SYN-FACE-03,other,0.12781186451252255
SYN-P-0235,professional,SYN-FACE-01,left_eye,0.5136811957034745
SYN-P-0235,professional,SYN-FACE-01,right_eye,0.07713634486218347
SYN-P-0235,professional,SYN-FACE-01,nose,0.17492787751641573
SYN-P-0235,professional,SYN-FACE-01,mouth,0.19271074496176335
SYN-P-0235,professional,SYN-FACE-01,other,0.04154383695616302
SYN-P-0235,professional,SYN-FACE-02,left_eye,0.03776120244729036
SYN-P-0235,professional,SYN-FACE-02,right_eye,0.2502204205868483
SYN-P-0235,professional,SYN-FACE-02,nose,0.13264712889119393
SYN-P-0235,professional,SYN-FACE-02,mouth,0.5050229068567119
SYN-P-0235,professional,SYN-FACE-02,other,0.07434834121795555
SYN-P-0235,professional,SYN-FACE-03,left_eye,0.21510923291219883
SYN-P-0235,professional,SYN-FACE-03,right_eye,0.22525340447667733
SYN-P-0235,professional,SYN-FACE-03,nose,0.1632424705986662
SYN-P-0235,professional,SYN-FACE-03,mouth,0.17687232989369886
SYN-P-0235,professional,SYN-FACE-03,other,0.21952256211875873
SYN-P-0236,professional,SYN-FACE-01,left_eye,0.1742447847662584
SYN-P-0236,professional,SYN-FACE-01,right_eye,0.4874572164325898
SYN-P-0236,professional,SYN-FACE-01,nose,0.20188336029545426
SYN-P-0236,professional,SYN-FACE-01,mouth,0.13641463850569754
SYN-P-0236,professional,SYN-FACE-01,other,0.0
SYN-P-0236,professional,SYN-FACE-02,left_eye,0.2961629064118491
SYN-P-0236,professional,SYN-FACE-02,right_eye,0.1902378465371088
SYN-P-0236,professional,SYN-FACE-02,nose,0.24555868067051123
SYN-P-0236,professional,SYN-FACE-02,mouth,0.2680405663805309
SYN-P-0236,professional,SYN-FACE-02,other,0.0
SYN-P-0236,professional,SYN-FACE-03,left_eye,0.2593138471648909
SYN-P-0236,professional,SYN-FACE-03,right_eye,0.2902624751076219
SYN-P-0236,professional,SYN-FACE-03,nose,0.14899286030736048
SYN-P-0236,professional,SYN-FACE-03,mouth,0.2556383325455452
SYN-P-0236,professional,SYN-FACE-03,other,0.045792484874581645
SYN-P-0237,professional,SYN-FACE-01,left_eye,0.17867626637044443
SYN-P-0237,professional,SYN-FACE-01,right_eye,0.15342045336759383
SYN-P-0237,professional,SYN-FACE-01,nose,0.3923818747155798
SYN-P-0237,professional,SYN-FACE-01,mouth,0.19230809971869545
SYN-P-0237,professional,SYN-FACE-01,other,0.08321330582768653
SYN-P-0237,professional,SYN-FACE-02,left_eye,0.4108773740195798
SYN-P-0237,professional,SYN-FACE-02,right_eye,0.32066985449343455
SYN-P-0237,professional,SYN-FACE-02,nose,0.09608280597495361
SYN-P-0237,professional,SYN-FACE-02,mouth,0.17236996551203196
SYN-P-0237,professional,SYN-FACE-02,other,0.0
SYN-P-0237,professional,SYN-FACE-03,left_eye,0.44716937249351885
SYN-P-0237,professional,SYN-FACE-03,right_eye,0.37307362959970636
SYN-P-0237,professional,SYN-FACE-03,nose,0.08586134502334014
SYN-P-0237,professional,SYN-FACE-03,mouth,0.06553338322875354
SYN-P-0237,professional,SYN-FACE-03,other,0.028362269654681107
SYN-P-0238,professional,SYN-FACE-01,left_eye,0.14644954077945355
SYN-P-0238,professional,SYN-FACE-01,right_eye,0.43746211276776287
SYN-P-0238,professional,SYN-FACE-01,nose,0.2753303379848222
SYN-P-0238,professional,SYN-FACE-01,mouth,0.14075800846796135
SYN-P-0238,professional,SYN-FACE-01,other,0.0
SYN-P-0238,professional,SYN-FACE-02,left_eye,0.1422079302378962
SYN-P-0238,professional,SYN-FACE-02,right_eye,0.2019511858602128
SYN-P-0238,professional,SYN-FACE-02,nose,0.3581850356980293
SYN-P-0238,professional,SYN-FACE-02,mouth,0.2765483429714807
SYN-P-0238,professional,SYN-FACE-02,other,0.02110750523238109
SYN-P-0238,professional,SYN-FACE-03,left_eye,0.1444139726145547
SYN-P-0238,professional,SYN-FACE-03,right_eye,0.19408306442357362
SYN-P-0238,professional,SYN-FACE-03,nose,0.2724106045202986
SYN-P-0238,professional,SYN-FACE-03,mouth,0.31117323800727476
SYN-P-0238,professional,SYN-FACE-03,other,0.07791912043429827
SYN-P-0239,professional,SYN-FACE-01,left_eye,0.2071532608936899
SYN-P-0239,professional,SYN-FACE-01,right_eye,0.17149866162539584
SYN-P-0239,professional,SYN-FACE-01,nose,0.20672541779344816
SYN-P-0239,professional,SYN-FACE-01,mouth,0.3761835334136744
SYN-P-0239,professional,SYN-FACE-01,other,0.038439126273791764
SYN-P-0239,professional,SYN-FACE-02,left_eye,0.25362194005681316
SYN-P-0239,professional,SYN-FACE-02,right_eye,0.2216164002403974
SYN-P-0239,professional,SYN-FACE-02,nose,0.10946925382362889
SYN-P-0239,professional,SYN-FACE-02,mouth,0.3396404932965272
SYN-P-0239,professional,SYN-FACE-02,other,0.07565191258263339
SYN-P-0239,professional,SYN-FACE-03,left_eye,0.08256836731151665
SYN-P-0239,professional,SYN-FACE-03,right_eye,0.37431268782455773
SYN-P-0239,professional,SYN-FACE-03,nose,0.39073603899447545
SYN-P-0239,professional,SYN-FACE-03,mouth,0.08417291212131377
SYN-P-0239,professional,SYN-FACE-03,other,0.06820999374813644
SYN-P-0240,professional,SYN-FACE-01,left_eye,0.1752559187656822
SYN-P-0240,professional,SYN-FACE-01,right_eye,0.24870020312171853
SYN-P-0240,professional,SYN-FACE-01,nose,0.12251103828391016
SYN-P-0240,professional,SYN-FACE-01,mouth,0.45353283982868914
SYN-P-0240,professional,SYN-FACE-01,other,0.0
SYN-P-0240,professional,SYN-FACE-02,left_eye,0.2673961075782882
SYN-P-0240,professional,SYN-FACE-02,right_eye,0.2165650484559862
SYN-P-0240,professional,SYN-FACE-02,nose,0.1642566117308714
SYN-P-0240,professional,SYN-FACE-02,mouth,0.24421356212098114
SYN-P-0240,professional,SYN-FACE-02,other,0.107568670113873
SYN-P-0240,professional,SYN-FACE-03,left_eye,0.32427367964606885
SYN-P-0240,professional,SYN-FACE-03,right_eye,0.07321890409264314
SYN-P-0240,professional,SYN-FACE-03,nose,0.1593158008508924
SYN-P-0240,professional,SYN-FACE-03,mouth,0.34272494938959036
SYN-P-0240,professional,SYN-FACE-03,other,0.10046666602080527
SYN-P-0241,professional,SYN-FACE-01,left_eye,0.33559264292705276
SYN-P-0241,professional,SYN-FACE-01,right_eye,0.08296077218829967
SYN-P-0241,professional,SYN-FACE-01,nose,0.37215766845850845
SYN-P-0241,professional,SYN-FACE-01,mouth,0.1360271086613045
SYN-P-0241,professional,SYN-FACE-01,other,0.0732618077648346
SYN-P-0241,professional,SYN-FACE-02,left_eye,0.04827465787821189
SYN-P-0241,professional,SYN-FACE-02,right_eye,0.3494779756881303
SYN-P-0241,professional,SYN-FACE-02,nose,0.1648584729225133
SYN-P-0241,professional,SYN-FACE-02,mouth,0.2463534543825904
SYN-P-0241,professional,SYN-FACE-02,other,0.19103543912855414
SYN-P-0241,professional,SYN-FACE-03,left_eye,0.48101395497018345
SYN-P-0241,professional,SYN-FACE-03,right_eye,0.16559371077058044
SYN-P-0241,professional,SYN-FACE-03,nose,0.10590696093607585
SYN-P-0241,professional,SYN-FACE-03,mouth,0.22557071325231362
SYN-P-0241,professional,SYN-FACE-03,other,0.021914660070846696
SYN-P-0242,professional,SYN-FACE-01,left_eye,0.30747089354410817
SYN-P-0242,professional,SYN-FACE-01,right_eye,0.36608772452628624
SYN-P-0242,professional,SYN-FACE-01,nose,0.0
SYN-P-0242,professional,SYN-FACE-01,mouth,0.24987997998907155
SYN-P-0242,professional,SYN-FACE-01,other,0.07656140194053412
SYN-P-0242,professional,SYN-FACE-02,left_eye,0.23700471515841312
SYN-P-0242,professional,SYN-FACE-02,right_eye,0.0
SYN-P-0242,professional,SYN-FACE-02,nose,0.2975300840556782
SYN-P-0242,professional,SYN-FACE-02,mouth,0.46546520078590864
SYN-P-0242,professional,SYN-FACE-02,other,0.0
SYN-P-0242,professional,SYN-FACE-03,left_eye,0.40514728387997145
SYN-P-0242,professional,SYN-FACE-03,right_eye,0.22756127695171646
SYN-P-0242,professional,SYN-FACE-03,nose,0.03408565558170613
SYN-P-0242,professional,SYN-FACE-03,mouth,0.26549761633161256
SYN-P-0242,professional,SYN-FACE-03,other,0.06770816725499335
SYN-P-0243,professional,SYN-FACE-01,left_eye,0.21117189527614738
SYN-P-0243,professional,SYN-FACE-01,right_eye,0.3140328872425855
SYN-P-0243,professional,SYN-FACE-01,nose,0.2841727776326768
SYN-P-0243,professional,SYN-FACE-01,mouth,0.19062243984859029
SYN-P-0243,professional,SYN-FACE-01,other,0.0
SYN-P-0243,professional,SYN-FACE-02,left_eye,0.18283643970266936
SYN-P-0243,professional,SYN-FACE-02,right_eye,0.39121612137625933
SYN-P-0243,professional,SYN-FACE-02,nose,0.14006425614669454
SYN-P-0243,professional,SYN-FACE-02,mouth,0.2858831827743767
SYN-P-0243,professional,SYN-FACE-02,other,0.0
SYN-P-0243,professional,SYN-FACE-03,left_eye,0.2609267530302452
SYN-P-0243,professional,SYN-FACE-03,right_eye,0.3601870085864329
SYN-P-0243,professional,SYN-FACE-03,nose,0.0
SYN-P-0243,professional,SYN-FACE-03,mouth,0.34255567197849873
SYN-P-0243,professional,SYN-FACE-03,other,0.0363305664048232
SYN-P-0244,professional,SYN-FACE-01,left_eye,0.2208555419119323
SYN-P-0244,professional,SYN-FACE-01,right_eye,0.18679645446707022
SYN-P-0244,professional,SYN-FACE-01,nose,0.18175911509593842
SYN-P-0244,professional,SYN-FACE-01,mouth,0.22201242733866583
SYN-P-0244,professional,SYN-FACE-01,other,0.1885764611863932
SYN-P-0244,professional,SYN-FACE-02,left_eye,0.21925113822671305
SYN-P-0244,professional,SYN-FACE-02,right_eye,0.31532949205258765
SYN-P-0244,professional,SYN-FACE-02,nose,0.09666605887774729
SYN-P-0244,professional,SYN-FACE-02,mouth,0.368753310842952
SYN-P-0244,professional,SYN-FACE-02,other,0.0
SYN-P-0244,professional,SYN-FACE-03,left_eye,0.2182164656376364
SYN-P-0244,professional,SYN-FACE-03,right_eye,0.28996851776835036
SYN-P-0244,professional,SYN-FACE-03,nose,0.2791282299719411
SYN-P-0244,professional,SYN-FACE-03,mouth,0.18507199262532348
SYN-P-0244,professional,SYN-FACE-03,other,0.027614793996748713
SYN-P-0245,professional,SYN-FACE-01,left_eye,0.07742268027339551
SYN-P-0245,professional,SYN-FACE-01,right_eye,0.32507937995026503
SYN-P-0245,professional,SYN-FACE-01,nose,0.08656681057678808
SYN-P-0245,professional,SYN-FACE-01,mouth,0.38313930170308225
SYN-P-0245,professional,SYN-FACE-01,other,0.1277918274964691
SYN-P-0245,professional,SYN-FACE-02,left_eye,0.23400199949923972
SYN-P-0245,professional,SYN-FACE-02,right_eye,0.29281164765463885
SYN-P-0245,professional,SYN-FACE-02,nose,0.1983404371163755
SYN-P-0245,professional,SYN-FACE-02,mouth,0.19628682218013369
SYN-P-0245,professional,SYN-FACE-02,other,0.07855909354961221
SYN-P-0245,professional,SYN-FACE-03,left_eye,0.3124141139676128
SYN-P-0245,professional,SYN-FACE-03,right_eye,0.18798675407671345
SYN-P-0245,professional,SYN-FACE-03,nose,0.16656706174980504
SYN-P-0245,professional,SYN-FACE-03,mouth,0.24712792636992628
SYN-P-0245,professional,SYN-FACE-03,other,0.0859041438359424
SYN-P-0246,professional,SYN-FACE-01,left_eye,0.32411859059604214
SYN-P-0246,professional,SYN-FACE-01,right_eye,0.2722474364662491
SYN-P-0246,professional,SYN-FACE-01,nose,0.17700312991723788
SYN-P-0246,professional,SYN-FACE-01,mouth,0.2266308430204709
SYN-P-0246,professional,SYN-FACE-01,other,0.0
SYN-P-0246,professional,SYN-FACE-02,left_eye,0.28784786640884624
SYN-P-0246,professional,SYN-FACE-02,right_eye,0.1660634702669383
SYN-P-0246,professional,SYN-FACE-02,nose,0.0337277531871352
SYN-P-0246,professional,SYN-FACE-02,mouth,0.39151408040631835
SYN-P-0246,professional,SYN-FACE-02,other,0.12084682973076182
SYN-P-0246,professional,SYN-FACE-03,left_eye,0.29117504849929926
SYN-P-0246,professional,SYN-FACE-03,right_eye,0.2205275228634547
SYN-P-0246,professional,SYN-FACE-03,nose,0.21495797006950323
SYN-P-0246,professional,SYN-FACE-03,mouth,0.18722594933519204
SYN-P-0246,professional,SYN-FACE-03,other,0.08611350923255069
SYN-P-0247,professional,SYN-FACE-01,left_eye,0.17054248927899754
SYN-P-0247,professional,SYN-FACE-01,right_eye,0.20182915605995955
SYN-P-0247,professional,SYN-FACE-01,nose,0.3642067853310146
SYN-P-0247,professional,SYN-FACE-01,mouth,0.17937423020946017
SYN-P-0247,professional,SYN-FACE-01,other,0.08404733912056823
SYN-P-0247,professional,SYN-FACE-02,left_eye,0.2075093304513306
SYN-P-0247,professional,SYN-FACE-02,right_eye,0.13899360415880788
SYN-P-0247,professional,SYN-FACE-02,nose,0.05509034108575247
SYN-P-0247,professional,SYN-FACE-02,mouth,0.4596492251442683
SYN-P-0247,professional,SYN-FACE-02,other,0.13875749915984065
SYN-P-0247,professional,SYN-FACE-03,left_eye,0.4110465211739072
SYN-P-0247,professional,SYN-FACE-03,right_eye,0.11788117276032664
SYN-P-0247,professional,SYN-FACE-03,nose,0.216282826693927
SYN-P-0247,professional,SYN-FACE-03,mouth,0.2106293535907381
SYN-P-0247,professional,SYN-FACE-03,other,0.044160125781101116
SYN-P-0248,professional,SYN-FACE-01,left_eye,0.26974719243329803
SYN-P-0248,professional,SYN-FACE-01,right_eye,0.3360834577362863
SYN-P-0248,professional,SYN-FACE-01,nose,0.17355670641011123
SYN-P-0248,professional,SYN-FACE-01,mouth,0.16678711687136735
SYN-P-0248,professional,SYN-FACE-01,other,0.05382552654893716
SYN-P-0248,professional,SYN-FACE-02,left_eye,0.2706020107162385
SYN-P-0248,professional,SYN-FACE-02,right_eye,0.3101752300685766
SYN-P-0248,professional,SYN-FACE-02,nose,0.28696347710866676
SYN-P-0248,professional,SYN-FACE-02,mouth,0.09307252501400393
SYN-P-0248,professional,SYN-FACE-02,other,0.0391867570925142
SYN-P-0248,professional,SYN-FACE-03,left_eye,0.3103831846747979
SYN-P-0248,professional,SYN-FACE-03,right_eye,0.25498841543749773
SYN-P-0248,professional,SYN-FACE-03,nose,0.14359944668630792
SYN-P-0248,professional,SYN-FACE-03,mouth,0.07530156673597817
SYN-P-0248,professional,SYN-FACE-03,other,0.2157273864654183
SYN-P-0249,professional,SYN-FACE-01,left_eye,0.09409858452696904
SYN-P-0249,professional,SYN-FACE-01,right_eye,0.037832232126520524
SYN-P-0249,professional,SYN-FACE-01,nose,0.34920206680553706
SYN-P-0249,professional,SYN-FACE-01,mouth,0.4271249077321319
SYN-P-0249,professional,SYN-FACE-01,other,0.0917422088088415
SYN-P-0249,professional,SYN-FACE-02,left_eye,0.29609321029069086
SYN-P-0249,professional,SYN-FACE-02,right_eye,0.16938091456818447
SYN-P-0249,professional,SYN-FACE-02,nose,0.16712158738860286
SYN-P-0249,professional,SYN-FACE-02,mouth,0.31524020829754285
SYN-P-0249,professional,SYN-FACE-02,other,0.05216407945497898
SYN-P-0249,professional,SYN-FACE-03,left_eye,0.14413960581623145
SYN-P-0249,professional,SYN-FACE-03,right_eye,0.3552169810757208
SYN-P-0249,professional,SYN-FACE-03,nose,0.13024315780942125
SYN-P-0249,professional,SYN-FACE-03,mouth,0.2978792787981379
SYN-P-0249,professional,SYN-FACE-03,other,0.07252097650048858
SYN-P-0250,professional,SYN-FACE-01,left_eye,0.15361356616560323
SYN-P-0250,professional,SYN-FACE-01,right_eye,0.20434150779724775
SYN-P-0250,professional,SYN-FACE-01,nose,0.3713754287651077
SYN-P-0250,professional,SYN-FACE-01,mouth,0.27066949727204137
SYN-P-0250,professional,SYN-FACE-01,other,0.0
SYN-P-0250,professional,SYN-FACE-02,left_eye,0.21367686968473507
SYN-P-0250,professional,SYN-FACE-02,right_eye,0.2744227591047068
SYN-P-0250,professional,SYN-FACE-02,nose,0.12545107078390516
SYN-P-0250,professional,SYN-FACE-02,mouth,0.351995623192057
SYN-P-0250,professional,SYN-FACE-02,other,0.03445367723459593
SYN-P-0250,professional,SYN-FACE-03,left_eye,0.08297617151773107
SYN-P-0250,professional,SYN-FACE-03,right_eye,0.20215872110101496
SYN-P-0250,professional,SYN-FACE-03,nose,0.5105434190553391
SYN-P-0250,professional,SYN-FACE-03,mouth,0.12450440803511774
SYN-P-0250,professional,SYN-FACE-03,other,0.0798172802907972
SYN-P-0251,professional,SYN-FACE-01,left_eye,0.13394430531853788
SYN-P-0251,professional,SYN-FACE-01,right_eye,0.3708600235822516
SYN-P-0251,professional,SYN-FACE-01,nose,0.23139485562567103
SYN-P-0251,professional,SYN-FACE-01,mouth,0.19053439097802086
SYN-P-0251,professional,SYN-FACE-01,other,0.0732664244955186
SYN-P-0251,professional,SYN-FACE-02,left_eye,0.2799026726295428
SYN-P-0251,professional,SYN-FACE-02,right_eye,0.20238445920164086
SYN-P-0251,professional,SYN-FACE-02,nose,0.3359498068004678
SYN-P-0251,professional,SYN-FACE-02,mouth,0.18176306136834852
SYN-P-0251,professional,SYN-FACE-02,other,0.0
SYN-P-0251,professional,SYN-FACE-03,left_eye,0.30072144163475817
SYN-P-0251,professional,SYN-FACE-03,right_eye,0.2389267923145105
SYN-P-0251,professional,SYN-FACE-03,nose,0.08160834757197608
SYN-P-0251,professional,SYN-FACE-03,mouth,0.3391530384209715
SYN-P-0251,professional,SYN-FACE-03,other,0.03959038005778386
SYN-P-0252,professional,SYN-FACE-01,left_eye,0.2460567201424459
SYN-P-0252,professional,SYN-FACE-01,right_eye,0.2037316115322586
SYN-P-0252,professional,SYN-FACE-01,nose,0.12603687128005997
SYN-P-0252,professional,SYN-FACE-01,mouth,0.3043788689806893
SYN-P-0252,professional,SYN-FACE-01,other,0.11979592806454628
SYN-P-0252,professional,SYN-FACE-02,left_eye,0.17811432582564937
SYN-P-0252,professional,SYN-FACE-02,right_eye,0.42019868703907265
SYN-P-0252,professional,SYN-FACE-02,nose,0.12144949466717368
SYN-P-0252,professional,SYN-FACE-02,mouth,0.20127513166591687
SYN-P-0252,professional,SYN-FACE-02,other,0.07896236080218752
SYN-P-0252,professional,SYN-FACE-03,left_eye,0.3462522190774386
SYN-P-0252,professional,SYN-FACE-03,right_eye,0.391683719687377
SYN-P-0252,professional,SYN-FACE-03,nose,0.15293073637785196
SYN-P-0252,professional,SYN-FACE-03,mouth,0.025581407081708578
SYN-P-0252,professional,SYN-FACE-03,other,0.08355191777562392
SYN-P-0253,professional,SYN-FACE-01,left_eye,0.3104394135077783
SYN-P-0253,professional,SYN-FACE-01,right_eye,0.02793137335863095
SYN-P-0253,professional,SYN-FACE-01,nose,0.41394518270826125
SYN-P-0253,professional,SYN-FACE-01,mouth,0.1850753096404704
SYN-P-0253,professional,SYN-FACE-01,other,0.06260872078485916
SYN-P-0253,professional,SYN-FACE-02,left_eye,0.15470768463084392
SYN-P-0253,professional,SYN-FACE-02,right_eye,0.22091639249168743
SYN-P-0253,professional,SYN-FACE-02,nose,0.1941927837616416
SYN-P-0253,professional,SYN-FACE-02,mouth,0.2777479070805099
SYN-P-0253,professional,SYN-FACE-02,other,0.15243523203531711
SYN-P-0253,professional,SYN-FACE-03,left_eye,0.3030542147211042
SYN-P-0253,professional,SYN-FACE-03,right_eye,0.14943536912623973
SYN-P-0253,professional,SYN-FACE-03,nose,0.2035619982277112
SYN-P-0253,professional,SYN-FACE-03,mouth,0.3439484179249448
SYN-P-0253,professional,SYN-FACE-03,other,0.0
SYN-P-0254,professional,SYN-FACE-01,left_eye,0.24285427839153972
SYN-P-0254,professional,SYN-FACE-01,right_eye,0.19801872680275798
SYN-P-0254,professional,SYN-FACE-01,nose,0.18192963725796057
SYN-P-0254,professional,SYN-FACE-01,mouth,0.32951325805257936
SYN-P-0254,professional,SYN-FACE-01,other,0.04768409949516235
SYN-P-0254,professional,SYN-FACE-02,left_eye,0.3039595844304481
SYN-P-0254,professional,SYN-FACE-02,right_eye,0.0654199202209408
SYN-P-0254,professional,SYN-FACE-02,nose,0.16881821545669412
SYN-P-0254,professional,SYN-FACE-02,mouth,0.36840280348943216
SYN-P-0254,professional,SYN-FACE-02,other,0.0933994764024849
SYN-P-0254,professional,SYN-FACE-03,left_eye,0.05952578116770286
SYN-P-0254,professional,SYN-FACE-03,right_eye,0.2059717158753565
SYN-P-0254,professional,SYN-FACE-03,nose,0.3839931196849613
SYN-P-0254,professional,SYN-FACE-03,mouth,0.31179747879776876
SYN-P-0254,professional,SYN-FACE-03,other,0.038711904474210676
SYN-P-0255,professional,SYN-FACE-01,left_eye,0.17257943846616647
SYN-P-0255,professional,SYN-FACE-01,right_eye,0.20273713420644385
SYN-P-0255,professional,SYN-FACE-01,nose,0.08958008609638482
SYN-P-0255,professional,SYN-FACE-01,mouth,0.4394136578134903
SYN-P-0255,professional,SYN-FACE-01,other,0.09568968341751462
SYN-P-0255,professional,SYN-FACE-02,left_eye,0.0
SYN-P-0255,professional,SYN-FACE-02,right_eye,0.2530842733694639
SYN-P-0255,professional,SYN-FACE-02,nose,0.10770347108813559
SYN-P-0255,professional,SYN-FACE-02,mouth,0.37954692135902496
SYN-P-0255,professional,SYN-FACE-02,other,0.25966533418337573
SYN-P-0255,professional,SYN-FACE-03,left_eye,0.20324128975220176
SYN-P-0255,professional,SYN-FACE-03,right_eye,0.2668354639138717
SYN-P-0255,professional,SYN-FACE-03,nose,0.2543946882136887
SYN-P-0255,professional,SYN-FACE-03,mouth,0.23072589587007603
SYN-P-0255,professional,SYN-FACE-03,other,0.04480266225016186
SYN-P-0256,professional,SYN-FACE-01,left_eye,0.13644696608626078
SYN-P-0256,professional,SYN-FACE-01,right_eye,0.2199755396662705
SYN-P-0256,professional,SYN-FACE-01,nose,0.2414741768280621
SYN-P-0256,professional,SYN-FACE-01,mouth,0.40210331741940675
SYN-P-0256,professional,SYN-FACE-01,other,0.0
SYN-P-0256,professional,SYN-FACE-02,left_eye,0.07676604008010855
SYN-P-0256,professional,SYN-FACE-02,right_eye,0.25672099302362983
SYN-P-0256,professional,SYN-FACE-02,nose,0.07997016658003386
SYN-P-0256,professional,SYN-FACE-02,mouth,0.5254016100692915
SYN-P-0256,professional,SYN-FACE-02,other,0.061141190246936185
SYN-P-0256,professional,SYN-FACE-03,left_eye,0.22904886204546995
SYN-P-0256,professional,SYN-FACE-03,right_eye,0.19129292450954624
SYN-P-0256,professional,SYN-FACE-03,nose,0.20572322876749388
SYN-P-0256,professional,SYN-FACE-03,mouth,0.22658818990554813
SYN-P-0256,professional,SYN-FACE-03,other,0.14734679477194176
SYN-P-0257,professional,SYN-FACE-01,left_eye,0.1661703036145111
SYN-P-0257,professional,SYN-FACE-01,right_eye,0.3076982491926005
SYN-P-0257,professional,SYN-FACE-01,nose,0.1889267904257852
SYN-P-0257,professional,SYN-FACE-01,mouth,0.270689682738126
SYN-P-0257,professional,SYN-FACE-01,other,0.06651497402897713
SYN-P-0257,professional,SYN-FACE-02,left_eye,0.11518783806812825
SYN-P-0257,professional,SYN-FACE-02,right_eye,0.06248330867164486
SYN-P-0257,professional,SYN-FACE-02,nose,0.2595103498455627
SYN-P-0257,professional,SYN-FACE-02,mouth,0.4856145976670897
SYN-P-0257,professional,SYN-FACE-02,other,0.07720390574757456
SYN-P-0257,professional,SYN-FACE-03,left_eye,0.5213635106425035
SYN-P-0257,professional,SYN-FACE-03,right_eye,0.06297597419104817
SYN-P-0257,professional,SYN-FACE-03,nose,0.09156263238872588
SYN-P-0257,professional,SYN-FACE-03,mouth,0.19268244240128843
SYN-P-0257,professional,SYN-FACE-03,other,0.131415440376434
SYN-P-0258,professional,SYN-FACE-01,left_eye,0.36961211279919337
SYN-P-0258,professional,SYN-FACE-01,right_eye,0.10978749319104092
SYN-P-0258,professional,SYN-FACE-01,nose,0.14978964934405692
SYN-P-0258,professional,SYN-FACE-01,mouth,0.3285554065882997
SYN-P-0258,professional,SYN-FACE-01,other,0.04225533807740912
SYN-P-0258,professional,SYN-FACE-02,left_eye,0.2086120376247403
SYN-P-0258,professional,SYN-FACE-02,right_eye,0.32142487003642417
SYN-P-0258,professional,SYN-FACE-02,nose,0.15396383720038098
SYN-P-0258,professional,SYN-FACE-02,mouth,0.17672283303628403
SYN-P-0258,professional,SYN-FACE-02,other,0.13927642210217062
SYN-P-0258,professional,SYN-FACE-03,left_eye,0.2915258010213501
SYN-P-0258,professional,SYN-FACE-03,right_eye,0.2783468433789004
SYN-P-0258,professional,SYN-FACE-03,nose,0.21320637946850263
SYN-P-0258,professional,SYN-FACE-03,mouth,0.19796647910194579
SYN-P-0258,professional,SYN-FACE-03,other,0.018954497029301062
SYN-P-0259,professional,SYN-FACE-01,left_eye,0.27350826025217495
SYN-P-0259,professional,SYN-FACE-01,right_eye,0.1883909503764925
SYN-P-0259,professional,SYN-FACE-01,nose,0.311663649136508
SYN-P-0259,professional,SYN-FACE-01,mouth,0.14332467550968067
SYN-P-0259,professional,SYN-FACE-01,other,0.08311246472514386
SYN-P-0259,professional,SYN-FACE-02,left_eye,0.1654681349275955
SYN-P-0259,professional,SYN-FACE-02,right_eye,0.19669962953895398
SYN-P-0259,professional,SYN-FACE-02,nose,0.27124209140791394
SYN-P-0259,professional,SYN-FACE-02,mouth,0.32864855895001593
SYN-P-0259,professional,SYN-FACE-02,other,0.03794158517552061
SYN-P-0259,professional,SYN-FACE-03,left_eye,0.34131880952731464
SYN-P-0259,professional,SYN-FACE-03,right_eye,0.24605302521902886
SYN-P-0259,professional,SYN-FACE-03,nose,0.10725335039321642
SYN-P-0259,professional,SYN-FACE-03,mouth,0.26699340163611085
SYN-P-0259,professional,SYN-FACE-03,other,0.03838141322432932
SYN-P-0260,professional,SYN-FACE-01,left_eye,0.3086608678358448
SYN-P-0260,professional,SYN-FACE-01,right_eye,0.21911794418484204
SYN-P-0260,professional,SYN-FACE-01,nose,0.032309357121833776
SYN-P-0260,professional,SYN-FACE-01,mouth,0.3701299505564114
SYN-P-0260,professional,SYN-FACE-01,other,0.0697818803010681
SYN-P-0260,professional,SYN-FACE-02,left_eye,0.09913425643535087
SYN-P-0260,professional,SYN-FACE-02,right_eye,0.21599897094416265
SYN-P-0260,professional,SYN-FACE-02,nose,0.167648350505934
SYN-P-0260,professional,SYN-FACE-02,mouth,0.40291618073385244
SYN-P-0260,professional,SYN-FACE-02,other,0.11430224138070001
SYN-P-0260,professional,SYN-FACE-03,left_eye,0.2542644909137007
SYN-P-0260,professional,SYN-FACE-03,right_eye,0.1209125415268301
SYN-P-0260,professional,SYN-FACE-03,nose,0.38698762853468194
SYN-P-0260,professional,SYN-FACE-03,mouth,0.20776330334589302
SYN-P-0260,professional,SYN-FACE-03,other,0.030072035678894344
SYN-P-0261,professional,SYN-FACE-01,left_eye,0.3170951007527645
SYN-P-0261,professional,SYN-FACE-01,right_eye,0.2510339563054417
SYN-P-0261,professional,SYN-FACE-01,nose,0.18847066963554773
SYN-P-0261,professional,SYN-FACE-01,mouth,0.12699862267929732
SYN-P-0261,professional,SYN-FACE-01,other,0.11640165062694874
SYN-P-0261,professional,SYN-FACE-02,left_eye,0.39406066037699977
SYN-P-0261,professional,SYN-FACE-02,right_eye,0.14528303752358251
SYN-P-0261,professional,SYN-FACE-02,nose,0.2811147037263976
SYN-P-0261,professional,SYN-FACE-02,mouth,0.17954159837302017
SYN-P-0261,professional,SYN-FACE-02,other,0.0
SYN-P-0261,professional,SYN-FACE-03,left_eye,0.4251360366073562
SYN-P-0261,professional,SYN-FACE-03,right_eye,0.17986055903933718
SYN-P-0261,professional,SYN-FACE-03,nose,0.3243766064294362
SYN-P-0261,professional,SYN-FACE-03,mouth,0.036046081190074936
SYN-P-0261,professional,SYN-FACE-03,other,0.03458071673379537
SYN-P-0262,professional,SYN-FACE-01,left_eye,0.35914520000480593
SYN-P-0262,professional,SYN-FACE-01,right_eye,0.10841314970017751
SYN-P-0262,professional,SYN-FACE-01,nose,0.21841396539185345
SYN-P-0262,professional,SYN-FACE-01,mouth,0.2885732085060722
SYN-P-0262,professional,SYN-FACE-01,other,0.02545447639709085
SYN-P-0262,professional,SYN-FACE-02,left_eye,0.1884964717885286
SYN-P-0262,professional,SYN-FACE-02,right_eye,0.2602165082502288
SYN-P-0262,professional,SYN-FACE-02,nose,0.1428013101738913
SYN-P-0262,professional,SYN-FACE-02,mouth,0.3260134364773756
SYN-P-0262,professional,SYN-FACE-02,other,0.08247227330997565
SYN-P-0262,professional,SYN-FACE-03,left_eye,0.29166707735031305
SYN-P-0262,professional,SYN-FACE-03,right_eye,0.19028025866197001
SYN-P-0262,professional,SYN-FACE-03,nose,0.1174605458231127
SYN-P-0262,professional,SYN-FACE-03,mouth,0.40059211816460416
SYN-P-0262,professional,SYN-FACE-03,other,0.0
SYN-P-0263,professional,SYN-FACE-01,left_eye,0.10624764878583676
SYN-P-0263,professional,SYN-FACE-01,right_eye,0.49145764439537093
SYN-P-0263,professional,SYN-FACE-01,nose,0.04555413271759612
SYN-P-0263,professional,SYN-FACE-01,mouth,0.2429841701084332
SYN-P-0263,professional,SYN-FACE-01,other,0.11375640399276306
SYN-P-0263,professional,SYN-FACE-02,left_eye,0.42876700115540833
SYN-P-0263,professional,SYN-FACE-02,right_eye,0.08105408255321224
SYN-P-0263,professional,SYN-FACE-02,nose,0.2689668776482293
SYN-P-0263,professional,SYN-FACE-02,mouth,0.22121203864315012
SYN-P-0263,professional,SYN-FACE-02,other,0.0
SYN-P-0263,professional,SYN-FACE-03,left_eye,0.39205622173404986
SYN-P-0263,professional,SYN-FACE-03,right_eye,0.10523520105852179
SYN-P-0263,professional,SYN-FACE-03,nose,0.15546568739817085
SYN-P-0263,professional,SYN-FACE-03,mouth,0.2301880785233663
SYN-P-0263,professional,SYN-FACE-03,other,0.11705481128589118
SYN-P-0264,professional,SYN-FACE-01,left_eye,0.3002702894079698
SYN-P-0264,professional,SYN-FACE-01,right_eye,0.1909744733047402
SYN-P-0264,professional,SYN-FACE-01,nose,0.12123970908974169
SYN-P-0264,professional,SYN-FACE-01,mouth,0.30465326158638467
SYN-P-0264,professional,SYN-FACE-01,other,0.08286226661116376
SYN-P-0264,professional,SYN-FACE-02,left_eye,0.241352211580534
SYN-P-0264,professional,SYN-FACE-02,right_eye,0.15822081384577028
SYN-P-0264,professional,SYN-FACE-02,nose,0.26493484028222614
SYN-P-0264,professional,SYN-FACE-02,mouth,0.2929603871663643
SYN-P-0264,professional,SYN-FACE-02,other,0.042531747125105254
SYN-P-0264,professional,SYN-FACE-03,left_eye,0.05329680685443744
SYN-P-0264,professional,SYN-FACE-03,right_eye,0.38309464149845546
SYN-P-0264,professional,SYN-FACE-03,nose,0.09745946607009469
SYN-P-0264,professional,SYN-FACE-03,mouth,0.38722758021884135
SYN-P-0264,professional,SYN-FACE-03,other,0.07892150535817104
SYN-P-0265,professional,SYN-FACE-01,left_eye,0.2571161800746736
SYN-P-0265,professional,SYN-FACE-01,right_eye,0.2362841384219195
SYN-P-0265,professional,SYN-FACE-01,nose,0.1669795093436134
SYN-P-0265,professional,SYN-FACE-01,mouth,0.3396201721597935
SYN-P-0265,professional,SYN-FACE-01,other,0.0
SYN-P-0265,professional,SYN-FACE-02,left_eye,0.23947308527855318
SYN-P-0265,professional,SYN-FACE-02,right_eye,0.23759230949931592
SYN-P-0265,professional,SYN-FACE-02,nose,0.2750592025064102
SYN-P-0265,professional,SYN-FACE-02,mouth,0.24787540271572073
SYN-P-0265,professional,SYN-FACE-02,other,0.0
SYN-P-0265,professional,SYN-FACE-03,left_eye,0.36244205918209343
SYN-P-0265,professional,SYN-FACE-03,right_eye,0.1356323864436475
SYN-P-0265,professional,SYN-FACE-03,nose,0.22197051427064654
SYN-P-0265,professional,SYN-FACE-03,mouth,0.2229886184182305
SYN-P-0265,professional,SYN-FACE-03,other,0.05696642168538201
SYN-P-0266,professional,SYN-FACE-01,left_eye,0.2614406564683532
SYN-P-0266,professional,SYN-FACE-01,right_eye,0.17263202236750283
SYN-P-0266,professional,SYN-FACE-01,nose,0.2912519009316457
SYN-P-0266,professional,SYN-FACE-01,mouth,0.15742965868137285
SYN-P-0266,professional,SYN-FACE-01,other,0.1172457615511254
SYN-P-0266,professional,SYN-FACE-02,left_eye,0.36794032449442593
SYN-P-0266,professional,SYN-FACE-02,right_eye,0.3835491424073323
SYN-P-0266,professional,SYN-FACE-02,nose,0.0706050532835427
SYN-P-0266,professional,SYN-FACE-02,mouth,0.14745807385038903
SYN-P-0266,professional,SYN-FACE-02,other,0.030447405964309972
SYN-P-0266,professional,SYN-FACE-03,left_eye,0.24943889922752524
SYN-P-0266,professional,SYN-FACE-03,right_eye,0.22150060078151132
SYN-P-0266,professional,SYN-FACE-03,nose,0.16197515865537304
SYN-P-0266,professional,SYN-FACE-03,mouth,0.3451654676458224
SYN-P-0266,professional,SYN-FACE-03,other,0.021919873689768037
SYN-P-0267,professional,SYN-FACE-01,left_eye,0.31878845631067615
SYN-P-0267,professional,SYN-FACE-01,right_eye,0.28405079291599006
SYN-P-0267,professional,SYN-FACE-01,nose,0.2266825067408462
SYN-P-0267,professional,SYN-FACE-01,mouth,0.10027659883119705
SYN-P-0267,professional,SYN-FACE-01,other,0.07020164520129045
SYN-P-0267,professional,SYN-FACE-02,left_eye,0.12819316356417754
SYN-P-0267,professional,SYN-FACE-02,right_eye,0.28758474119937055
SYN-P-0267,professional,SYN-FACE-02,nose,0.1576035161349927
SYN-P-0267,professional,SYN-FACE-02,mouth,0.3653034019079685
SYN-P-0267,professional,SYN-FACE-02,other,0.061315177193490666
SYN-P-0267,professional,SYN-FACE-03,left_eye,0.14710789992792797
SYN-P-0267,professional,SYN-FACE-03,right_eye,0.21729285930423234
SYN-P-0267,professional,SYN-FACE-03,nose,0.18081014618177535
SYN-P-0267,professional,SYN-FACE-03,mouth,0.299498682305562
SYN-P-0267,professional,SYN-FACE-03,other,0.15529041228050233
SYN-P-0268,professional,SYN-FACE-01,left_eye,0.2672726578957443
SYN-P-0268,professional,SYN-FACE-01,right_eye,0.221859770850316
SYN-P-0268,professional,SYN-FACE-01,nose,0.3146494578395792
SYN-P-0268,professional,SYN-FACE-01,mouth,0.10708394628281735
SYN-P-0268,professional,SYN-FACE-01,other,0.08913416713154312
SYN-P-0268,professional,SYN-FACE-02,left_eye,0.3439230362747768
SYN-P-0268,professional,SYN-FACE-02,right_eye,0.17670218967016593
SYN-P-0268,professional,SYN-FACE-02,nose,0.22711307121494925
SYN-P-0268,professional,SYN-FACE-02,mouth,0.21755626195363145
SYN-P-0268,professional,SYN-FACE-02,other,0.03470544088647647
SYN-P-0268,professional,SYN-FACE-03,left_eye,0.28518370748934496
SYN-P-0268,professional,SYN-FACE-03,right_eye,0.1158903184601693
SYN-P-0268,professional,SYN-FACE-03,nose,0.1484862538581069
SYN-P-0268,professional,SYN-FACE-03,mouth,0.34436019270274054
SYN-P-0268,professional,SYN-FACE-03,other,0.10607952748963818
SYN-P-0269,professional,SYN-FACE-01,left_eye,0.41661808602342726
SYN-P-0269,professional,SYN-FACE-01,right_eye,0.16068513509441393
SYN-P-0269,professional,SYN-FACE-01,nose,0.254547817694553
SYN-P-0269,professional,SYN-FACE-01,mouth,0.16814896118760583
SYN-P-0269,professional,SYN-FACE-01,other,0.0
SYN-P-0269,professional,SYN-FACE-02,left_eye,0.32940015908595366
SYN-P-0269,professional,SYN-FACE-02,right_eye,0.3032650484916824
SYN-P-0269,professional,SYN-FACE-02,nose,0.1596834687990481
SYN-P-0269,professional,SYN-FACE-02,mouth,0.2076513236233158
SYN-P-0269,professional,SYN-FACE-02,other,0.0
SYN-P-0269,professional,SYN-FACE-03,left_eye,0.1668048202125122
SYN-P-0269,professional,SYN-FACE-03,right_eye,0.1691251951095323
SYN-P-0269,professional,SYN-FACE-03,nose,0.34187017539736275
SYN-P-0269,professional,SYN-FACE-03,mouth,0.2856090087085162
SYN-P-0269,professional,SYN-FACE-03,other,0.03659080057207661
SYN-P-0270,professional,SYN-FACE-01,left_eye,0.1833740199084251
SYN-P-0270,professional,SYN-FACE-01,right_eye,0.31441702255210685
SYN-P-0270,professional,SYN-FACE-01,nose,0.19692948095105986
SYN-P-0270,professional,SYN-FACE-01,mouth,0.3052794765884082
SYN-P-0270,professional,SYN-FACE-01,other,0.0
SYN-P-0270,professional,SYN-FACE-02,left_eye,0.1691436899212813
SYN-P-0270,professional,SYN-FACE-02,right_eye,0.24832555176912385
SYN-P-0270,professional,SYN-FACE-02,nose,0.20449791193620986
SYN-P-0270,professional,SYN-FACE-02,mouth,0.3296141724654761
SYN-P-0270,professional,SYN-FACE-02,other,0.04841867390790885
SYN-P-0270,professional,SYN-FACE-03,left_eye,0.3538941246991475
SYN-P-0270,professional,SYN-FACE-03,right_eye,0.2954851212972366
SYN-P-0270,professional,SYN-FACE-03,nose,0.13461301847412122
SYN-P-0270,professional,SYN-FACE-03,mouth,0.1508495315851367
SYN-P-0270,professional,SYN-FACE-03,other,0.06515820394435806
SYN-P-0271,professional,SYN-FACE-01,left_eye,0.04642557859898141
SYN-P-0271,professional,SYN-FACE-01,right_eye,0.3426777015397128
SYN-P-0271,professional,SYN-FACE-01,nose,0.17868713098199848
SYN-P-0271,professional,SYN-FACE-01,mouth,0.21438260077779608
SYN-P-0271,professional,SYN-FACE-01,other,0.2178269881015113
SYN-P-0271,professional,SYN-FACE-02,left_eye,0.13736254375155688
SYN-P-0271,professional,SYN-FACE-02,right_eye,0.25501428519181424
SYN-P-0271,professional,SYN-FACE-02,nose,0.1226713057061482
SYN-P-0271,professional,SYN-FACE-02,mouth,0.18202108720496904
SYN-P-0271,professional,SYN-FACE-02,other,0.3029307781455116
SYN-P-0271,professional,SYN-FACE-03,left_eye,0.32133909709991887
SYN-P-0271,professional,SYN-FACE-03,right_eye,0.17777334009891138
SYN-P-0271,professional,SYN-FACE-03,nose,0.06813541469608123
SYN-P-0271,professional,SYN-FACE-03,mouth,0.34126032613898544
SYN-P-0271,professional,SYN-FACE-03,other,0.09149182196610309
SYN-P-0272,professional,SYN-FACE-01,left_eye,0.2898114810158016
SYN-P-0272,professional,SYN-FACE-01,right_eye,0.3477641066947278
SYN-P-0272,professional,SYN-FACE-01,nose,0.14158541224983262
SYN-P-0272,professional,SYN-FACE-01,mouth,0.06473986351157193
SYN-P-0272,professional,SYN-FACE-01,other,0.15609913652806606
SYN-P-0272,professional,SYN-FACE-02,left_eye,0.24580641683314544
SYN-P-0272,professional,SYN-FACE-02,right_eye,0.296833961435613
SYN-P-0272,professional,SYN-FACE-02,nose,0.0871940643201693
SYN-P-0272,professional,SYN-FACE-02,mouth,0.3021134151507417
SYN-P-0272,professional,SYN-FACE-02,other,0.0680521422603305
SYN-P-0272,professional,SYN-FACE-03,left_eye,0.09538814294372908
SYN-P-0272,professional,SYN-FACE-03,right_eye,0.2880628948526301
SYN-P-0272,professional,SYN-FACE-03,nose,0.30935013768417274
SYN-P-0272,professional,SYN-FACE-03,mouth,0.14834915712233193
SYN-P-0272,professional,SYN-FACE-03,other,0.1588496673971362
SYN-P-0273,professional,SYN-FACE-01,left_eye,0.13194926326856385
SYN-P-0273,professional,SYN-FACE-01,right_eye,0.3907965145909392
SYN-P-0273,professional,SYN-FACE-01,nose,0.11668451256635039
SYN-P-0273,professional,SYN-FACE-01,mouth,0.20339756304932227
SYN-P-0273,professional,SYN-FACE-01,other,0.15717214652482434
SYN-P-0273,professional,SYN-FACE-02,left_eye,0.14498933000457173
SYN-P-0273,professional,SYN-FACE-02,right_eye,0.2566796085786008
SYN-P-0273,professional,SYN-FACE-02,nose,0.24283582070109497
SYN-P-0273,professional,SYN-FACE-02,mouth,0.26529046203105794
SYN-P-0273,professional,SYN-FACE-02,other,0.09020477868467458
SYN-P-0273,professional,SYN-FACE-03,left_eye,0.3926513186171702
SYN-P-0273,professional,SYN-FACE-03,right_eye,0.26748069768192295
SYN-P-0273,professional,SYN-FACE-03,nose,0.13269620357323214
SYN-P-0273,professional,SYN-FACE-03,mouth,0.12409837198398496
SYN-P-0273,professional,SYN-FACE-03,other,0.08307340814368973
SYN-P-0274,professional,SYN-FACE-01,left_eye,0.11149376500529766
SYN-P-0274,professional,SYN-FACE-01,right_eye,0.1592799029139652
SYN-P-0274,professional,SYN-FACE-01,nose,0.2806175498734532
SYN-P-0274,professional,SYN-FACE-01,mouth,0.44860878220728395
SYN-P-0274,professional,SYN-FACE-01,other,0.0
SYN-P-0274,professional,SYN-FACE-02,left_eye,0.08244850624259749
SYN-P-0274,professional,SYN-FACE-02,right_eye,0.2939360689348967
SYN-P-0274,professional,SYN-FACE-02,nose,0.18602453662602578
SYN-P-0274,professional,SYN-FACE-02,mouth,0.43759088819647995
SYN-P-0274,professional,SYN-FACE-02,other,0.0
SYN-P-0274,professional,SYN-FACE-03,left_eye,0.23619894309613615
SYN-P-0274,professional,SYN-FACE-03,right_eye,0.06291018537428072
SYN-P-0274,professional,SYN-FACE-03,nose,0.2963635796967521
SYN-P-0274,professional,SYN-FACE-03,mouth,0.3040946914778444
SYN-P-0274,professional,SYN-FACE-03,other,0.10043260035498662
SYN-P-0275,professional,SYN-FACE-01,left_eye,0.2834932671267055
SYN-P-0275,professional,SYN-FACE-01,right_eye,0.3774095529590807
SYN-P-0275,professional,SYN-FACE-01,nose,0.12413183758245082
SYN-P-0275,professional,SYN-FACE-01,mouth,0.21496534233176298
SYN-P-0275,professional,SYN-FACE-01,other,0.0
SYN-P-0275,professional,SYN-FACE-02,left_eye,0.2588084421277437
SYN-P-0275,professional,SYN-FACE-02,right_eye,0.2662323422160979
SYN-P-0275,professional,SYN-FACE-02,nose,0.05233139810736836
SYN-P-0275,professional,SYN-FACE-02,mouth,0.31399382019370126
SYN-P-0275,professional,SYN-FACE-02,other,0.10863399735508891
SYN-P-0275,professional,SYN-FACE-03,left_eye,0.21051765508308365
SYN-P-0275,professional,SYN-FACE-03,right_eye,0.2742411858216162
SYN-P-0275,professional,SYN-FACE-03,nose,0.21586995878218243
SYN-P-0275,professional,SYN-FACE-03,mouth,0.27196176871015626
SYN-P-0275,professional,SYN-FACE-03,other,0.02740943160296135
SYN-P-0276,professional,SYN-FACE-01,left_eye,0.3527294861340754
SYN-P-0276,professional,SYN-FACE-01,right_eye,0.22289985751253455
SYN-P-0276,professional,SYN-FACE-01,nose,0.15346922634709176
SYN-P-0276,professional,SYN-FACE-01,mouth,0.15660035444462894
SYN-P-0276,professional,SYN-FACE-01,other,0.1143010755616693
SYN-P-0276,professional,SYN-FACE-02,left_eye,0.0876269995747659
SYN-P-0276,professional,SYN-FACE-02,right_eye,0.22164092900448085
SYN-P-0276,professional,SYN-FACE-02,nose,0.2941999506130386
SYN-P-0276,professional,SYN-FACE-02,mouth,0.3411751385225222
SYN-P-0276,professional,SYN-FACE-02,other,0.05535698228519251
SYN-P-0276,professional,SYN-FACE-03,left_eye,0.09663179515493484
SYN-P-0276,professional,SYN-FACE-03,right_eye,0.17734760656622095
SYN-P-0276,professional,SYN-FACE-03,nose,0.2033627453898416
SYN-P-0276,professional,SYN-FACE-03,mouth,0.46298864411781615
SYN-P-0276,professional,SYN-FACE-03,other,0.05966920877118653
SYN-P-0277,professional,SYN-FACE-01,left_eye,0.2931353161134895
SYN-P-0277,professional,SYN-FACE-01,right_eye,0.22392004592395515
SYN-P-0277,professional,SYN-FACE-01,nose,0.1129147985913598
SYN-P-0277,professional,SYN-FACE-01,mouth,0.3136502103969723
SYN-P-0277,professional,SYN-FACE-01,other,0.056379628974223224
SYN-P-0277,professional,SYN-FACE-02,left_eye,0.22432793048006736
SYN-P-0277,professional,SYN-FACE-02,right_eye,0.2786139031115745
SYN-P-0277,professional,SYN-FACE-02,nose,0.09812037734543383
SYN-P-0277,professional,SYN-FACE-02,mouth,0.34800485862438746
SYN-P-0277,professional,SYN-FACE-02,other,0.05093293043853684
SYN-P-0277,professional,SYN-FACE-03,left_eye,0.3638619521862738
SYN-P-0277,professional,SYN-FACE-03,right_eye,0.09318718044655312
SYN-P-0277,professional,SYN-FACE-03,nose,0.3630841151056746
SYN-P-0277,professional,SYN-FACE-03,mouth,0.07329804568967994
SYN-P-0277,professional,SYN-FACE-03,other,0.10656870657181843
SYN-P-0278,professional,SYN-FACE-01,left_eye,0.15952033050168196
SYN-P-0278,professional,SYN-FACE-01,right_eye,0.36347337308710265
SYN-P-0278,professional,SYN-FACE-01,nose,0.20206627710480357
SYN-P-0278,professional,SYN-FACE-01,mouth,0.22012251253675597
SYN-P-0278,professional,SYN-FACE-01,other,0.05481750676965586
SYN-P-0278,professional,SYN-FACE-02,left_eye,0.08306516998739188
SYN-P-0278,professional,SYN-FACE-02,right_eye,0.30507081208510695
SYN-P-0278,professional,SYN-FACE-02,nose,0.2165390256728155
SYN-P-0278,professional,SYN-FACE-02,mouth,0.29306486523110536
SYN-P-0278,professional,SYN-FACE-02,other,0.10226012702358035
SYN-P-0278,professional,SYN-FACE-03,left_eye,0.24328917755514035
SYN-P-0278,professional,SYN-FACE-03,right_eye,0.24321173754971756
SYN-P-0278,professional,SYN-FACE-03,nose,0.3115592110880279
SYN-P-0278,professional,SYN-FACE-03,mouth,0.13331652501448937
SYN-P-0278,professional,SYN-FACE-03,other,0.06862334879262484
SYN-P-0279,professional,SYN-FACE-01,left_eye,0.4130565128033726
SYN-P-0279,professional,SYN-FACE-01,right_eye,0.34681466408160083
SYN-P-0279,professional,SYN-FACE-01,nose,0.1106437064138698
SYN-P-0279,professional,SYN-FACE-01,mouth,0.12948511670115675
SYN-P-0279,professional,SYN-FACE-01,other,0.0
SYN-P-0279,professional,SYN-FACE-02,left_eye,0.3440974412557267
SYN-P-0279,professional,SYN-FACE-02,right_eye,0.076817424044594
SYN-P-0279,professional,SYN-FACE-02,nose,0.13344120690653882
SYN-P-0279,professional,SYN-FACE-02,mouth,0.42400365144544044
SYN-P-0279,professional,SYN-FACE-02,other,0.02164027634770004
SYN-P-0279,professional,SYN-FACE-03,left_eye,0.4239769972840066
SYN-P-0279,professional,SYN-FACE-03,right_eye,0.1824212907129412
SYN-P-0279,professional,SYN-FACE-03,nose,0.12613355577474059
SYN-P-0279,professional,SYN-FACE-03,mouth,0.1677318574149097
SYN-P-0279,professional,SYN-FACE-03,other,0.09973629881340182
SYN-P-0280,professional,SYN-FACE-01,left_eye,0.17024733621755161
SYN-P-0280,professional,SYN-FACE-01,right_eye,0.19540364570990548
SYN-P-0280,professional,SYN-FACE-01,nose,0.17820373112500618
SYN-P-0280,professional,SYN-FACE-01,mouth,0.2825720681458641
SYN-P-0280,professional,SYN-FACE-01,other,0.17357321880167262
SYN-P-0280,professional,SYN-FACE-02,left_eye,0.27762113161847946
SYN-P-0280,professional,SYN-FACE-02,right_eye,0.1697768799315327
SYN-P-0280,professional,SYN-FACE-02,nose,0.14870518153850354
SYN-P-0280,professional,SYN-FACE-02,mouth,0.34410734676079563
SYN-P-0280,professional,SYN-FACE-02,other,0.05978946015068873
SYN-P-0280,professional,SYN-FACE-03,left_eye,0.41185262154666613
SYN-P-0280,professional,SYN-FACE-03,right_eye,0.09287572108558907
SYN-P-0280,professional,SYN-FACE-03,nose,0.23338800993379002
SYN-P-0280,professional,SYN-FACE-03,mouth,0.13303601877243526
SYN-P-0280,professional,SYN-FACE-03,other,0.12884762866151947
SYN-P-0281,professional,SYN-FACE-01,left_eye,0.19988294611157492
SYN-P-0281,professional,SYN-FACE-01,right_eye,0.22735325907014767
SYN-P-0281,professional,SYN-FACE-01,nose,0.08809998156112783
SYN-P-0281,professional,SYN-FACE-01,mouth,0.4846638132571495
SYN-P-0281,professional,SYN-FACE-01,other,0.0
SYN-P-0281,professional,SYN-FACE-02,left_eye,0.2776357446624968
SYN-P-0281,professional,SYN-FACE-02,right_eye,0.15989363238158452
SYN-P-0281,professional,SYN-FACE-02,nose,0.17415417806228797
SYN-P-0281,professional,SYN-FACE-02,mouth,0.26827265323839766
SYN-P-0281,professional,SYN-FACE-02,other,0.12004379165523313
SYN-P-0281,professional,SYN-FACE-03,left_eye,0.504878672821159
SYN-P-0281,professional,SYN-FACE-03,right_eye,0.11975200779675549
SYN-P-0281,professional,SYN-FACE-03,nose,0.1811950734410322
SYN-P-0281,professional,SYN-FACE-03,mouth,0.15349523136685975
SYN-P-0281,professional,SYN-FACE-03,other,0.04067901457419362
SYN-P-0282,professional,SYN-FACE-01,left_eye,0.38698829622907344
SYN-P-0282,professional,SYN-FACE-01,right_eye,0.22052544758897735
SYN-P-0282,professional,SYN-FACE-01,nose,0.2268859770458643
SYN-P-0282,professional,SYN-FACE-01,mouth,0.16560027913608485
SYN-P-0282,professional,SYN-FACE-01,other,0.0
SYN-P-0282,professional,SYN-FACE-02,left_eye,0.1331047184841836
SYN-P-0282,professional,SYN-FACE-02,right_eye,0.3977340362702073
SYN-P-0282,professional,SYN-FACE-02,nose,0.037573121974792394
SYN-P-0282,professional,SYN-FACE-02,mouth,0.3396996409688509
SYN-P-0282,professional,SYN-FACE-02,other,0.09188848230196571
SYN-P-0282,professional,SYN-FACE-03,left_eye,0.2342904358273806
SYN-P-0282,professional,SYN-FACE-03,right_eye,0.26302525431984397
SYN-P-0282,professional,SYN-FACE-03,nose,0.20212656544284094
SYN-P-0282,professional,SYN-FACE-03,mouth,0.11950782953583602
SYN-P-0282,professional,SYN-FACE-03,other,0.18104991487409844
SYN-P-0283,professional,SYN-FACE-01,left_eye,0.29924873657228845
SYN-P-0283,professional,SYN-FACE-01,right_eye,0.4099261833198943
SYN-P-0283,professional,SYN-FACE-01,nose,0.2263577728487358
SYN-P-0283,professional,SYN-FACE-01,mouth,0.02337975044663474
SYN-P-0283,professional,SYN-FACE-01,other,0.041087556812446725
SYN-P-0283,professional,SYN-FACE-02,left_eye,0.16393562610878487
SYN-P-0283,professional,SYN-FACE-02,right_eye,0.21179023610801215
SYN-P-0283,professional,SYN-FACE-02,nose,0.16742626931260932
SYN-P-0283,professional,SYN-FACE-02,mouth,0.4568478684705937
SYN-P-0283,professional,SYN-FACE-02,other,0.0
SYN-P-0283,professional,SYN-FACE-03,left_eye,0.289530328022595
SYN-P-0283,professional,SYN-FACE-03,right_eye,0.5024282171362915
SYN-P-0283,professional,SYN-FACE-03,nose,0.14882324485167212
SYN-P-0283,professional,SYN-FACE-03,mouth,0.05921820998944141
SYN-P-0283,professional,SYN-FACE-03,other,0.0
SYN-P-0284,professional,SYN-FACE-01,left_eye,0.08738640130049691
SYN-P-0284,professional,SYN-FACE-01,right_eye,0.4047052050056826
SYN-P-0284,professional,SYN-FACE-01,nose,0.270808934727896
SYN-P-0284,professional,SYN-FACE-01,mouth,0.2370994589659244
SYN-P-0284,professional,SYN-FACE-01,other,0.0
SYN-P-0284,professional,SYN-FACE-02,left_eye,0.26544839561265887
SYN-P-0284,professional,SYN-FACE-02,right_eye,0.4197074252675165
SYN-P-0284,professional,SYN-FACE-02,nose,0.11014211950791314
SYN-P-0284,professional,SYN-FACE-02,mouth,0.14962158384457647
SYN-P-0284,professional,SYN-FACE-02,other,0.055080475767335005
SYN-P-0284,professional,SYN-FACE-03,left_eye,0.10390113453797313
SYN-P-0284,professional,SYN-FACE-03,right_eye,0.036497388785341124
SYN-P-0284,professional,SYN-FACE-03,nose,0.3133351059580128
SYN-P-0284,professional,SYN-FACE-03,mouth,0.4393762388235689
SYN-P-0284,professional,SYN-FACE-03,other,0.10689013189510407
SYN-P-0285,professional,SYN-FACE-01,left_eye,0.193334822226722
SYN-P-0285,professional,SYN-FACE-01,right_eye,0.5049346715313916
SYN-P-0285,professional,SYN-FACE-01,nose,0.020949613127774613
SYN-P-0285,professional,SYN-FACE-01,mouth,0.12347765727644949
SYN-P-0285,professional,SYN-FACE-01,other,0.15730323583766231
SYN-P-0285,professional,SYN-FACE-02,left_eye,0.4036089083319277
SYN-P-0285,professional,SYN-FACE-02,right_eye,0.08295034075406184
SYN-P-0285,professional,SYN-FACE-02,nose,0.1551545706357864
SYN-P-0285,professional,SYN-FACE-02,mouth,0.2556277676166233
SYN-P-0285,professional,SYN-FACE-02,other,0.10265841266160086
SYN-P-0285,professional,SYN-FACE-03,left_eye,0.34717234973827305
SYN-P-0285,professional,SYN-FACE-03,right_eye,0.15813162126196503
SYN-P-0285,professional,SYN-FACE-03,nose,0.15093339987826385
SYN-P-0285,professional,SYN-FACE-03,mouth,0.2780731281609413
SYN-P-0285,professional,SYN-FACE-03,other,0.06568950096055677
SYN-P-0286,professional,SYN-FACE-01,left_eye,0.5458339889004405
SYN-P-0286,professional,SYN-FACE-01,right_eye,0.16152449862810356
SYN-P-0286,professional,SYN-FACE-01,nose,0.15950012162833085
SYN-P-0286,professional,SYN-FACE-01,mouth,0.133141390843125
SYN-P-0286,professional,SYN-FACE-01,other,0.0
SYN-P-0286,professional,SYN-FACE-02,left_eye,0.22296989051703936
SYN-P-0286,professional,SYN-FACE-02,right_eye,0.17754700784500668
SYN-P-0286,professional,SYN-FACE-02,nose,0.2494119068963306
SYN-P-0286,professional,SYN-FACE-02,mouth,0.3500711947416234
SYN-P-0286,professional,SYN-FACE-02,other,0.0
SYN-P-0286,professional,SYN-FACE-03,left_eye,0.1984383231411226
SYN-P-0286,professional,SYN-FACE-03,right_eye,0.4917665107602755
SYN-P-0286,professional,SYN-FACE-03,nose,0.23273167560063301
SYN-P-0286,professional,SYN-FACE-03,mouth,0.07706349049796883
SYN-P-0286,professional,SYN-FACE-03,other,0.0
SYN-P-0287,professional,SYN-FACE-01,left_eye,0.31070518543410447
SYN-P-0287,professional,SYN-FACE-01,right_eye,0.14955429010786583
SYN-P-0287,professional,SYN-FACE-01,nose,0.1892314665192034
SYN-P-0287,professional,SYN-FACE-01,mouth,0.35050905793882625
SYN-P-0287,professional,SYN-FACE-01,other,0.0
SYN-P-0287,professional,SYN-FACE-02,left_eye,0.3717870994810439
SYN-P-0287,professional,SYN-FACE-02,right_eye,0.1467967718037569
SYN-P-0287,professional,SYN-FACE-02,nose,0.1327522336092119
SYN-P-0287,professional,SYN-FACE-02,mouth,0.31541645477160457
SYN-P-0287,professional,SYN-FACE-02,other,0.03324744033438264
SYN-P-0287,professional,SYN-FACE-03,left_eye,0.18912899540837833
SYN-P-0287,professional,SYN-FACE-03,right_eye,0.27483541223806673
SYN-P-0287,professional,SYN-FACE-03,nose,0.15347602110737243
SYN-P-0287,professional,SYN-FACE-03,mouth,0.32035000878961173
SYN-P-0287,professional,SYN-FACE-03,other,0.062209562456570715
SYN-P-0288,professional,SYN-FACE-01,left_eye,0.24953259733934513
SYN-P-0288,professional,SYN-FACE-01,right_eye,0.24981208783197323
SYN-P-0288,professional,SYN-FACE-01,nose,0.07338685257499925
SYN-P-0288,professional,SYN-FACE-01,mouth,0.321837375131765
SYN-P-0288,professional,SYN-FACE-01,other,0.1054310871219174
SYN-P-0288,professional,SYN-FACE-02,left_eye,0.07580472712733828
SYN-P-0288,professional,SYN-FACE-02,right_eye,0.29624083520336364
SYN-P-0288,professional,SYN-FACE-02,nose,0.43421973351729376
SYN-P-0288,professional,SYN-FACE-02,mouth,0.19373470415200428
SYN-P-0288,professional,SYN-FACE-02,other,0.0
SYN-P-0288,professional,SYN-FACE-03,left_eye,0.41332860645156316
SYN-P-0288,professional,SYN-FACE-03,right_eye,0.33099152746079946
SYN-P-0288,professional,SYN-FACE-03,nose,0.1559218108240753
SYN-P-0288,professional,SYN-FACE-03,mouth,0.07731645712686962
SYN-P-0288,professional,SYN-FACE-03,other,0.022441598136692373
SYN-P-0289,professional,SYN-FACE-01,left_eye,0.26177918410548184
SYN-P-0289,professional,SYN-FACE-01,right_eye,0.27034369193095903
SYN-P-0289,professional,SYN-FACE-01,nose,0.14850801015739068
SYN-P-0289,professional,SYN-FACE-01,mouth,0.22107987972133605
SYN-P-0289,professional,SYN-FACE-01,other,0.0982892340848324
SYN-P-0289,professional,SYN-FACE-02,left_eye,0.21747824555869183
SYN-P-0289,professional,SYN-FACE-02,right_eye,0.20674942796507964
SYN-P-0289,professional,SYN-FACE-02,nose,0.27507798169497377
SYN-P-0289,professional,SYN-FACE-02,mouth,0.22631775785446062
SYN-P-0289,professional,SYN-FACE-02,other,0.07437658692679416
SYN-P-0289,professional,SYN-FACE-03,left_eye,0.2791948361945811
SYN-P-0289,professional,SYN-FACE-03,right_eye,0.22476890031196983
SYN-P-0289,professional,SYN-FACE-03,nose,0.16584837874775465
SYN-P-0289,professional,SYN-FACE-03,mouth,0.2887254572181682
SYN-P-0289,professional,SYN-FACE-03,other,0.04146242752752621
SYN-P-0290,professional,SYN-FACE-01,left_eye,0.21081898999229734
SYN-P-0290,professional,SYN-FACE-01,right_eye,0.36340282068489294
SYN-P-0290,professional,SYN-FACE-01,nose,0.09196810819209997
SYN-P-0290,professional,SYN-FACE-01,mouth,0.21869223063252916
SYN-P-0290,professional,SYN-FACE-01,other,0.11511785049818064
SYN-P-0290,professional,SYN-FACE-02,left_eye,0.16854744502365382
SYN-P-0290,professional,SYN-FACE-02,right_eye,0.27842244808827893
SYN-P-0290,professional,SYN-FACE-02,nose,0.3419285784324863
SYN-P-0290,professional,SYN-FACE-02,mouth,0.15073810180850203
SYN-P-0290,professional,SYN-FACE-02,other,0.06036342664707884
SYN-P-0290,professional,SYN-FACE-03,left_eye,0.16941874082721034
SYN-P-0290,professional,SYN-FACE-03,right_eye,0.3093907201576961
SYN-P-0290,professional,SYN-FACE-03,nose,0.38093955529668655
SYN-P-0290,professional,SYN-FACE-03,mouth,0.14025098371840697
SYN-P-0290,professional,SYN-FACE-03,other,0.0
SYN-P-0291,professional,SYN-FACE-01,left_eye,0.3315506616975835
SYN-P-0291,professional,SYN-FACE-01,right_eye,0.15768558317904485
SYN-P-0291,professional,SYN-FACE-01,nose,0.2816790999212298
SYN-P-0291,professional,SYN-FACE-01,mouth,0.17599939038568563
SYN-P-0291,professional,SYN-FACE-01,other,0.05308526481645625
SYN-P-0291,professional,SYN-FACE-02,left_eye,0.12574830742420473
SYN-P-0291,professional,SYN-FACE-02,right_eye,0.21401524736673297
SYN-P-0291,professional,SYN-FACE-02,nose,0.21048305611303883
SYN-P-0291,professional,SYN-FACE-02,mouth,0.4096057098466208
SYN-P-0291,professional,SYN-FACE-02,other,0.040147679249402685
SYN-P-0291,professional,SYN-FACE-03,left_eye,0.2633392976267819
SYN-P-0291,professional,SYN-FACE-03,right_eye,0.20800447907027764
SYN-P-0291,professional,SYN-FACE-03,nose,0.2936939369437441
SYN-P-0291,professional,SYN-FACE-03,mouth,0.1629467874663814
SYN-P-0291,professional,SYN-FACE-03,other,0.072015498892815
SYN-P-0292,professional,SYN-FACE-01,left_eye,0.10280479979418561
SYN-P-0292,professional,SYN-FACE-01,right_eye,0.39343717393475613
SYN-P-0292,professional,SYN-FACE-01,nose,0.19267389017742084
SYN-P-0292,professional,SYN-FACE-01,mouth,0.2289359427743839
SYN-P-0292,professional,SYN-FACE-01,other,0.08214819331925356
SYN-P-0292,professional,SYN-FACE-02,left_eye,0.22360333789115533
SYN-P-0292,professional,SYN-FACE-02,right_eye,0.18688428879802466
SYN-P-0292,professional,SYN-FACE-02,nose,0.2809697069240165
SYN-P-0292,professional,SYN-FACE-02,mouth,0.2778780704259841
SYN-P-0292,professional,SYN-FACE-02,other,0.030664595960819274
SYN-P-0292,professional,SYN-FACE-03,left_eye,0.31342252416170074
SYN-P-0292,professional,SYN-FACE-03,right_eye,0.20179992475528197
SYN-P-0292,professional,SYN-FACE-03,nose,0.315253188841782
SYN-P-0292,professional,SYN-FACE-03,mouth,0.16952436224123535
SYN-P-0292,professional,SYN-FACE-03,other,0.0
SYN-P-0293,professional,SYN-FACE-01,left_eye,0.12049168381811126
SYN-P-0293,professional,SYN-FACE-01,right_eye,0.34278331058848993
SYN-P-0293,professional,SYN-FACE-01,nose,0.16949650470385258
SYN-P-0293,professional,SYN-FACE-01,mouth,0.36722850088954617
SYN-P-0293,professional,SYN-FACE-01,other,0.0
SYN-P-0293,professional,SYN-FACE-02,left_eye,0.2687315006443496
SYN-P-0293,professional,SYN-FACE-02,right_eye,0.2873058392682805
SYN-P-0293,professional,SYN-FACE-02,nose,0.15448331736438722
SYN-P-0293,professional,SYN-FACE-02,mouth,0.2219706118323177
SYN-P-0293,professional,SYN-FACE-02,other,0.06750873089066498
SYN-P-0293,professional,SYN-FACE-03,left_eye,0.039810242999839145
SYN-P-0293,professional,SYN-FACE-03,right_eye,0.3177268115426832
SYN-P-0293,professional,SYN-FACE-03,nose,0.24671926940325334
SYN-P-0293,professional,SYN-FACE-03,mouth,0.33733025216689794
SYN-P-0293,professional,SYN-FACE-03,other,0.05841342388732635
SYN-P-0294,professional,SYN-FACE-01,left_eye,0.32645503680562704
SYN-P-0294,professional,SYN-FACE-01,right_eye,0.12502897525406387
SYN-P-0294,professional,SYN-FACE-01,nose,0.340756949591852
SYN-P-0294,professional,SYN-FACE-01,mouth,0.13989843569974672
SYN-P-0294,professional,SYN-FACE-01,other,0.06786060264871041
SYN-P-0294,professional,SYN-FACE-02,left_eye,0.13906656893415614
SYN-P-0294,professional,SYN-FACE-02,right_eye,0.2942386660573772
SYN-P-0294,professional,SYN-FACE-02,nose,0.21338979077395503
SYN-P-0294,professional,SYN-FACE-02,mouth,0.3282710541889666
SYN-P-0294,professional,SYN-FACE-02,other,0.025033920045544982
SYN-P-0294,professional,SYN-FACE-03,left_eye,0.4993074741438822
SYN-P-0294,professional,SYN-FACE-03,right_eye,0.09238017868835366
SYN-P-0294,professional,SYN-FACE-03,nose,0.1254905111473933
SYN-P-0294,professional,SYN-FACE-03,mouth,0.24063624885531273
SYN-P-0294,professional,SYN-FACE-03,other,0.04218558716505809
SYN-P-0295,professional,SYN-FACE-01,left_eye,0.19643986975029712
SYN-P-0295,professional,SYN-FACE-01,right_eye,0.14608792809100996
SYN-P-0295,professional,SYN-FACE-01,nose,0.42609206764437746
SYN-P-0295,professional,SYN-FACE-01,mouth,0.2023906798673271
SYN-P-0295,professional,SYN-FACE-01,other,0.028989454646988346
SYN-P-0295,professional,SYN-FACE-02,left_eye,0.2813249049106841
SYN-P-0295,professional,SYN-FACE-02,right_eye,0.10032810916201329
SYN-P-0295,professional,SYN-FACE-02,nose,0.06899200078708165
SYN-P-0295,professional,SYN-FACE-02,mouth,0.5196290419934122
SYN-P-0295,professional,SYN-FACE-02,other,0.029725943146808792
SYN-P-0295,professional,SYN-FACE-03,left_eye,0.14531694621083227
SYN-P-0295,professional,SYN-FACE-03,right_eye,0.2701425854713038
SYN-P-0295,professional,SYN-FACE-03,nose,0.3239912174489522
SYN-P-0295,professional,SYN-FACE-03,mouth,0.12332382168067786
SYN-P-0295,professional,SYN-FACE-03,other,0.13722542918823374
SYN-P-0296,professional,SYN-FACE-01,left_eye,0.2883878548649369
SYN-P-0296,professional,SYN-FACE-01,right_eye,0.31387680714320304
SYN-P-0296,professional,SYN-FACE-01,nose,0.09103915749008368
SYN-P-0296,professional,SYN-FACE-01,mouth,0.2535851673811345
SYN-P-0296,professional,SYN-FACE-01,other,0.053111013120641926
SYN-P-0296,professional,SYN-FACE-02,left_eye,0.2779899961195266
SYN-P-0296,professional,SYN-FACE-02,right_eye,0.15961421379721855
SYN-P-0296,professional,SYN-FACE-02,nose,0.17304588921710373
SYN-P-0296,professional,SYN-FACE-02,mouth,0.3627118879104536
SYN-P-0296,professional,SYN-FACE-02,other,0.026638012955697534
SYN-P-0296,professional,SYN-FACE-03,left_eye,0.3452090014041643
SYN-P-0296,professional,SYN-FACE-03,right_eye,0.21934308063000696
SYN-P-0296,professional,SYN-FACE-03,nose,0.13202549311282058
SYN-P-0296,professional,SYN-FACE-03,mouth,0.23060142211897142
SYN-P-0296,professional,SYN-FACE-03,other,0.07282100273403685
SYN-P-0297,professional,SYN-FACE-01,left_eye,0.4469499944237452
SYN-P-0297,professional,SYN-FACE-01,right_eye,0.13323524157279734
SYN-P-0297,professional,SYN-FACE-01,nose,0.1097543875920185
SYN-P-0297,professional,SYN-FACE-01,mouth,0.24266113909840828
SYN-P-0297,professional,SYN-FACE-01,other,0.06739923731303064
SYN-P-0297,professional,SYN-FACE-02,left_eye,0.3064144287586724
SYN-P-0297,professional,SYN-FACE-02,right_eye,0.33611928170369554
SYN-P-0297,professional,SYN-FACE-02,nose,0.18249249091880718
SYN-P-0297,professional,SYN-FACE-02,mouth,0.17497379861882487
SYN-P-0297,professional,SYN-FACE-02,other,0.0
SYN-P-0297,professional,SYN-FACE-03,left_eye,0.21336839083592066
SYN-P-0297,professional,SYN-FACE-03,right_eye,0.0371215302618611
SYN-P-0297,professional,SYN-FACE-03,nose,0.35801208433423637
SYN-P-0297,professional,SYN-FACE-03,mouth,0.39149799456798184
SYN-P-0297,professional,SYN-FACE-03,other,0.0
SYN-P-0298,professional,SYN-FACE-01,left_eye,0.28480765317546236
SYN-P-0298,professional,SYN-FACE-01,right_eye,0.0970658919347945
SYN-P-0298,professional,SYN-FACE-01,nose,0.36941735877852305
SYN-P-0298,professional,SYN-FACE-01,mouth,0.2197851822310182
SYN-P-0298,professional,SYN-FACE-01,other,0.028923913880201855
SYN-P-0298,professional,SYN-FACE-02,left_eye,0.15680170427221304
SYN-P-0298,professional,SYN-FACE-02,right_eye,0.3610394126641556
SYN-P-0298,professional,SYN-FACE-02,nose,0.14043364907932496
SYN-P-0298,professional,SYN-FACE-02,mouth,0.3417252339843064
SYN-P-0298,professional,SYN-FACE-02,other,0.0
SYN-P-0298,professional,SYN-FACE-03,left_eye,0.20464415045140225
SYN-P-0298,professional,SYN-FACE-03,right_eye,0.11153817479509837
SYN-P-0298,professional,SYN-FACE-03,nose,0.4669130254969947
SYN-P-0298,professional,SYN-FACE-03,mouth,0.1220253172003495
SYN-P-0298,professional,SYN-FACE-03,other,0.09487933205615515
SYN-P-0299,professional,SYN-FACE-01,left_eye,0.15436209784588287
SYN-P-0299,professional,SYN-FACE-01,right_eye,0.30826702759683544
SYN-P-0299,professional,SYN-FACE-01,nose,0.2808864781037787
SYN-P-0299,professional,SYN-FACE-01,mouth,0.182802365479009
SYN-P-0299,professional,SYN-FACE-01,other,0.073682030974494
SYN-P-0299,professional,SYN-FACE-02,left_eye,0.22158419293548182
SYN-P-0299,professional,SYN-FACE-02,right_eye,0.06643471786347824
SYN-P-0299,professional,SYN-FACE-02,nose,0.2287571986801809
SYN-P-0299,professional,SYN-FACE-02,mouth,0.35509410667734553
SYN-P-0299,professional,SYN-FACE-02,other,0.12812978384351345
SYN-P-0299,professional,SYN-FACE-03,left_eye,0.353126586559029
SYN-P-0299,professional,SYN-FACE-03,right_eye,0.1933725583037873
SYN-P-0299,professional,SYN-FACE-03,nose,0.30019699741260203
SYN-P-0299,professional,SYN-FACE-03,mouth,0.15330385772458174
SYN-P-0299,professional,SYN-FACE-03,other,0.0
SYN-P-0300,professional,SYN-FACE-01,left_eye,0.2853775181911239
SYN-P-0300,professional,SYN-FACE-01,right_eye,0.2124055096354729
SYN-P-0300,professional,SYN-FACE-01,nose,0.11560062586686083
SYN-P-0300,professional,SYN-FACE-01,mouth,0.31798581683069294
SYN-P-0300,professional,SYN-FACE-01,other,0.06863052947584954
SYN-P-0300,professional,SYN-FACE-02,left_eye,0.18122279703132918
SYN-P-0300,professional,SYN-FACE-02,right_eye,0.1926650663601778
SYN-P-0300,professional,SYN-FACE-02,nose,0.12411175568635505
SYN-P-0300,professional,SYN-FACE-02,mouth,0.30635639835121753
SYN-P-0300,professional,SYN-FACE-02,other,0.19564398257092047
SYN-P-0300,professional,SYN-FACE-03,left_eye,0.3623671266980883
SYN-P-0300,professional,SYN-FACE-03,right_eye,0.152075055668835
SYN-P-0300,professional,SYN-FACE-03,nose,0.30553908905672206
SYN-P-0300,professional,SYN-FACE-03,mouth,0.18001872857635462
SYN-P-0300,professional,SYN-FACE-03,other,0.0
SYN-P-0301,professional,SYN-FACE-01,left_eye,0.2884248980727141
SYN-P-0301,professional,SYN-FACE-01,right_eye,0.3157165855520634
SYN-P-0301,professional,SYN-FACE-01,nose,0.1303241322690825
SYN-P-0301,professional,SYN-FACE-01,mouth,0.22610726983353194
SYN-P-0301,professional,SYN-FACE-01,other,0.03942711427260803
SYN-P-0301,professional,SYN-FACE-02,left_eye,0.08850745265725354
SYN-P-0301,professional,SYN-FACE-02,right_eye,0.1619966714853495
SYN-P-0301,professional,SYN-FACE-02,nose,0.41496632734787636
SYN-P-0301,professional,SYN-FACE-02,mouth,0.3345295485095207
SYN-P-0301,professional,SYN-FACE-02,other,0.0
SYN-P-0301,professional,SYN-FACE-03,left_eye,0.48770959088551114
SYN-P-0301,professional,SYN-FACE-03,right_eye,0.19127174630318436
SYN-P-0301,professional,SYN-FACE-03,nose,0.27723855359657973
SYN-P-0301,professional,SYN-FACE-03,mouth,0.04378010921472475
SYN-P-0301,professional,SYN-FACE-03,other,0.0
SYN-P-0302,professional,SYN-FACE-01,left_eye,0.3873330607077955
SYN-P-0302,professional,SYN-FACE-01,right_eye,0.29165925442951723
SYN-P-0302,professional,SYN-FACE-01,nose,0.1965176603333704
SYN-P-0302,professional,SYN-FACE-01,mouth,0.0
SYN-P-0302,professional,SYN-FACE-01,other,0.12449002452931683
SYN-P-0302,professional,SYN-FACE-02,left_eye,0.22960641701676035
SYN-P-0302,professional,SYN-FACE-02,right_eye,0.2767230701731766
SYN-P-0302,professional,SYN-FACE-02,nose,0.19844250574144573
SYN-P-0302,professional,SYN-FACE-02,mouth,0.18566797959806502
SYN-P-0302,professional,SYN-FACE-02,other,0.1095600274705523
SYN-P-0302,professional,SYN-FACE-03,left_eye,0.3458520933492358
SYN-P-0302,professional,SYN-FACE-03,right_eye,0.36356669525281576
SYN-P-0302,professional,SYN-FACE-03,nose,0.09167113260203111
SYN-P-0302,professional,SYN-FACE-03,mouth,0.105679998124099
SYN-P-0302,professional,SYN-FACE-03,other,0.09323008067181833
SYN-P-0303,professional,SYN-FACE-01,left_eye,0.29499808511829906
SYN-P-0303,professional,SYN-FACE-01,right_eye,0.19942378673461159
SYN-P-0303,professional,SYN-FACE-01,nose,0.373120500492977
SYN-P-0303,professional,SYN-FACE-01,mouth,0.13245762765411231
SYN-P-0303,professional,SYN-FACE-01,other,0.0
SYN-P-0303,professional,SYN-FACE-02,left_eye,0.17411919065894915
SYN-P-0303,professional,SYN-FACE-02,right_eye,0.11950211522198763
SYN-P-0303,professional,SYN-FACE-02,nose,0.39737223321921444
SYN-P-0303,professional,SYN-FACE-02,mouth,0.22486868032503268
SYN-P-0303,professional,SYN-FACE-02,other,0.08413778057481601
SYN-P-0303,professional,SYN-FACE-03,left_eye,0.10458246279359097
SYN-P-0303,professional,SYN-FACE-03,right_eye,0.41933451150471973
SYN-P-0303,professional,SYN-FACE-03,nose,0.22280504056970055
SYN-P-0303,professional,SYN-FACE-03,mouth,0.2532779851319887
SYN-P-0303,professional,SYN-FACE-03,other,0.0
SYN-P-0304,professional,SYN-FACE-01,left_eye,0.33422050580501383
SYN-P-0304,professional,SYN-FACE-01,right_eye,0.22237174385723732
SYN-P-0304,professional,SYN-FACE-01,nose,0.11747051598303293
SYN-P-0304,professional,SYN-FACE-01,mouth,0.29755591997190706
SYN-P-0304,professional,SYN-FACE-01,other,0.028381314382808834
SYN-P-0304,professional,SYN-FACE-02,left_eye,0.1319436760717065
SYN-P-0304,professional,SYN-FACE-02,right_eye,0.2124025771604659
SYN-P-0304,professional,SYN-FACE-02,nose,0.37660341770066974
SYN-P-0304,professional,SYN-FACE-02,mouth,0.2284293476191603
SYN-P-0304,professional,SYN-FACE-02,other,0.05062098144799741
SYN-P-0304,professional,SYN-FACE-03,left_eye,0.3260258035502995
SYN-P-0304,professional,SYN-FACE-03,right_eye,0.04211897426638212
SYN-P-0304,professional,SYN-FACE-03,nose,0.34794495840677264
SYN-P-0304,professional,SYN-FACE-03,mouth,0.0717740642164179
SYN-P-0304,professional,SYN-FACE-03,other,0.21213619956012789
SYN-P-0305,professional,SYN-FACE-01,left_eye,0.20334178885042728
SYN-P-0305,professional,SYN-FACE-01,right_eye,0.29419864630617437
SYN-P-0305,professional,SYN-FACE-01,nose,0.18900760503362796
SYN-P-0305,professional,SYN-FACE-01,mouth,0.2901004643656436
SYN-P-0305,professional,SYN-FACE-01,other,0.02335149544412679
SYN-P-0305,professional,SYN-FACE-02,left_eye,0.1450075573898502
SYN-P-0305,professional,SYN-FACE-02,right_eye,0.4261744171038008
SYN-P-0305,professional,SYN-FACE-02,nose,0.23004177828485703
SYN-P-0305,professional,SYN-FACE-02,mouth,0.1594733226075901
SYN-P-0305,professional,SYN-FACE-02,other,0.039302924613901884
SYN-P-0305,professional,SYN-FACE-03,left_eye,0.21392102333983531
SYN-P-0305,professional,SYN-FACE-03,right_eye,0.2805365708174191
SYN-P-0305,professional,SYN-FACE-03,nose,0.23790769458185113
SYN-P-0305,professional,SYN-FACE-03,mouth,0.26763471126089444
SYN-P-0305,professional,SYN-FACE-03,other,0.0
SYN-P-0306,professional,SYN-FACE-01,left_eye,0.034654021714764095
SYN-P-0306,professional,SYN-FACE-01,right_eye,0.32497090361950737
SYN-P-0306,professional,SYN-FACE-01,nose,0.2021860632817217
SYN-P-0306,professional,SYN-FACE-01,mouth,0.3441647728240993
SYN-P-0306,professional,SYN-FACE-01,other,0.09402423855990756
SYN-P-0306,professional,SYN-FACE-02,left_eye,0.2645756989359782
SYN-P-0306,professional,SYN-FACE-02,right_eye,0.13808607846938648
SYN-P-0306,professional,SYN-FACE-02,nose,0.16411528434647144
SYN-P-0306,professional,SYN-FACE-02,mouth,0.43322293824816394
SYN-P-0306,professional,SYN-FACE-02,other,0.0
SYN-P-0306,professional,SYN-FACE-03,left_eye,0.18155542686623902
SYN-P-0306,professional,SYN-FACE-03,right_eye,0.09372593719985312
SYN-P-0306,professional,SYN-FACE-03,nose,0.22625578526831308
SYN-P-0306,professional,SYN-FACE-03,mouth,0.4984628506655948
SYN-P-0306,professional,SYN-FACE-03,other,0.0
SYN-P-0307,professional,SYN-FACE-01,left_eye,0.39480350273935577
SYN-P-0307,professional,SYN-FACE-01,right_eye,0.1204008959376095
SYN-P-0307,professional,SYN-FACE-01,nose,0.15943429030346515
SYN-P-0307,professional,SYN-FACE-01,mouth,0.19819955847074755
SYN-P-0307,professional,SYN-FACE-01,other,0.12716175254882198
SYN-P-0307,professional,SYN-FACE-02,left_eye,0.23033310017081216
SYN-P-0307,professional,SYN-FACE-02,right_eye,0.24732426033987184
SYN-P-0307,professional,SYN-FACE-02,nose,0.039465028047552496
SYN-P-0307,professional,SYN-FACE-02,mouth,0.43814221016798977
SYN-P-0307,professional,SYN-FACE-02,other,0.04473540127377382
SYN-P-0307,professional,SYN-FACE-03,left_eye,0.34546181879205723
SYN-P-0307,professional,SYN-FACE-03,right_eye,0.23457987783644652
SYN-P-0307,professional,SYN-FACE-03,nose,0.20521408523880183
SYN-P-0307,professional,SYN-FACE-03,mouth,0.06708439855451523
SYN-P-0307,professional,SYN-FACE-03,other,0.14765981957817928
SYN-P-0308,professional,SYN-FACE-01,left_eye,0.20576221140113732
SYN-P-0308,professional,SYN-FACE-01,right_eye,0.17124649390479119
SYN-P-0308,professional,SYN-FACE-01,nose,0.21114499309125542
SYN-P-0308,professional,SYN-FACE-01,mouth,0.1880779114370336
SYN-P-0308,professional,SYN-FACE-01,other,0.22376839016578248
SYN-P-0308,professional,SYN-FACE-02,left_eye,0.24202476630147293
SYN-P-0308,professional,SYN-FACE-02,right_eye,0.3014383541218852
SYN-P-0308,professional,SYN-FACE-02,nose,0.17224470215783225
SYN-P-0308,professional,SYN-FACE-02,mouth,0.25693236478250137
SYN-P-0308,professional,SYN-FACE-02,other,0.027359812636308347
SYN-P-0308,professional,SYN-FACE-03,left_eye,0.4678423447163126
SYN-P-0308,professional,SYN-FACE-03,right_eye,0.12142764210949435
SYN-P-0308,professional,SYN-FACE-03,nose,0.04732604030848005
SYN-P-0308,professional,SYN-FACE-03,mouth,0.363403972865713
SYN-P-0308,professional,SYN-FACE-03,other,0.0
SYN-P-0309,professional,SYN-FACE-01,left_eye,0.07441878650879707
SYN-P-0309,professional,SYN-FACE-01,right_eye,0.1407494662297734
SYN-P-0309,professional,SYN-FACE-01,nose,0.4479140516405336
SYN-P-0309,professional,SYN-FACE-01,mouth,0.33691769562089596
SYN-P-0309,professional,SYN-FACE-01,other,0.0
SYN-P-0309,professional,SYN-FACE-02,left_eye,0.1679651406240543
SYN-P-0309,professional,SYN-FACE-02,right_eye,0.26864100961684867
SYN-P-0309,professional,SYN-FACE-02,nose,0.24478908656430556
SYN-P-0309,professional,SYN-FACE-02,mouth,0.3186047631947915
SYN-P-0309,professional,SYN-FACE-02,other,0.0
SYN-P-0309,professional,SYN-FACE-03,left_eye,0.15788968407908732
SYN-P-0309,professional,SYN-FACE-03,right_eye,0.24141338811665053
SYN-P-0309,professional,SYN-FACE-03,nose,0.3708790104818096
SYN-P-0309,professional,SYN-FACE-03,mouth,0.2298179173224525
SYN-P-0309,professional,SYN-FACE-03,other,0.0
SYN-P-0310,professional,SYN-FACE-01,left_eye,0.27768469072621377
SYN-P-0310,professional,SYN-FACE-01,right_eye,0.2796448834914433
SYN-P-0310,professional,SYN-FACE-01,nose,0.1763719059534455
SYN-P-0310,professional,SYN-FACE-01,mouth,0.13369151112634983
SYN-P-0310,professional,SYN-FACE-01,other,0.1326070087025476
SYN-P-0310,professional,SYN-FACE-02,left_eye,0.451754196333476
SYN-P-0310,professional,SYN-FACE-02,right_eye,0.05783128672073834
SYN-P-0310,professional,SYN-FACE-02,nose,0.05724648986706563
SYN-P-0310,professional,SYN-FACE-02,mouth,0.38824361350318415
SYN-P-0310,professional,SYN-FACE-02,other,0.044924413575535865
SYN-P-0310,professional,SYN-FACE-03,left_eye,0.300252345507799
SYN-P-0310,professional,SYN-FACE-03,right_eye,0.13473765950102456
SYN-P-0310,professional,SYN-FACE-03,nose,0.3049584862089467
SYN-P-0310,professional,SYN-FACE-03,mouth,0.1159526455231729
SYN-P-0310,professional,SYN-FACE-03,other,0.14409886325905674
SYN-P-0311,professional,SYN-FACE-01,left_eye,0.39551078957069863
SYN-P-0311,professional,SYN-FACE-01,right_eye,0.3004301766603135
SYN-P-0311,professional,SYN-FACE-01,nose,0.2368182017726131
SYN-P-0311,professional,SYN-FACE-01,mouth,0.031244357211339956
SYN-P-0311,professional,SYN-FACE-01,other,0.03599647478503481
SYN-P-0311,professional,SYN-FACE-02,left_eye,0.1538229223599319
SYN-P-0311,professional,SYN-FACE-02,right_eye,0.30504388978750757
SYN-P-0311,professional,SYN-FACE-02,nose,0.11485709697984599
SYN-P-0311,professional,SYN-FACE-02,mouth,0.3293340165442883
SYN-P-0311,professional,SYN-FACE-02,other,0.09694207432842619
SYN-P-0311,professional,SYN-FACE-03,left_eye,0.3147436735122149
SYN-P-0311,professional,SYN-FACE-03,right_eye,0.17387079737725852
SYN-P-0311,professional,SYN-FACE-03,nose,0.2900208164533471
SYN-P-0311,professional,SYN-FACE-03,mouth,0.14087879176830856
SYN-P-0311,professional,SYN-FACE-03,other,0.08048592088887098
SYN-P-0312,professional,SYN-FACE-01,left_eye,0.15966908971850877
SYN-P-0312,professional,SYN-FACE-01,right_eye,0.21816823922486664
SYN-P-0312,professional,SYN-FACE-01,nose,0.18229897424496236
SYN-P-0312,professional,SYN-FACE-01,mouth,0.31749449922701123
SYN-P-0312,professional,SYN-FACE-01,other,0.12236919758465097
SYN-P-0312,professional,SYN-FACE-02,left_eye,0.26534442948718695
SYN-P-0312,professional,SYN-FACE-02,right_eye,0.14211551064998737
SYN-P-0312,professional,SYN-FACE-02,nose,0.3116743421449572
SYN-P-0312,professional,SYN-FACE-02,mouth,0.28086571771786856
SYN-P-0312,professional,SYN-FACE-02,other,0.0
SYN-P-0312,professional,SYN-FACE-03,left_eye,0.20965242229899278
SYN-P-0312,professional,SYN-FACE-03,right_eye,0.1744818987905759
SYN-P-0312,professional,SYN-FACE-03,nose,0.30101423750825945
SYN-P-0312,professional,SYN-FACE-03,mouth,0.28643796002342753
SYN-P-0312,professional,SYN-FACE-03,other,0.028413481378744308
SYN-P-0313,professional,SYN-FACE-01,left_eye,0.4709130795993804
SYN-P-0313,professional,SYN-FACE-01,right_eye,0.1693656416730603
SYN-P-0313,professional,SYN-FACE-01,nose,0.15914147511589116
SYN-P-0313,professional,SYN-FACE-01,mouth,0.13243889696265246
SYN-P-0313,professional,SYN-FACE-01,other,0.06814090664901573
SYN-P-0313,professional,SYN-FACE-02,left_eye,0.15492160309366942
SYN-P-0313,professional,SYN-FACE-02,right_eye,0.1755931720593133
SYN-P-0313,professional,SYN-FACE-02,nose,0.18444185986498327
SYN-P-0313,professional,SYN-FACE-02,mouth,0.3692792878803796
SYN-P-0313,professional,SYN-FACE-02,other,0.11576407710165439
SYN-P-0313,professional,SYN-FACE-03,left_eye,0.3847614390954658
SYN-P-0313,professional,SYN-FACE-03,right_eye,0.22253622714372423
SYN-P-0313,professional,SYN-FACE-03,nose,0.14564135326431102
SYN-P-0313,professional,SYN-FACE-03,mouth,0.13822260660779345
SYN-P-0313,professional,SYN-FACE-03,other,0.1088383738887055
SYN-P-0314,professional,SYN-FACE-01,left_eye,0.2975776662293121
SYN-P-0314,professional,SYN-FACE-01,right_eye,0.4548894502109472
SYN-P-0314,professional,SYN-FACE-01,nose,0.04586666251361006
SYN-P-0314,professional,SYN-FACE-01,mouth,0.12092221536067642
SYN-P-0314,professional,SYN-FACE-01,other,0.08074400568545419
SYN-P-0314,professional,SYN-FACE-02,left_eye,0.32175375177837473
SYN-P-0314,professional,SYN-FACE-02,right_eye,0.19829107656423572
SYN-P-0314,professional,SYN-FACE-02,nose,0.029113458999819677
SYN-P-0314,professional,SYN-FACE-02,mouth,0.421258022254421
SYN-P-0314,professional,SYN-FACE-02,other,0.02958369040314878
SYN-P-0314,professional,SYN-FACE-03,left_eye,0.3606293840787785
SYN-P-0314,professional,SYN-FACE-03,right_eye,0.24155648383221145
SYN-P-0314,professional,SYN-FACE-03,nose,0.12797944114049398
SYN-P-0314,professional,SYN-FACE-03,mouth,0.18503881946415623
SYN-P-0314,professional,SYN-FACE-03,other,0.08479587148435976
SYN-P-0315,professional,SYN-FACE-01,left_eye,0.12529738184525308
SYN-P-0315,professional,SYN-FACE-01,right_eye,0.3408723052675492
SYN-P-0315,professional,SYN-FACE-01,nose,0.10182940758441052
SYN-P-0315,professional,SYN-FACE-01,mouth,0.2489607232232885
SYN-P-0315,professional,SYN-FACE-01,other,0.18304018207949868
SYN-P-0315,professional,SYN-FACE-02,left_eye,0.32565214499943185
SYN-P-0315,professional,SYN-FACE-02,right_eye,0.24855580332230962
SYN-P-0315,professional,SYN-FACE-02,nose,0.24956240010925507
SYN-P-0315,professional,SYN-FACE-02,mouth,0.1762296515690034
SYN-P-0315,professional,SYN-FACE-02,other,0.0
SYN-P-0315,professional,SYN-FACE-03,left_eye,0.3091869051555776
SYN-P-0315,professional,SYN-FACE-03,right_eye,0.21154231212086252
SYN-P-0315,professional,SYN-FACE-03,nose,0.21328797923040904
SYN-P-0315,professional,SYN-FACE-03,mouth,0.2095831484676416
SYN-P-0315,professional,SYN-FACE-03,other,0.05639965502550928
SYN-P-0316,professional,SYN-FACE-01,left_eye,0.26192229006836265
SYN-P-0316,professional,SYN-FACE-01,right_eye,0.244584003116937
SYN-P-0316,professional,SYN-FACE-01,nose,0.15833386134592692
SYN-P-0316,professional,SYN-FACE-01,mouth,0.293963530329846
SYN-P-0316,professional,SYN-FACE-01,other,0.04119631513892744
SYN-P-0316,professional,SYN-FACE-02,left_eye,0.07940683787886124
SYN-P-0316,professional,SYN-FACE-02,right_eye,0.19221724097584872
SYN-P-0316,professional,SYN-FACE-02,nose,0.18474486320690572
SYN-P-0316,professional,SYN-FACE-02,mouth,0.5436310579383844
SYN-P-0316,professional,SYN-FACE-02,other,0.0
SYN-P-0316,professional,SYN-FACE-03,left_eye,0.2534877391365614
SYN-P-0316,professional,SYN-FACE-03,right_eye,0.4459264217103751
SYN-P-0316,professional,SYN-FACE-03,nose,0.045103805222231
SYN-P-0316,professional,SYN-FACE-03,mouth,0.2554820339308324
SYN-P-0316,professional,SYN-FACE-03,other,0.0
SYN-P-0317,professional,SYN-FACE-01,left_eye,0.31141295714037676
SYN-P-0317,professional,SYN-FACE-01,right_eye,0.21583962185800895
SYN-P-0317,professional,SYN-FACE-01,nose,0.3246043887323603
SYN-P-0317,professional,SYN-FACE-01,mouth,0.1277552706426998
SYN-P-0317,professional,SYN-FACE-01,other,0.02038776162655429
SYN-P-0317,professional,SYN-FACE-02,left_eye,0.12273031668618459
SYN-P-0317,professional,SYN-FACE-02,right_eye,0.26752514261679433
SYN-P-0317,professional,SYN-FACE-02,nose,0.23020483441809333
SYN-P-0317,professional,SYN-FACE-02,mouth,0.24059133305772443
SYN-P-0317,professional,SYN-FACE-02,other,0.13894837322120324
SYN-P-0317,professional,SYN-FACE-03,left_eye,0.2696811094648731
SYN-P-0317,professional,SYN-FACE-03,right_eye,0.11193347532917508
SYN-P-0317,professional,SYN-FACE-03,nose,0.5106725149719095
SYN-P-0317,professional,SYN-FACE-03,mouth,0.1077129002340423
SYN-P-0317,professional,SYN-FACE-03,other,0.0
SYN-P-0318,professional,SYN-FACE-01,left_eye,0.3694281009182008
SYN-P-0318,professional,SYN-FACE-01,right_eye,0.260428654312279
SYN-P-0318,professional,SYN-FACE-01,nose,0.14315386930724794
SYN-P-0318,professional,SYN-FACE-01,mouth,0.1456015920713088
SYN-P-0318,professional,SYN-FACE-01,other,0.08138778339096349
SYN-P-0318,professional,SYN-FACE-02,left_eye,0.30056576904912824
SYN-P-0318,professional,SYN-FACE-02,right_eye,0.15209567432903834
SYN-P-0318,professional,SYN-FACE-02,nose,0.14840891786014831
SYN-P-0318,professional,SYN-FACE-02,mouth,0.19615887646476124
SYN-P-0318,professional,SYN-FACE-02,other,0.20277076229692392
SYN-P-0318,professional,SYN-FACE-03,left_eye,0.37768846235432957
SYN-P-0318,professional,SYN-FACE-03,right_eye,0.03596467991863653
SYN-P-0318,professional,SYN-FACE-03,nose,0.1638809242675899
SYN-P-0318,professional,SYN-FACE-03,mouth,0.31532095450342584
SYN-P-0318,professional,SYN-FACE-03,other,0.1071449789560182
SYN-P-0319,professional,SYN-FACE-01,left_eye,0.3079943176731173
SYN-P-0319,professional,SYN-FACE-01,right_eye,0.0
SYN-P-0319,professional,SYN-FACE-01,nose,0.3492698201842386
SYN-P-0319,professional,SYN-FACE-01,mouth,0.29969056418505774
SYN-P-0319,professional,SYN-FACE-01,other,0.04304529795758634
SYN-P-0319,professional,SYN-FACE-02,left_eye,0.07364457166677073
SYN-P-0319,professional,SYN-FACE-02,right_eye,0.3043444099693083
SYN-P-0319,professional,SYN-FACE-02,nose,0.10998661264517817
SYN-P-0319,professional,SYN-FACE-02,mouth,0.41652968913393096
SYN-P-0319,professional,SYN-FACE-02,other,0.0954947165848118
SYN-P-0319,professional,SYN-FACE-03,left_eye,0.22349865195892005
SYN-P-0319,professional,SYN-FACE-03,right_eye,0.1389614927540038
SYN-P-0319,professional,SYN-FACE-03,nose,0.1346787142703061
SYN-P-0319,professional,SYN-FACE-03,mouth,0.50286114101677
SYN-P-0319,professional,SYN-FACE-03,other,0.0
SYN-P-0320,professional,SYN-FACE-01,left_eye,0.192657157537695
SYN-P-0320,professional,SYN-FACE-01,right_eye,0.1379576157771684
SYN-P-0320,professional,SYN-FACE-01,nose,0.12105476477947462
SYN-P-0320,professional,SYN-FACE-01,mouth,0.2796318644284822
SYN-P-0320,professional,SYN-FACE-01,other,0.2686985974771798
SYN-P-0320,professional,SYN-FACE-02,left_eye,0.1808071414083878
SYN-P-0320,professional,SYN-FACE-02,right_eye,0.33672219251676716
SYN-P-0320,professional,SYN-FACE-02,nose,0.1945427587187342
SYN-P-0320,professional,SYN-FACE-02,mouth,0.2879279073561109
SYN-P-0320,professional,SYN-FACE-02,other,0.0
SYN-P-0320,professional,SYN-FACE-03,left_eye,0.41268140759929306
SYN-P-0320,professional,SYN-FACE-03,right_eye,0.30337371380974304
SYN-P-0320,professional,SYN-FACE-03,nose,0.1721351938773899
SYN-P-0320,professional,SYN-FACE-03,mouth,0.11180968471357404
SYN-P-0320,professional,SYN-FACE-03,other,0.0
SYN-P-0321,professional,SYN-FACE-01,left_eye,0.20129910661527406
SYN-P-0321,professional,SYN-FACE-01,right_eye,0.16074447863014613
SYN-P-0321,professional,SYN-FACE-01,nose,0.40184349709299544
SYN-P-0321,professional,SYN-FACE-01,mouth,0.15243667305267214
SYN-P-0321,professional,SYN-FACE-01,other,0.08367624460891224
SYN-P-0321,professional,SYN-FACE-02,left_eye,0.05664941168111333
SYN-P-0321,professional,SYN-FACE-02,right_eye,0.2369079196884983
SYN-P-0321,professional,SYN-FACE-02,nose,0.3159632119963738
SYN-P-0321,professional,SYN-FACE-02,mouth,0.35161360598338715
SYN-P-0321,professional,SYN-FACE-02,other,0.03886585065062752
SYN-P-0321,professional,SYN-FACE-03,left_eye,0.23521294219018207
SYN-P-0321,professional,SYN-FACE-03,right_eye,0.27060357980353744
SYN-P-0321,professional,SYN-FACE-03,nose,0.11273646380249706
SYN-P-0321,professional,SYN-FACE-03,mouth,0.24246078381399064
SYN-P-0321,professional,SYN-FACE-03,other,0.13898623038979288
SYN-P-0322,professional,SYN-FACE-01,left_eye,0.0912585199794984
SYN-P-0322,professional,SYN-FACE-01,right_eye,0.2610878807249356
SYN-P-0322,professional,SYN-FACE-01,nose,0.11866370737515167
SYN-P-0322,professional,SYN-FACE-01,mouth,0.36740560782057846
SYN-P-0322,professional,SYN-FACE-01,other,0.1615842840998358
SYN-P-0322,professional,SYN-FACE-02,left_eye,0.26881775580140216
SYN-P-0322,professional,SYN-FACE-02,right_eye,0.28577887378775607
SYN-P-0322,professional,SYN-FACE-02,nose,0.17133104170250502
SYN-P-0322,professional,SYN-FACE-02,mouth,0.12905693911721655
SYN-P-0322,professional,SYN-FACE-02,other,0.1450153895911203
SYN-P-0322,professional,SYN-FACE-03,left_eye,0.17804553683168103
SYN-P-0322,professional,SYN-FACE-03,right_eye,0.18111460785694244
SYN-P-0322,professional,SYN-FACE-03,nose,0.14216954236305468
SYN-P-0322,professional,SYN-FACE-03,mouth,0.4623423251854138
SYN-P-0322,professional,SYN-FACE-03,other,0.03632798776290798
SYN-P-0323,professional,SYN-FACE-01,left_eye,0.1997113405388423
SYN-P-0323,professional,SYN-FACE-01,right_eye,0.43785915491838534
SYN-P-0323,professional,SYN-FACE-01,nose,0.08305342607141047
SYN-P-0323,professional,SYN-FACE-01,mouth,0.27937607847136187
SYN-P-0323,professional,SYN-FACE-01,other,0.0
SYN-P-0323,professional,SYN-FACE-02,left_eye,0.169906068658537
SYN-P-0323,professional,SYN-FACE-02,right_eye,0.2840108516837522
SYN-P-0323,professional,SYN-FACE-02,nose,0.16987556180385593
SYN-P-0323,professional,SYN-FACE-02,mouth,0.2302746858400281
SYN-P-0323,professional,SYN-FACE-02,other,0.14593283201382679
SYN-P-0323,professional,SYN-FACE-03,left_eye,0.31737395869690616
SYN-P-0323,professional,SYN-FACE-03,right_eye,0.2285280617633649
SYN-P-0323,professional,SYN-FACE-03,nose,0.05627052225111377
SYN-P-0323,professional,SYN-FACE-03,mouth,0.2847380827146257
SYN-P-0323,professional,SYN-FACE-03,other,0.11308937457398954
SYN-P-0324,professional,SYN-FACE-01,left_eye,0.4901021745131996
SYN-P-0324,professional,SYN-FACE-01,right_eye,0.10667711647041081
SYN-P-0324,professional,SYN-FACE-01,nose,0.06786715931186331
SYN-P-0324,professional,SYN-FACE-01,mouth,0.3353535497045263
SYN-P-0324,professional,SYN-FACE-01,other,0.0
SYN-P-0324,professional,SYN-FACE-02,left_eye,0.2663008905688726
SYN-P-0324,professional,SYN-FACE-02,right_eye,0.3201758935903173
SYN-P-0324,professional,SYN-FACE-02,nose,0.21471605184971382
SYN-P-0324,professional,SYN-FACE-02,mouth,0.14909956165382285
SYN-P-0324,professional,SYN-FACE-02,other,0.049707602337273435
SYN-P-0324,professional,SYN-FACE-03,left_eye,0.29695257725697327
SYN-P-0324,professional,SYN-FACE-03,right_eye,0.08067530683264447
SYN-P-0324,professional,SYN-FACE-03,nose,0.19880376110328946
SYN-P-0324,professional,SYN-FACE-03,mouth,0.2135852588913395
SYN-P-0324,professional,SYN-FACE-03,other,0.20998309591575332
SYN-P-0325,professional,SYN-FACE-01,left_eye,0.20162993972651302
SYN-P-0325,professional,SYN-FACE-01,right_eye,0.3696142419753464
SYN-P-0325,professional,SYN-FACE-01,nose,0.10839984145727048
SYN-P-0325,professional,SYN-FACE-01,mouth,0.24781700072090745
SYN-P-0325,professional,SYN-FACE-01,other,0.07253897611996259
SYN-P-0325,professional,SYN-FACE-02,left_eye,0.23494729847754353
SYN-P-0325,professional,SYN-FACE-02,right_eye,0.1742905382045542
SYN-P-0325,professional,SYN-FACE-02,nose,0.11292486369141133
SYN-P-0325,professional,SYN-FACE-02,mouth,0.393627915178284
SYN-P-0325,professional,SYN-FACE-02,other,0.08420938444820698
SYN-P-0325,professional,SYN-FACE-03,left_eye,0.20251486633150328
SYN-P-0325,professional,SYN-FACE-03,right_eye,0.11297778339620133
SYN-P-0325,professional,SYN-FACE-03,nose,0.23830471252264193
SYN-P-0325,professional,SYN-FACE-03,mouth,0.34509658298938467
SYN-P-0325,professional,SYN-FACE-03,other,0.10110605476026877
SYN-P-0326,professional,SYN-FACE-01,left_eye,0.14010672363246254
SYN-P-0326,professional,SYN-FACE-01,right_eye,0.3003864408604166
SYN-P-0326,professional,SYN-FACE-01,nose,0.2833358485938691
SYN-P-0326,professional,SYN-FACE-01,mouth,0.11361116740466484
SYN-P-0326,professional,SYN-FACE-01,other,0.1625598195085869
SYN-P-0326,professional,SYN-FACE-02,left_eye,0.22788711725965713
SYN-P-0326,professional,SYN-FACE-02,right_eye,0.2785997854581102
SYN-P-0326,professional,SYN-FACE-02,nose,0.2028108992222947
SYN-P-0326,professional,SYN-FACE-02,mouth,0.15303584464973816
SYN-P-0326,professional,SYN-FACE-02,other,0.1376663534101999
SYN-P-0326,professional,SYN-FACE-03,left_eye,0.40276362251470577
SYN-P-0326,professional,SYN-FACE-03,right_eye,0.18655579855369017
SYN-P-0326,professional,SYN-FACE-03,nose,0.18181315260037348
SYN-P-0326,professional,SYN-FACE-03,mouth,0.1343347314057713
SYN-P-0326,professional,SYN-FACE-03,other,0.09453269492545925
SYN-P-0327,professional,SYN-FACE-01,left_eye,0.4005652599509488
SYN-P-0327,professional,SYN-FACE-01,right_eye,0.43880493763704786
SYN-P-0327,professional,SYN-FACE-01,nose,0.041774802566286684
SYN-P-0327,professional,SYN-FACE-01,mouth,0.11885499984571662
SYN-P-0327,professional,SYN-FACE-01,other,0.0
SYN-P-0327,professional,SYN-FACE-02,left_eye,0.32065514884018836
SYN-P-0327,professional,SYN-FACE-02,right_eye,0.15999546706481924
SYN-P-0327,professional,SYN-FACE-02,nose,0.214544296749657
SYN-P-0327,professional,SYN-FACE-02,mouth,0.30480508734533535
SYN-P-0327,professional,SYN-FACE-02,other,0.0
SYN-P-0327,professional,SYN-FACE-03,left_eye,0.3209756614850871
SYN-P-0327,professional,SYN-FACE-03,right_eye,0.3662262026225808
SYN-P-0327,professional,SYN-FACE-03,nose,0.22868651837819964
SYN-P-0327,professional,SYN-FACE-03,mouth,0.047599811545102476
SYN-P-0327,professional,SYN-FACE-03,other,0.03651180596903
SYN-P-0328,professional,SYN-FACE-01,left_eye,0.17465867294054585
SYN-P-0328,professional,SYN-FACE-01,right_eye,0.2716046999457973
SYN-P-0328,professional,SYN-FACE-01,nose,0.2865328868875496
SYN-P-0328,professional,SYN-FACE-01,mouth,0.1373622234849809
SYN-P-0328,professional,SYN-FACE-01,other,0.1298415167411264
SYN-P-0328,professional,SYN-FACE-02,left_eye,0.16906403649927673
SYN-P-0328,professional,SYN-FACE-02,right_eye,0.26713221216858785
SYN-P-0328,professional,SYN-FACE-02,nose,0.30803316041058865
SYN-P-0328,professional,SYN-FACE-02,mouth,0.2032751248905765
SYN-P-0328,professional,SYN-FACE-02,other,0.05249546603097028
SYN-P-0328,professional,SYN-FACE-03,left_eye,0.35656296766174933
SYN-P-0328,professional,SYN-FACE-03,right_eye,0.22833568709244015
SYN-P-0328,professional,SYN-FACE-03,nose,0.2716485683133117
SYN-P-0328,professional,SYN-FACE-03,mouth,0.14345277693249892
SYN-P-0328,professional,SYN-FACE-03,other,0.0
SYN-P-0329,professional,SYN-FACE-01,left_eye,0.18022303093114242
SYN-P-0329,professional,SYN-FACE-01,right_eye,0.14646460520804186
SYN-P-0329,professional,SYN-FACE-01,nose,0.4300624226243613
SYN-P-0329,professional,SYN-FACE-01,mouth,0.17716027869064493
SYN-P-0329,professional,SYN-FACE-01,other,0.06608966254580952
SYN-P-0329,professional,SYN-FACE-02,left_eye,0.29852581603279055
SYN-P-0329,professional,SYN-FACE-02,right_eye,0.16266385317797533
SYN-P-0329,professional,SYN-FACE-02,nose,0.22785581121197637
SYN-P-0329,professional,SYN-FACE-02,mouth,0.24124849755533678
SYN-P-0329,professional,SYN-FACE-02,other,0.06970602202192099
SYN-P-0329,professional,SYN-FACE-03,left_eye,0.1286170824015174
SYN-P-0329,professional,SYN-FACE-03,right_eye,0.14357949516539847
SYN-P-0329,professional,SYN-FACE-03,nose,0.562381235007139
SYN-P-0329,professional,SYN-FACE-03,mouth,0.1329701718193061
SYN-P-0329,professional,SYN-FACE-03,other,0.03245201560663899
SYN-P-0330,professional,SYN-FACE-01,left_eye,0.35381885934332796
SYN-P-0330,professional,SYN-FACE-01,right_eye,0.2610486093832902
SYN-P-0330,professional,SYN-FACE-01,nose,0.09651868850673599
SYN-P-0330,professional,SYN-FACE-01,mouth,0.28861384276664576
SYN-P-0330,professional,SYN-FACE-01,other,0.0
SYN-P-0330,professional,SYN-FACE-02,left_eye,0.14158496491094685
SYN-P-0330,professional,SYN-FACE-02,right_eye,0.2504200002112735
SYN-P-0330,professional,SYN-FACE-02,nose,0.31502596173915676
SYN-P-0330,professional,SYN-FACE-02,mouth,0.26268248451051107
SYN-P-0330,professional,SYN-FACE-02,other,0.030286588628111812
SYN-P-0330,professional,SYN-FACE-03,left_eye,0.12347198909536893
SYN-P-0330,professional,SYN-FACE-03,right_eye,0.29937446951820945
SYN-P-0330,professional,SYN-FACE-03,nose,0.22301911532202892
SYN-P-0330,professional,SYN-FACE-03,mouth,0.25025215966932096
SYN-P-0330,professional,SYN-FACE-03,other,0.10388226639507164
SYN-P-0331,professional,SYN-FACE-01,left_eye,0.23297501110368507
SYN-P-0331,professional,SYN-FACE-01,right_eye,0.27725657055690045
SYN-P-0331,professional,SYN-FACE-01,nose,0.2549840947129258
SYN-P-0331,professional,SYN-FACE-01,mouth,0.12011113986026183
SYN-P-0331,professional,SYN-FACE-01,other,0.11467318376622673
SYN-P-0331,professional,SYN-FACE-02,left_eye,0.19364513971033784
SYN-P-0331,professional,SYN-FACE-02,right_eye,0.25435678639207465
SYN-P-0331,professional,SYN-FACE-02,nose,0.23863645364747144
SYN-P-0331,professional,SYN-FACE-02,mouth,0.27427071177003226
SYN-P-0331,professional,SYN-FACE-02,other,0.03909090848008375
SYN-P-0331,professional,SYN-FACE-03,left_eye,0.15086807097550356
SYN-P-0331,professional,SYN-FACE-03,right_eye,0.14879988048266266
SYN-P-0331,professional,SYN-FACE-03,nose,0.349725177592853
SYN-P-0331,professional,SYN-FACE-03,mouth,0.35060687094898074
SYN-P-0331,professional,SYN-FACE-03,other,0.0
SYN-P-0332,professional,SYN-FACE-01,left_eye,0.33013788963564134
SYN-P-0332,professional,SYN-FACE-01,right_eye,0.17955385789025585
SYN-P-0332,professional,SYN-FACE-01,nose,0.27266183753704876
SYN-P-0332,professional,SYN-FACE-01,mouth,0.15265213457637253
SYN-P-0332,professional,SYN-FACE-01,other,0.0649942803606816
SYN-P-0332,professional,SYN-FACE-02,left_eye,0.3632963898336529
SYN-P-0332,professional,SYN-FACE-02,right_eye,0.20941624678861173
SYN-P-0332,professional,SYN-FACE-02,nose,0.03587257945603396
SYN-P-0332,professional,SYN-FACE-02,mouth,0.3254978738300534
SYN-P-0332,professional,SYN-FACE-02,other,0.06591691009164795
SYN-P-0332,professional,SYN-FACE-03,left_eye,0.4390834765937559
SYN-P-0332,professional,SYN-FACE-03,right_eye,0.16273732033847974
SYN-P-0332,professional,SYN-FACE-03,nose,0.2776450377299009
SYN-P-0332,professional,SYN-FACE-03,mouth,0.09225248757286447
SYN-P-0332,professional,SYN-FACE-03,other,0.028281677764999024
SYN-P-0333,professional,SYN-FACE-01,left_eye,0.23631517091284257
SYN-P-0333,professional,SYN-FACE-01,right_eye,0.15064889837935597
SYN-P-0333,professional,SYN-FACE-01,nose,0.4148454439457593
SYN-P-0333,professional,SYN-FACE-01,mouth,0.09453973434924429
SYN-P-0333,professional,SYN-FACE-01,other,0.1036507524127979
SYN-P-0333,professional,SYN-FACE-02,left_eye,0.0
SYN-P-0333,professional,SYN-FACE-02,right_eye,0.547293824100204
SYN-P-0333,professional,SYN-FACE-02,nose,0.28781195028546486
SYN-P-0333,professional,SYN-FACE-02,mouth,0.12239920680433534
SYN-P-0333,professional,SYN-FACE-02,other,0.04249501880999575
SYN-P-0333,professional,SYN-FACE-03,left_eye,0.25313694742925064
SYN-P-0333,professional,SYN-FACE-03,right_eye,0.16886710159319623
SYN-P-0333,professional,SYN-FACE-03,nose,0.3156807901508685
SYN-P-0333,professional,SYN-FACE-03,mouth,0.19527029804962984
SYN-P-0333,professional,SYN-FACE-03,other,0.06704486277705483
SYN-P-0334,professional,SYN-FACE-01,left_eye,0.2701916259849189
SYN-P-0334,professional,SYN-FACE-01,right_eye,0.3372927890337845
SYN-P-0334,professional,SYN-FACE-01,nose,0.2090113837951732
SYN-P-0334,professional,SYN-FACE-01,mouth,0.14398012218679676
SYN-P-0334,professional,SYN-FACE-01,other,0.03952407899932661
SYN-P-0334,professional,SYN-FACE-02,left_eye,0.3648473188857106
SYN-P-0334,professional,SYN-FACE-02,right_eye,0.2549818478522036
SYN-P-0334,professional,SYN-FACE-02,nose,0.10242366697675166
SYN-P-0334,professional,SYN-FACE-02,mouth,0.21480579727288482
SYN-P-0334,professional,SYN-FACE-02,other,0.06294136901244933
SYN-P-0334,professional,SYN-FACE-03,left_eye,0.1402422984295791
SYN-P-0334,professional,SYN-FACE-03,right_eye,0.21744735736798335
SYN-P-0334,professional,SYN-FACE-03,nose,0.3521005424756594
SYN-P-0334,professional,SYN-FACE-03,mouth,0.0
SYN-P-0334,professional,SYN-FACE-03,other,0.2902098017267781
SYN-P-0335,professional,SYN-FACE-01,left_eye,0.14201385363625826
SYN-P-0335,professional,SYN-FACE-01,right_eye,0.14436873784595916
SYN-P-0335,professional,SYN-FACE-01,nose,0.35851863466817424
SYN-P-0335,professional,SYN-FACE-01,mouth,0.21699622371934382
SYN-P-0335,professional,SYN-FACE-01,other,0.13810255013026448
SYN-P-0335,professional,SYN-FACE-02,left_eye,0.0948974452229127
SYN-P-0335,professional,SYN-FACE-02,right_eye,0.1426937284725132
SYN-P-0335,professional,SYN-FACE-02,nose,0.29719941466644634
SYN-P-0335,professional,SYN-FACE-02,mouth,0.4652094116381278
SYN-P-0335,professional,SYN-FACE-02,other,0.0
SYN-P-0335,professional,SYN-FACE-03,left_eye,0.28476365552255206
SYN-P-0335,professional,SYN-FACE-03,right_eye,0.44348715990662346
SYN-P-0335,professional,SYN-FACE-03,nose,0.18697005941670158
SYN-P-0335,professional,SYN-FACE-03,mouth,0.050943331362380495
SYN-P-0335,professional,SYN-FACE-03,other,0.03383579379174232
SYN-P-0336,professional,SYN-FACE-01,left_eye,0.08643550551981921
SYN-P-0336,professional,SYN-FACE-01,right_eye,0.18820887220585023
SYN-P-0336,professional,SYN-FACE-01,nose,0.18000068954435697
SYN-P-0336,professional,SYN-FACE-01,mouth,0.46344739054106077
SYN-P-0336,professional,SYN-FACE-01,other,0.08190754218891276
SYN-P-0336,professional,SYN-FACE-02,left_eye,0.27370200889834356
SYN-P-0336,professional,SYN-FACE-02,right_eye,0.4221519366155575
SYN-P-0336,professional,SYN-FACE-02,nose,0.1282380603971371
SYN-P-0336,professional,SYN-FACE-02,mouth,0.10257808903449107
SYN-P-0336,professional,SYN-FACE-02,other,0.07332990505447089
SYN-P-0336,professional,SYN-FACE-03,left_eye,0.4994863454316536
SYN-P-0336,professional,SYN-FACE-03,right_eye,0.21008761052948438
SYN-P-0336,professional,SYN-FACE-03,nose,0.07956213189710842
SYN-P-0336,professional,SYN-FACE-03,mouth,0.15934372688292114
SYN-P-0336,professional,SYN-FACE-03,other,0.05152018525883239
SYN-P-0337,professional,SYN-FACE-01,left_eye,0.3371419730034198
SYN-P-0337,professional,SYN-FACE-01,right_eye,0.5583349960736567
SYN-P-0337,professional,SYN-FACE-01,nose,0.10452303092292357
SYN-P-0337,professional,SYN-FACE-01,mouth,0.0
SYN-P-0337,professional,SYN-FACE-01,other,0.0
SYN-P-0337,professional,SYN-FACE-02,left_eye,0.09993365387436082
SYN-P-0337,professional,SYN-FACE-02,right_eye,0.26755263485963154
SYN-P-0337,professional,SYN-FACE-02,nose,0.2615836756758638
SYN-P-0337,professional,SYN-FACE-02,mouth,0.3709300355901438
SYN-P-0337,professional,SYN-FACE-02,other,0.0
SYN-P-0337,professional,SYN-FACE-03,left_eye,0.3445581777718264
SYN-P-0337,professional,SYN-FACE-03,right_eye,0.17519845410876816
SYN-P-0337,professional,SYN-FACE-03,nose,0.19697569239344462
SYN-P-0337,professional,SYN-FACE-03,mouth,0.26795533608871464
SYN-P-0337,professional,SYN-FACE-03,other,0.01531233963724621
SYN-P-0338,professional,SYN-FACE-01,left_eye,0.2565403694309208
SYN-P-0338,professional,SYN-FACE-01,right_eye,0.2185136639023919
SYN-P-0338,professional,SYN-FACE-01,nose,0.22199134919718697
SYN-P-0338,professional,SYN-FACE-01,mouth,0.21701046462185408
SYN-P-0338,professional,SYN-FACE-01,other,0.08594415284764628
SYN-P-0338,professional,SYN-FACE-02,left_eye,0.28426161328751476
SYN-P-0338,professional,SYN-FACE-02,right_eye,0.2949211297829931
SYN-P-0338,professional,SYN-FACE-02,nose,0.032318766432428085
SYN-P-0338,professional,SYN-FACE-02,mouth,0.3532506856190724
SYN-P-0338,professional,SYN-FACE-02,other,0.03524780487799162
SYN-P-0338,professional,SYN-FACE-03,left_eye,0.2524930153387294
SYN-P-0338,professional,SYN-FACE-03,right_eye,0.15282068426368822
SYN-P-0338,professional,SYN-FACE-03,nose,0.22019101407251357
SYN-P-0338,professional,SYN-FACE-03,mouth,0.23284395897972082
SYN-P-0338,professional,SYN-FACE-03,other,0.141651327345348
SYN-P-0339,professional,SYN-FACE-01,left_eye,0.2412429535471317
SYN-P-0339,professional,SYN-FACE-01,right_eye,0.23812087835980483
SYN-P-0339,professional,SYN-FACE-01,nose,0.17509508672365182
SYN-P-0339,professional,SYN-FACE-01,mouth,0.26551751271238977
SYN-P-0339,professional,SYN-FACE-01,other,0.08002356865702194
SYN-P-0339,professional,SYN-FACE-02,left_eye,0.27972097113075384
SYN-P-0339,professional,SYN-FACE-02,right_eye,0.12968552511642492
SYN-P-0339,professional,SYN-FACE-02,nose,0.23155335575935854
SYN-P-0339,professional,SYN-FACE-02,mouth,0.21883885160855163
SYN-P-0339,professional,SYN-FACE-02,other,0.14020129638491097
SYN-P-0339,professional,SYN-FACE-03,left_eye,0.2490497627768109
SYN-P-0339,professional,SYN-FACE-03,right_eye,0.2563937918316395
SYN-P-0339,professional,SYN-FACE-03,nose,0.3149368061350722
SYN-P-0339,professional,SYN-FACE-03,mouth,0.14437613694061632
SYN-P-0339,professional,SYN-FACE-03,other,0.03524350231586112
SYN-P-0340,professional,SYN-FACE-01,left_eye,0.2651120036608314
SYN-P-0340,professional,SYN-FACE-01,right_eye,0.22104416633949606
SYN-P-0340,professional,SYN-FACE-01,nose,0.25192513218918244
SYN-P-0340,professional,SYN-FACE-01,mouth,0.12139036289493127
SYN-P-0340,professional,SYN-FACE-01,other,0.14052833491555883
SYN-P-0340,professional,SYN-FACE-02,left_eye,0.2946015961632298
SYN-P-0340,professional,SYN-FACE-02,right_eye,0.18316467235820205
SYN-P-0340,professional,SYN-FACE-02,nose,0.18677131282098974
SYN-P-0340,professional,SYN-FACE-02,mouth,0.2774307807045894
SYN-P-0340,professional,SYN-FACE-02,other,0.05803163795298903
SYN-P-0340,professional,SYN-FACE-03,left_eye,0.41642469027431184
SYN-P-0340,professional,SYN-FACE-03,right_eye,0.2401785874996019
SYN-P-0340,professional,SYN-FACE-03,nose,0.12375599702802846
SYN-P-0340,professional,SYN-FACE-03,mouth,0.14375341798546254
SYN-P-0340,professional,SYN-FACE-03,other,0.07588730721259528
SYN-P-0341,professional,SYN-FACE-01,left_eye,0.14361644377375188
SYN-P-0341,professional,SYN-FACE-01,right_eye,0.21864251895128517
SYN-P-0341,professional,SYN-FACE-01,nose,0.2776919351607577
SYN-P-0341,professional,SYN-FACE-01,mouth,0.3278800401960581
SYN-P-0341,professional,SYN-FACE-01,other,0.03216906191814715
SYN-P-0341,professional,SYN-FACE-02,left_eye,0.25088809014639135
SYN-P-0341,professional,SYN-FACE-02,right_eye,0.1908055799729966
SYN-P-0341,professional,SYN-FACE-02,nose,0.26246692953596085
SYN-P-0341,professional,SYN-FACE-02,mouth,0.2365294931664485
SYN-P-0341,professional,SYN-FACE-02,other,0.0593099071782026
SYN-P-0341,professional,SYN-FACE-03,left_eye,0.35769697355185215
SYN-P-0341,professional,SYN-FACE-03,right_eye,0.2259005109026074
SYN-P-0341,professional,SYN-FACE-03,nose,0.299119171052218
SYN-P-0341,professional,SYN-FACE-03,mouth,0.04181887850006077
SYN-P-0341,professional,SYN-FACE-03,other,0.07546446599326173
SYN-P-0342,professional,SYN-FACE-01,left_eye,0.24641662937136619
SYN-P-0342,professional,SYN-FACE-01,right_eye,0.2891903984885886
SYN-P-0342,professional,SYN-FACE-01,nose,0.17553238180609493
SYN-P-0342,professional,SYN-FACE-01,mouth,0.16834729255259875
SYN-P-0342,professional,SYN-FACE-01,other,0.12051329778135159
SYN-P-0342,professional,SYN-FACE-02,left_eye,0.30034085783849906
SYN-P-0342,professional,SYN-FACE-02,right_eye,0.2692431355664894
SYN-P-0342,professional,SYN-FACE-02,nose,0.11754529492862219
SYN-P-0342,professional,SYN-FACE-02,mouth,0.2873091800441357
SYN-P-0342,professional,SYN-FACE-02,other,0.025561531622253695
SYN-P-0342,professional,SYN-FACE-03,left_eye,0.20045331533353408
SYN-P-0342,professional,SYN-FACE-03,right_eye,0.21974736482492746
SYN-P-0342,professional,SYN-FACE-03,nose,0.3971577184906802
SYN-P-0342,professional,SYN-FACE-03,mouth,0.18264160135085825
SYN-P-0342,professional,SYN-FACE-03,other,0.0
SYN-P-0343,professional,SYN-FACE-01,left_eye,0.34827523031868546
SYN-P-0343,professional,SYN-FACE-01,right_eye,0.17244566903323283
SYN-P-0343,professional,SYN-FACE-01,nose,0.3071602646360183
SYN-P-0343,professional,SYN-FACE-01,mouth,0.13941788567137048
SYN-P-0343,professional,SYN-FACE-01,other,0.03270095034069291
SYN-P-0343,professional,SYN-FACE-02,left_eye,0.22217516925723446
SYN-P-0343,professional,SYN-FACE-02,right_eye,0.10233208680407514
SYN-P-0343,professional,SYN-FACE-02,nose,0.44339266709455266
SYN-P-0343,professional,SYN-FACE-02,mouth,0.15501964155586612
SYN-P-0343,professional,SYN-FACE-02,other,0.07708043528827156
SYN-P-0343,professional,SYN-FACE-03,left_eye,0.2716176869993723
SYN-P-0343,professional,SYN-FACE-03,right_eye,0.0732205861103574
SYN-P-0343,professional,SYN-FACE-03,nose,0.40316691052473747
SYN-P-0343,professional,SYN-FACE-03,mouth,0.2186381440858596
SYN-P-0343,professional,SYN-FACE-03,other,0.03335667227967326
SYN-P-0344,professional,SYN-FACE-01,left_eye,0.2090548501296443
SYN-P-0344,professional,SYN-FACE-01,right_eye,0.3839574671740888
SYN-P-0344,professional,SYN-FACE-01,nose,0.15566681436297258
SYN-P-0344,professional,SYN-FACE-01,mouth,0.25132086833329437
SYN-P-0344,professional,SYN-FACE-01,other,0.0
SYN-P-0344,professional,SYN-FACE-02,left_eye,0.3113072808391309
SYN-P-0344,professional,SYN-FACE-02,right_eye,0.40482633857877004
SYN-P-0344,professional,SYN-FACE-02,nose,0.0986477714478314
SYN-P-0344,professional,SYN-FACE-02,mouth,0.14025936677617215
SYN-P-0344,professional,SYN-FACE-02,other,0.04495924235809551
SYN-P-0344,professional,SYN-FACE-03,left_eye,0.3184978345022343
SYN-P-0344,professional,SYN-FACE-03,right_eye,0.24425841881920557
SYN-P-0344,professional,SYN-FACE-03,nose,0.32976733607977604
SYN-P-0344,professional,SYN-FACE-03,mouth,0.0770415915475726
SYN-P-0344,professional,SYN-FACE-03,other,0.030434819051211544
SYN-P-0345,professional,SYN-FACE-01,left_eye,0.262833287738963
SYN-P-0345,professional,SYN-FACE-01,right_eye,0.1880385618268945
SYN-P-0345,professional,SYN-FACE-01,nose,0.268649512594232
SYN-P-0345,professional,SYN-FACE-01,mouth,0.24493416020233125
SYN-P-0345,professional,SYN-FACE-01,other,0.03554447763757925
SYN-P-0345,professional,SYN-FACE-02,left_eye,0.1771221898957184
SYN-P-0345,professional,SYN-FACE-02,right_eye,0.2593083278047186
SYN-P-0345,professional,SYN-FACE-02,nose,0.18540624933420877
SYN-P-0345,professional,SYN-FACE-02,mouth,0.2668116635125276
SYN-P-0345,professional,SYN-FACE-02,other,0.11135156945282672
SYN-P-0345,professional,SYN-FACE-03,left_eye,0.5972392042579394
SYN-P-0345,professional,SYN-FACE-03,right_eye,0.17601624194004495
SYN-P-0345,professional,SYN-FACE-03,nose,0.1257196234932813
SYN-P-0345,professional,SYN-FACE-03,mouth,0.10102493030873429
SYN-P-0345,professional,SYN-FACE-03,other,0.0
SYN-P-0346,professional,SYN-FACE-01,left_eye,0.3468571994799046
SYN-P-0346,professional,SYN-FACE-01,right_eye,0.09652398560865103
SYN-P-0346,professional,SYN-FACE-01,nose,0.13613240221907624
SYN-P-0346,professional,SYN-FACE-01,mouth,0.3307545042977217
SYN-P-0346,professional,SYN-FACE-01,other,0.08973190839464645
SYN-P-0346,professional,SYN-FACE-02,left_eye,0.17588220918392652
SYN-P-0346,professional,SYN-FACE-02,right_eye,0.1683064547496093
SYN-P-0346,professional,SYN-FACE-02,nose,0.18124463192272836
SYN-P-0346,professional,SYN-FACE-02,mouth,0.42153610505190314
SYN-P-0346,professional,SYN-FACE-02,other,0.05303059909183265
SYN-P-0346,professional,SYN-FACE-03,left_eye,0.6222798990230732
SYN-P-0346,professional,SYN-FACE-03,right_eye,0.1994803904809125
SYN-P-0346,professional,SYN-FACE-03,nose,0.06183988382057912
SYN-P-0346,professional,SYN-FACE-03,mouth,0.03579349172778671
SYN-P-0346,professional,SYN-FACE-03,other,0.08060633494764842
SYN-P-0347,professional,SYN-FACE-01,left_eye,0.2097622555643451
SYN-P-0347,professional,SYN-FACE-01,right_eye,0.4555075682378865
SYN-P-0347,professional,SYN-FACE-01,nose,0.10826654321937446
SYN-P-0347,professional,SYN-FACE-01,mouth,0.19124840163889575
SYN-P-0347,professional,SYN-FACE-01,other,0.03521523133949814
SYN-P-0347,professional,SYN-FACE-02,left_eye,0.3943007135543959
SYN-P-0347,professional,SYN-FACE-02,right_eye,0.0739937600465849
SYN-P-0347,professional,SYN-FACE-02,nose,0.16171177238596451
SYN-P-0347,professional,SYN-FACE-02,mouth,0.3699937540130547
SYN-P-0347,professional,SYN-FACE-02,other,0.0
SYN-P-0347,professional,SYN-FACE-03,left_eye,0.12105652714729906
SYN-P-0347,professional,SYN-FACE-03,right_eye,0.19591239580920686
SYN-P-0347,professional,SYN-FACE-03,nose,0.27664164186101864
SYN-P-0347,professional,SYN-FACE-03,mouth,0.2235331307788272
SYN-P-0347,professional,SYN-FACE-03,other,0.1828563044036482
SYN-P-0348,professional,SYN-FACE-01,left_eye,0.4152077345579345
SYN-P-0348,professional,SYN-FACE-01,right_eye,0.25685814894756775
SYN-P-0348,professional,SYN-FACE-01,nose,0.16602497323394927
SYN-P-0348,professional,SYN-FACE-01,mouth,0.16190914326054845
SYN-P-0348,professional,SYN-FACE-01,other,0.0
SYN-P-0348,professional,SYN-FACE-02,left_eye,0.18882295997999138
SYN-P-0348,professional,SYN-FACE-02,right_eye,0.3337766027764869
SYN-P-0348,professional,SYN-FACE-02,nose,0.11449987883478799
SYN-P-0348,professional,SYN-FACE-02,mouth,0.31645068211228283
SYN-P-0348,professional,SYN-FACE-02,other,0.04644987629645086
SYN-P-0348,professional,SYN-FACE-03,left_eye,0.16879795870184938
SYN-P-0348,professional,SYN-FACE-03,right_eye,0.16101466628006822
SYN-P-0348,professional,SYN-FACE-03,nose,0.4296782788495316
SYN-P-0348,professional,SYN-FACE-03,mouth,0.18246712647661287
SYN-P-0348,professional,SYN-FACE-03,other,0.05804196969193791
SYN-P-0349,professional,SYN-FACE-01,left_eye,0.07290221259902377
SYN-P-0349,professional,SYN-FACE-01,right_eye,0.23313249094651572
SYN-P-0349,professional,SYN-FACE-01,nose,0.34635811045922116
SYN-P-0349,professional,SYN-FACE-01,mouth,0.25730554725391924
SYN-P-0349,professional,SYN-FACE-01,other,0.09030163874132012
SYN-P-0349,professional,SYN-FACE-02,left_eye,0.21383720576847184
SYN-P-0349,professional,SYN-FACE-02,right_eye,0.20342958968579267
SYN-P-0349,professional,SYN-FACE-02,nose,0.35711987292655206
SYN-P-0349,professional,SYN-FACE-02,mouth,0.22561333161918332
SYN-P-0349,professional,SYN-FACE-02,other,0.0
SYN-P-0349,professional,SYN-FACE-03,left_eye,0.16588944755721347
SYN-P-0349,professional,SYN-FACE-03,right_eye,0.3093124014419732
SYN-P-0349,professional,SYN-FACE-03,nose,0.1113455556947215
SYN-P-0349,professional,SYN-FACE-03,mouth,0.3782428483912685
SYN-P-0349,professional,SYN-FACE-03,other,0.03520974691482328
SYN-P-0350,professional,SYN-FACE-01,left_eye,0.18507289939912033
SYN-P-0350,professional,SYN-FACE-01,right_eye,0.20301280528439558
SYN-P-0350,professional,SYN-FACE-01,nose,0.3079472009122902
SYN-P-0350,professional,SYN-FACE-01,mouth,0.2645436861744363
SYN-P-0350,professional,SYN-FACE-01,other,0.039423408229757595
SYN-P-0350,professional,SYN-FACE-02,left_eye,0.0
SYN-P-0350,professional,SYN-FACE-02,right_eye,0.04903335554508352
SYN-P-0350,professional,SYN-FACE-02,nose,0.38900486250569905
SYN-P-0350,professional,SYN-FACE-02,mouth,0.36342183933829625
SYN-P-0350,professional,SYN-FACE-02,other,0.19853994261092114
SYN-P-0350,professional,SYN-FACE-03,left_eye,0.29267833606733923
SYN-P-0350,professional,SYN-FACE-03,right_eye,0.2125969010151075
SYN-P-0350,professional,SYN-FACE-03,nose,0.16279080818175332
SYN-P-0350,professional,SYN-FACE-03,mouth,0.2837891602369647
SYN-P-0350,professional,SYN-FACE-03,other,0.048144794498835214
SYN-P-0351,professional,SYN-FACE-01,left_eye,0.2644877958735083
SYN-P-0351,professional,SYN-FACE-01,right_eye,0.4354326455244719
SYN-P-0351,professional,SYN-FACE-01,nose,0.1640703521456994
SYN-P-0351,professional,SYN-FACE-01,mouth,0.09302847164086354
SYN-P-0351,professional,SYN-FACE-01,other,0.04298073481545681
SYN-P-0351,professional,SYN-FACE-02,left_eye,0.14095989816326507
SYN-P-0351,professional,SYN-FACE-02,right_eye,0.3162509882567416
SYN-P-0351,professional,SYN-FACE-02,nose,0.34678570193495306
SYN-P-0351,professional,SYN-FACE-02,mouth,0.12009977984148648
SYN-P-0351,professional,SYN-FACE-02,other,0.07590363180355382
SYN-P-0351,professional,SYN-FACE-03,left_eye,0.3739061527010707
SYN-P-0351,professional,SYN-FACE-03,right_eye,0.12769835154775871
SYN-P-0351,professional,SYN-FACE-03,nose,0.18061410469800587
SYN-P-0351,professional,SYN-FACE-03,mouth,0.28848776259378767
SYN-P-0351,professional,SYN-FACE-03,other,0.029293628459376934
SYN-P-0352,professional,SYN-FACE-01,left_eye,0.2355749784510716
SYN-P-0352,professional,SYN-FACE-01,right_eye,0.242340602744478
SYN-P-0352,professional,SYN-FACE-01,nose,0.10063246354211691
SYN-P-0352,professional,SYN-FACE-01,mouth,0.32554422576985476
SYN-P-0352,professional,SYN-FACE-01,other,0.09590772949247878
SYN-P-0352,professional,SYN-FACE-02,left_eye,0.07256194649681129
SYN-P-0352,professional,SYN-FACE-02,right_eye,0.21665921675457092
SYN-P-0352,professional,SYN-FACE-02,nose,0.2953584208324205
SYN-P-0352,professional,SYN-FACE-02,mouth,0.37317881890230226
SYN-P-0352,professional,SYN-FACE-02,other,0.042241597013895155
SYN-P-0352,professional,SYN-FACE-03,left_eye,0.25685921584486776
SYN-P-0352,professional,SYN-FACE-03,right_eye,0.2326674557604217
SYN-P-0352,professional,SYN-FACE-03,nose,0.05347932484777824
SYN-P-0352,professional,SYN-FACE-03,mouth,0.3648562716917166
SYN-P-0352,professional,SYN-FACE-03,other,0.09213773185521579
SYN-P-0353,professional,SYN-FACE-01,left_eye,0.18204860232251424
SYN-P-0353,professional,SYN-FACE-01,right_eye,0.27014694031504793
SYN-P-0353,professional,SYN-FACE-01,nose,0.24508975179240872
SYN-P-0353,professional,SYN-FACE-01,mouth,0.22269623693463933
SYN-P-0353,professional,SYN-FACE-01,other,0.08001846863538974
SYN-P-0353,professional,SYN-FACE-02,left_eye,0.314343546208785
SYN-P-0353,professional,SYN-FACE-02,right_eye,0.0
SYN-P-0353,professional,SYN-FACE-02,nose,0.18005666552566715
SYN-P-0353,professional,SYN-FACE-02,mouth,0.3966136665676293
SYN-P-0353,professional,SYN-FACE-02,other,0.10898612169791855
SYN-P-0353,professional,SYN-FACE-03,left_eye,0.18858366291024126
SYN-P-0353,professional,SYN-FACE-03,right_eye,0.22759016425243844
SYN-P-0353,professional,SYN-FACE-03,nose,0.34921233406462987
SYN-P-0353,professional,SYN-FACE-03,mouth,0.12252731781075717
SYN-P-0353,professional,SYN-FACE-03,other,0.11208652096193332
SYN-P-0354,professional,SYN-FACE-01,left_eye,0.174784376317873
SYN-P-0354,professional,SYN-FACE-01,right_eye,0.27296506968330875
SYN-P-0354,professional,SYN-FACE-01,nose,0.3016686604448209
SYN-P-0354,professional,SYN-FACE-01,mouth,0.2013714084838537
SYN-P-0354,professional,SYN-FACE-01,other,0.04921048507014373
SYN-P-0354,professional,SYN-FACE-02,left_eye,0.260384785971129
SYN-P-0354,professional,SYN-FACE-02,right_eye,0.14229925413343775
SYN-P-0354,professional,SYN-FACE-02,nose,0.4077956251976589
SYN-P-0354,professional,SYN-FACE-02,mouth,0.12130101160961329
SYN-P-0354,professional,SYN-FACE-02,other,0.0682193230881611
SYN-P-0354,professional,SYN-FACE-03,left_eye,0.13409995358418816
SYN-P-0354,professional,SYN-FACE-03,right_eye,0.2091451916097702
SYN-P-0354,professional,SYN-FACE-03,nose,0.28769976327250146
SYN-P-0354,professional,SYN-FACE-03,mouth,0.25155208744839747
SYN-P-0354,professional,SYN-FACE-03,other,0.11750300408514273
SYN-P-0355,professional,SYN-FACE-01,left_eye,0.3765179715725797
SYN-P-0355,professional,SYN-FACE-01,right_eye,0.16712636809261208
SYN-P-0355,professional,SYN-FACE-01,nose,0.22788920056863057
SYN-P-0355,professional,SYN-FACE-01,mouth,0.15111987567066892
SYN-P-0355,professional,SYN-FACE-01,other,0.07734658409550861
SYN-P-0355,professional,SYN-FACE-02,left_eye,0.2483691711674529
SYN-P-0355,professional,SYN-FACE-02,right_eye,0.20575654960051004
SYN-P-0355,professional,SYN-FACE-02,nose,0.13913183501672546
SYN-P-0355,professional,SYN-FACE-02,mouth,0.25271156713244164
SYN-P-0355,professional,SYN-FACE-02,other,0.15403087708287
SYN-P-0355,professional,SYN-FACE-03,left_eye,0.35074939175965064
SYN-P-0355,professional,SYN-FACE-03,right_eye,0.1525198806000246
SYN-P-0355,professional,SYN-FACE-03,nose,0.2526422699402973
SYN-P-0355,professional,SYN-FACE-03,mouth,0.135724775261137
SYN-P-0355,professional,SYN-FACE-03,other,0.10836368243889055
SYN-P-0356,professional,SYN-FACE-01,left_eye,0.14419440762441646
SYN-P-0356,professional,SYN-FACE-01,right_eye,0.2925389208574378
SYN-P-0356,professional,SYN-FACE-01,nose,0.20724618190031405
SYN-P-0356,professional,SYN-FACE-01,mouth,0.26411799564576044
SYN-P-0356,professional,SYN-FACE-01,other,0.0919024939720712
SYN-P-0356,professional,SYN-FACE-02,left_eye,0.2977532120010466
SYN-P-0356,professional,SYN-FACE-02,right_eye,0.15762397509488588
SYN-P-0356,professional,SYN-FACE-02,nose,0.2756671087274476
SYN-P-0356,professional,SYN-FACE-02,mouth,0.23557410316870245
SYN-P-0356,professional,SYN-FACE-02,other,0.03338160100791749
SYN-P-0356,professional,SYN-FACE-03,left_eye,0.4553883131972493
SYN-P-0356,professional,SYN-FACE-03,right_eye,0.2647193802783844
SYN-P-0356,professional,SYN-FACE-03,nose,0.16626564038842415
SYN-P-0356,professional,SYN-FACE-03,mouth,0.030314986756918173
SYN-P-0356,professional,SYN-FACE-03,other,0.08331167937902405
SYN-P-0357,professional,SYN-FACE-01,left_eye,0.33397798897577535
SYN-P-0357,professional,SYN-FACE-01,right_eye,0.2556002299222831
SYN-P-0357,professional,SYN-FACE-01,nose,0.1833311186682117
SYN-P-0357,professional,SYN-FACE-01,mouth,0.06283995892979415
SYN-P-0357,professional,SYN-FACE-01,other,0.1642507035039356
SYN-P-0357,professional,SYN-FACE-02,left_eye,0.18698170624842783
SYN-P-0357,professional,SYN-FACE-02,right_eye,0.19824851281577988
SYN-P-0357,professional,SYN-FACE-02,nose,0.21586022347899878
SYN-P-0357,professional,SYN-FACE-02,mouth,0.3491460747033406
SYN-P-0357,professional,SYN-FACE-02,other,0.04976348275345291
SYN-P-0357,professional,SYN-FACE-03,left_eye,0.26345767646838186
SYN-P-0357,professional,SYN-FACE-03,right_eye,0.1406435664003695
SYN-P-0357,professional,SYN-FACE-03,nose,0.2445153962556651
SYN-P-0357,professional,SYN-FACE-03,mouth,0.2747255550677598
SYN-P-0357,professional,SYN-FACE-03,other,0.07665780580782369
SYN-P-0358,professional,SYN-FACE-01,left_eye,0.3186809452529488
SYN-P-0358,professional,SYN-FACE-01,right_eye,0.21424390427770124
SYN-P-0358,professional,SYN-FACE-01,nose,0.2686878282738827
SYN-P-0358,professional,SYN-FACE-01,mouth,0.180832725765233
SYN-P-0358,professional,SYN-FACE-01,other,0.017554596430234302
SYN-P-0358,professional,SYN-FACE-02,left_eye,0.33407263248923647
SYN-P-0358,professional,SYN-FACE-02,right_eye,0.3702892270177401
SYN-P-0358,professional,SYN-FACE-02,nose,0.023640051369934856
SYN-P-0358,professional,SYN-FACE-02,mouth,0.27199808912308854
SYN-P-0358,professional,SYN-FACE-02,other,0.0
SYN-P-0358,professional,SYN-FACE-03,left_eye,0.3271167276129018
SYN-P-0358,professional,SYN-FACE-03,right_eye,0.12545380527549094
SYN-P-0358,professional,SYN-FACE-03,nose,0.0940647796082666
SYN-P-0358,professional,SYN-FACE-03,mouth,0.2676763263098852
SYN-P-0358,professional,SYN-FACE-03,other,0.1856883611934555
SYN-P-0359,professional,SYN-FACE-01,left_eye,0.0364809012392906
SYN-P-0359,professional,SYN-FACE-01,right_eye,0.20234849959435985
SYN-P-0359,professional,SYN-FACE-01,nose,0.3297416079274891
SYN-P-0359,professional,SYN-FACE-01,mouth,0.2586470197774901
SYN-P-0359,professional,SYN-FACE-01,other,0.17278197146137036
SYN-P-0359,professional,SYN-FACE-02,left_eye,0.1933406852475667
SYN-P-0359,professional,SYN-FACE-02,right_eye,0.2672983783041111
SYN-P-0359,professional,SYN-FACE-02,nose,0.3099404695967676
SYN-P-0359,professional,SYN-FACE-02,mouth,0.20840408892092382
SYN-P-0359,professional,SYN-FACE-02,other,0.021016377930630735
SYN-P-0359,professional,SYN-FACE-03,left_eye,0.04244920766354752
SYN-P-0359,professional,SYN-FACE-03,right_eye,0.353554789443776
SYN-P-0359,professional,SYN-FACE-03,nose,0.4716885471560774
SYN-P-0359,professional,SYN-FACE-03,mouth,0.0807377080091937
SYN-P-0359,professional,SYN-FACE-03,other,0.05156974772740543
SYN-P-0360,professional,SYN-FACE-01,left_eye,0.22126379392378384
SYN-P-0360,professional,SYN-FACE-01,right_eye,0.40559450402224184
SYN-P-0360,professional,SYN-FACE-01,nose,0.1295905151701335
SYN-P-0360,professional,SYN-FACE-01,mouth,0.19853750280263738
SYN-P-0360,professional,SYN-FACE-01,other,0.045013684081203466
SYN-P-0360,professional,SYN-FACE-02,left_eye,0.2198990858840976
SYN-P-0360,professional,SYN-FACE-02,right_eye,0.23336404153310705
SYN-P-0360,professional,SYN-FACE-02,nose,0.17884247829664385
SYN-P-0360,professional,SYN-FACE-02,mouth,0.31583902648589324
SYN-P-0360,professional,SYN-FACE-02,other,0.05205536780025835
SYN-P-0360,professional,SYN-FACE-03,left_eye,0.19833715687035347
SYN-P-0360,professional,SYN-FACE-03,right_eye,0.2837700959978186
SYN-P-0360,professional,SYN-FACE-03,nose,0.38386611468640697
SYN-P-0360,professional,SYN-FACE-03,mouth,0.11174267238743624
SYN-P-0360,professional,SYN-FACE-03,other,0.022283960057984605
SYN-P-0361,professional,SYN-FACE-01,left_eye,0.3039305303556007
SYN-P-0361,professional,SYN-FACE-01,right_eye,0.11283201485543431
SYN-P-0361,professional,SYN-FACE-01,nose,0.22993659174687128
SYN-P-0361,professional,SYN-FACE-01,mouth,0.28209467184470277
SYN-P-0361,professional,SYN-FACE-01,other,0.07120619119739095
SYN-P-0361,professional,SYN-FACE-02,left_eye,0.274507743210532
SYN-P-0361,professional,SYN-FACE-02,right_eye,0.35751284433474834
SYN-P-0361,professional,SYN-FACE-02,nose,0.11318142706742561
SYN-P-0361,professional,SYN-FACE-02,mouth,0.25479798538729415
SYN-P-0361,professional,SYN-FACE-02,other,0.0
SYN-P-0361,professional,SYN-FACE-03,left_eye,0.40696525237542996
SYN-P-0361,professional,SYN-FACE-03,right_eye,0.16509335632048816
SYN-P-0361,professional,SYN-FACE-03,nose,0.3181169240281986
SYN-P-0361,professional,SYN-FACE-03,mouth,0.0808162126787195
SYN-P-0361,professional,SYN-FACE-03,other,0.0290082545971638
SYN-P-0362,professional,SYN-FACE-01,left_eye,0.1591317903001786
SYN-P-0362,professional,SYN-FACE-01,right_eye,0.12535835218597013
SYN-P-0362,professional,SYN-FACE-01,nose,0.12041774733968096
SYN-P-0362,professional,SYN-FACE-01,mouth,0.4297968212650784
SYN-P-0362,professional,SYN-FACE-01,other,0.16529528890909195
SYN-P-0362,professional,SYN-FACE-02,left_eye,0.25184860017857985
SYN-P-0362,professional,SYN-FACE-02,right_eye,0.12027793282955658
SYN-P-0362,professional,SYN-FACE-02,nose,0.370697760595316
SYN-P-0362,professional,SYN-FACE-02,mouth,0.212748623238682
SYN-P-0362,professional,SYN-FACE-02,other,0.04442708315786556
SYN-P-0362,professional,SYN-FACE-03,left_eye,0.4662338794741443
SYN-P-0362,professional,SYN-FACE-03,right_eye,0.15313311700347013
SYN-P-0362,professional,SYN-FACE-03,nose,0.09990306694797474
SYN-P-0362,professional,SYN-FACE-03,mouth,0.19172171893281767
SYN-P-0362,professional,SYN-FACE-03,other,0.08900821764159318
SYN-P-0363,professional,SYN-FACE-01,left_eye,0.16249716887028914
SYN-P-0363,professional,SYN-FACE-01,right_eye,0.5033382259223665
SYN-P-0363,professional,SYN-FACE-01,nose,0.12610295371590424
SYN-P-0363,professional,SYN-FACE-01,mouth,0.11211123361130206
SYN-P-0363,professional,SYN-FACE-01,other,0.0959504178801381
SYN-P-0363,professional,SYN-FACE-02,left_eye,0.25100903443044076
SYN-P-0363,professional,SYN-FACE-02,right_eye,0.24449987553932462
SYN-P-0363,professional,SYN-FACE-02,nose,0.1966275931445053
SYN-P-0363,professional,SYN-FACE-02,mouth,0.3078634968857293
SYN-P-0363,professional,SYN-FACE-02,other,0.0
SYN-P-0363,professional,SYN-FACE-03,left_eye,0.4119915264822336
SYN-P-0363,professional,SYN-FACE-03,right_eye,0.2453420892395086
SYN-P-0363,professional,SYN-FACE-03,nose,0.16897452329134055
SYN-P-0363,professional,SYN-FACE-03,mouth,0.17369186098691733
SYN-P-0363,professional,SYN-FACE-03,other,0.0
SYN-P-0364,professional,SYN-FACE-01,left_eye,0.3610071506560883
SYN-P-0364,professional,SYN-FACE-01,right_eye,0.27206537404846487
SYN-P-0364,professional,SYN-FACE-01,nose,0.09432151825476298
SYN-P-0364,professional,SYN-FACE-01,mouth,0.23226611294365002
SYN-P-0364,professional,SYN-FACE-01,other,0.04033984409703386
SYN-P-0364,professional,SYN-FACE-02,left_eye,0.21837666627409627
SYN-P-0364,professional,SYN-FACE-02,right_eye,0.2253713619728035
SYN-P-0364,professional,SYN-FACE-02,nose,0.264859146059572
SYN-P-0364,professional,SYN-FACE-02,mouth,0.25336777559514595
SYN-P-0364,professional,SYN-FACE-02,other,0.03802505009838225
SYN-P-0364,professional,SYN-FACE-03,left_eye,0.3794452176507738
SYN-P-0364,professional,SYN-FACE-03,right_eye,0.2691479704011229
SYN-P-0364,professional,SYN-FACE-03,nose,0.3514068119481033
SYN-P-0364,professional,SYN-FACE-03,mouth,0.0
SYN-P-0364,professional,SYN-FACE-03,other,0.0
SYN-P-0365,professional,SYN-FACE-01,left_eye,0.18640871534612752
SYN-P-0365,professional,SYN-FACE-01,right_eye,0.24468681650293095
SYN-P-0365,professional,SYN-FACE-01,nose,0.12823841319144771
SYN-P-0365,professional,SYN-FACE-01,mouth,0.3931867193449051
SYN-P-0365,professional,SYN-FACE-01,other,0.0474793356145888
SYN-P-0365,professional,SYN-FACE-02,left_eye,0.32633837053336157
SYN-P-0365,professional,SYN-FACE-02,right_eye,0.1444491258993223
SYN-P-0365,professional,SYN-FACE-02,nose,0.17499571261970281
SYN-P-0365,professional,SYN-FACE-02,mouth,0.3165466391191706
SYN-P-0365,professional,SYN-FACE-02,other,0.03767015182844274
SYN-P-0365,professional,SYN-FACE-03,left_eye,0.3606559930379645
SYN-P-0365,professional,SYN-FACE-03,right_eye,0.06597117877230518
SYN-P-0365,professional,SYN-FACE-03,nose,0.22455550682054828
SYN-P-0365,professional,SYN-FACE-03,mouth,0.16611778000155758
SYN-P-0365,professional,SYN-FACE-03,other,0.18269954136762445
SYN-P-0366,professional,SYN-FACE-01,left_eye,0.3211660651653843
SYN-P-0366,professional,SYN-FACE-01,right_eye,0.35652415299150797
SYN-P-0366,professional,SYN-FACE-01,nose,0.06568653661465904
SYN-P-0366,professional,SYN-FACE-01,mouth,0.20327322056915026
SYN-P-0366,professional,SYN-FACE-01,other,0.05335002465929844
SYN-P-0366,professional,SYN-FACE-02,left_eye,0.2671693352887559
SYN-P-0366,professional,SYN-FACE-02,right_eye,0.18502537581811823
SYN-P-0366,professional,SYN-FACE-02,nose,0.026933956019104144
SYN-P-0366,professional,SYN-FACE-02,mouth,0.4788716612364319
SYN-P-0366,professional,SYN-FACE-02,other,0.041999671637589796
SYN-P-0366,professional,SYN-FACE-03,left_eye,0.21139550694144052
SYN-P-0366,professional,SYN-FACE-03,right_eye,0.22656294818012718
SYN-P-0366,professional,SYN-FACE-03,nose,0.12187719316250865
SYN-P-0366,professional,SYN-FACE-03,mouth,0.23657124151828973
SYN-P-0366,professional,SYN-FACE-03,other,0.20359311019763388
SYN-P-0367,professional,SYN-FACE-01,left_eye,0.26256191568982035
SYN-P-0367,professional,SYN-FACE-01,right_eye,0.2794754856067171
SYN-P-0367,professional,SYN-FACE-01,nose,0.28507452057451504
SYN-P-0367,professional,SYN-FACE-01,mouth,0.1728880781289475
SYN-P-0367,professional,SYN-FACE-01,other,0.0
SYN-P-0367,professional,SYN-FACE-02,left_eye,0.2641659395469424
SYN-P-0367,professional,SYN-FACE-02,right_eye,0.26138345581605493
SYN-P-0367,professional,SYN-FACE-02,nose,0.09932512121462732
SYN-P-0367,professional,SYN-FACE-02,mouth,0.26377515865449985
SYN-P-0367,professional,SYN-FACE-02,other,0.1113503247678755
SYN-P-0367,professional,SYN-FACE-03,left_eye,0.29829481697751453
SYN-P-0367,professional,SYN-FACE-03,right_eye,0.2541861111579099
SYN-P-0367,professional,SYN-FACE-03,nose,0.06472839036619643
SYN-P-0367,professional,SYN-FACE-03,mouth,0.1938896244369657
SYN-P-0367,professional,SYN-FACE-03,other,0.18890105706141344
SYN-P-0368,professional,SYN-FACE-01,left_eye,0.2275995156762938
SYN-P-0368,professional,SYN-FACE-01,right_eye,0.2105702331267229
SYN-P-0368,professional,SYN-FACE-01,nose,0.34656233873821657
SYN-P-0368,professional,SYN-FACE-01,mouth,0.17488916163179283
SYN-P-0368,professional,SYN-FACE-01,other,0.04037875082697389
SYN-P-0368,professional,SYN-FACE-02,left_eye,0.3418580513770574
SYN-P-0368,professional,SYN-FACE-02,right_eye,0.19207043300333262
SYN-P-0368,professional,SYN-FACE-02,nose,0.18087865433752906
SYN-P-0368,professional,SYN-FACE-02,mouth,0.2540094176224692
SYN-P-0368,professional,SYN-FACE-02,other,0.031183443659611624
SYN-P-0368,professional,SYN-FACE-03,left_eye,0.4332670814056894
SYN-P-0368,professional,SYN-FACE-03,right_eye,0.34338032783582434
SYN-P-0368,professional,SYN-FACE-03,nose,0.05100757477579835
SYN-P-0368,professional,SYN-FACE-03,mouth,0.0500300738582328
SYN-P-0368,professional,SYN-FACE-03,other,0.12231494212445503
SYN-P-0369,professional,SYN-FACE-01,left_eye,0.26532809800504936
SYN-P-0369,professional,SYN-FACE-01,right_eye,0.24237212785559276
SYN-P-0369,professional,SYN-FACE-01,nose,0.2885546253095201
SYN-P-0369,professional,SYN-FACE-01,mouth,0.2037451488298378
SYN-P-0369,professional,SYN-FACE-01,other,0.0
SYN-P-0369,professional,SYN-FACE-02,left_eye,0.07799957226990119
SYN-P-0369,professional,SYN-FACE-02,right_eye,0.22129900590477142
SYN-P-0369,professional,SYN-FACE-02,nose,0.2970700104110455
SYN-P-0369,professional,SYN-FACE-02,mouth,0.3413374910581964
SYN-P-0369,professional,SYN-FACE-02,other,0.06229392035608537
SYN-P-0369,professional,SYN-FACE-03,left_eye,0.187209173072204
SYN-P-0369,professional,SYN-FACE-03,right_eye,0.30021063663412445
SYN-P-0369,professional,SYN-FACE-03,nose,0.17273010370337083
SYN-P-0369,professional,SYN-FACE-03,mouth,0.3398500865903007
SYN-P-0369,professional,SYN-FACE-03,other,0.0
SYN-P-0370,professional,SYN-FACE-01,left_eye,0.3985778210569687
SYN-P-0370,professional,SYN-FACE-01,right_eye,0.22674148849386144
SYN-P-0370,professional,SYN-FACE-01,nose,0.1244286985727291
SYN-P-0370,professional,SYN-FACE-01,mouth,0.19534823833124138
SYN-P-0370,professional,SYN-FACE-01,other,0.05490375354519938
SYN-P-0370,professional,SYN-FACE-02,left_eye,0.1683849705583045
SYN-P-0370,professional,SYN-FACE-02,right_eye,0.19441769225562847
SYN-P-0370,professional,SYN-FACE-02,nose,0.22437463047378242
SYN-P-0370,professional,SYN-FACE-02,mouth,0.27840504052269704
SYN-P-0370,professional,SYN-FACE-02,other,0.13441766618958761
SYN-P-0370,professional,SYN-FACE-03,left_eye,0.36809252856180874
SYN-P-0370,professional,SYN-FACE-03,right_eye,0.03506071931603353
SYN-P-0370,professional,SYN-FACE-03,nose,0.26502151879418906
SYN-P-0370,professional,SYN-FACE-03,mouth,0.23229731196416142
SYN-P-0370,professional,SYN-FACE-03,other,0.09952792136380721
SYN-P-0371,professional,SYN-FACE-01,left_eye,0.25921933214054804
SYN-P-0371,professional,SYN-FACE-01,right_eye,0.2637794578386821
SYN-P-0371,professional,SYN-FACE-01,nose,0.21911080213443507
SYN-P-0371,professional,SYN-FACE-01,mouth,0.11571237913546784
SYN-P-0371,professional,SYN-FACE-01,other,0.1421780287508669
SYN-P-0371,professional,SYN-FACE-02,left_eye,0.2579644755221431
SYN-P-0371,professional,SYN-FACE-02,right_eye,0.1432114338126162
SYN-P-0371,professional,SYN-FACE-02,nose,0.4605544910992397
SYN-P-0371,professional,SYN-FACE-02,mouth,0.09839131037415173
SYN-P-0371,professional,SYN-FACE-02,other,0.039878289191849325
SYN-P-0371,professional,SYN-FACE-03,left_eye,0.25436378060934856
SYN-P-0371,professional,SYN-FACE-03,right_eye,0.49932702050689187
SYN-P-0371,professional,SYN-FACE-03,nose,0.11473532833311546
SYN-P-0371,professional,SYN-FACE-03,mouth,0.13157387055064407
SYN-P-0371,professional,SYN-FACE-03,other,0.0
SYN-P-0372,professional,SYN-FACE-01,left_eye,0.26493610050112876
SYN-P-0372,professional,SYN-FACE-01,right_eye,0.08814370408270994
SYN-P-0372,professional,SYN-FACE-01,nose,0.30498616651020316
SYN-P-0372,professional,SYN-FACE-01,mouth,0.31079815398168886
SYN-P-0372,professional,SYN-FACE-01,other,0.031135874924269308
SYN-P-0372,professional,SYN-FACE-02,left_eye,0.24831964077177035
SYN-P-0372,professional,SYN-FACE-02,right_eye,0.2076868967567647
SYN-P-0372,professional,SYN-FACE-02,nose,0.25115666709396844
SYN-P-0372,professional,SYN-FACE-02,mouth,0.21564866819758213
SYN-P-0372,professional,SYN-FACE-02,other,0.07718812717991434
SYN-P-0372,professional,SYN-FACE-03,left_eye,0.2149168110410172
SYN-P-0372,professional,SYN-FACE-03,right_eye,0.11381710371432847
SYN-P-0372,professional,SYN-FACE-03,nose,0.12068507561016632
SYN-P-0372,professional,SYN-FACE-03,mouth,0.4051854050518028
SYN-P-0372,professional,SYN-FACE-03,other,0.14539560458268516
SYN-P-0373,professional,SYN-FACE-01,left_eye,0.26141439532172506
SYN-P-0373,professional,SYN-FACE-01,right_eye,0.269372198332951
SYN-P-0373,professional,SYN-FACE-01,nose,0.27361953271404565
SYN-P-0373,professional,SYN-FACE-01,mouth,0.15178915199907697
SYN-P-0373,professional,SYN-FACE-01,other,0.04380472163220121
SYN-P-0373,professional,SYN-FACE-02,left_eye,0.24973558697908513
SYN-P-0373,professional,SYN-FACE-02,right_eye,0.09403792064962996
SYN-P-0373,professional,SYN-FACE-02,nose,0.298563971383307
SYN-P-0373,professional,SYN-FACE-02,mouth,0.32937910294900635
SYN-P-0373,professional,SYN-FACE-02,other,0.028283418038971636
SYN-P-0373,professional,SYN-FACE-03,left_eye,0.29030829025416655
SYN-P-0373,professional,SYN-FACE-03,right_eye,0.20701224360780202
SYN-P-0373,professional,SYN-FACE-03,nose,0.3478688017003573
SYN-P-0373,professional,SYN-FACE-03,mouth,0.1548106644376742
SYN-P-0373,professional,SYN-FACE-03,other,0.0
SYN-P-0374,professional,SYN-FACE-01,left_eye,0.20793067937938586
SYN-P-0374,professional,SYN-FACE-01,right_eye,0.15323060318467582
SYN-P-0374,professional,SYN-FACE-01,nose,0.292193060942396
SYN-P-0374,professional,SYN-FACE-01,mouth,0.2905349893444521
SYN-P-0374,professional,SYN-FACE-01,other,0.056110667149090264
SYN-P-0374,professional,SYN-FACE-02,left_eye,0.16649915069068114
SYN-P-0374,professional,SYN-FACE-02,right_eye,0.42318453851362403
SYN-P-0374,professional,SYN-FACE-02,nose,0.17950192080403357
SYN-P-0374,professional,SYN-FACE-02,mouth,0.1864169437222885
SYN-P-0374,professional,SYN-FACE-02,other,0.044397446269372795
SYN-P-0374,professional,SYN-FACE-03,left_eye,0.108846937038612
SYN-P-0374,professional,SYN-FACE-03,right_eye,0.35987388402476794
SYN-P-0374,professional,SYN-FACE-03,nose,0.13248851385177446
SYN-P-0374,professional,SYN-FACE-03,mouth,0.3987906650848457
SYN-P-0374,professional,SYN-FACE-03,other,0.0
SYN-P-0375,professional,SYN-FACE-01,left_eye,0.4283590177120994
SYN-P-0375,professional,SYN-FACE-01,right_eye,0.2697189104775147
SYN-P-0375,professional,SYN-FACE-01,nose,0.2596635847267884
SYN-P-0375,professional,SYN-FACE-01,mouth,0.04225848708359741
SYN-P-0375,professional,SYN-FACE-01,other,0.0
SYN-P-0375,professional,SYN-FACE-02,left_eye,0.14758052413848177
SYN-P-0375,professional,SYN-FACE-02,right_eye,0.32828956146885896
SYN-P-0375,professional,SYN-FACE-02,nose,0.1519309920211085
SYN-P-0375,professional,SYN-FACE-02,mouth,0.30516825148122756
SYN-P-0375,professional,SYN-FACE-02,other,0.06703067089032318
SYN-P-0375,professional,SYN-FACE-03,left_eye,0.11582166223402077
SYN-P-0375,professional,SYN-FACE-03,right_eye,0.09967889380878107
SYN-P-0375,professional,SYN-FACE-03,nose,0.477982457870993
SYN-P-0375,professional,SYN-FACE-03,mouth,0.3065169860862052
SYN-P-0375,professional,SYN-FACE-03,other,0.0
SYN-P-0376,professional,SYN-FACE-01,left_eye,0.30538693373322523
SYN-P-0376,professional,SYN-FACE-01,right_eye,0.18494265235229448
SYN-P-0376,professional,SYN-FACE-01,nose,0.31567356123131574
SYN-P-0376,professional,SYN-FACE-01,mouth,0.09036756133823666
SYN-P-0376,professional,SYN-FACE-01,other,0.10362929134492778
SYN-P-0376,professional,SYN-FACE-02,left_eye,0.1457435908837368
SYN-P-0376,professional,SYN-FACE-02,right_eye,0.15346675298133755
SYN-P-0376,professional,SYN-FACE-02,nose,0.2830019841472137
SYN-P-0376,professional,SYN-FACE-02,mouth,0.3801661327788799
SYN-P-0376,professional,SYN-FACE-02,other,0.03762153920883196
SYN-P-0376,professional,SYN-FACE-03,left_eye,0.23484438941020572
SYN-P-0376,professional,SYN-FACE-03,right_eye,0.11199260202476835
SYN-P-0376,professional,SYN-FACE-03,nose,0.05532532103409447
SYN-P-0376,professional,SYN-FACE-03,mouth,0.5150443010999419
SYN-P-0376,professional,SYN-FACE-03,other,0.08279338643098949
SYN-P-0377,professional,SYN-FACE-01,left_eye,0.17236458534852928
SYN-P-0377,professional,SYN-FACE-01,right_eye,0.1971463705881133
SYN-P-0377,professional,SYN-FACE-01,nose,0.10296315210241876
SYN-P-0377,professional,SYN-FACE-01,mouth,0.4141453329848845
SYN-P-0377,professional,SYN-FACE-01,other,0.1133805589760542
SYN-P-0377,professional,SYN-FACE-02,left_eye,0.11288262756936894
SYN-P-0377,professional,SYN-FACE-02,right_eye,0.23388683723159046
SYN-P-0377,professional,SYN-FACE-02,nose,0.284138659399802
SYN-P-0377,professional,SYN-FACE-02,mouth,0.2629150770660203
SYN-P-0377,professional,SYN-FACE-02,other,0.10617679873321834
SYN-P-0377,professional,SYN-FACE-03,left_eye,0.22150325829842138
SYN-P-0377,professional,SYN-FACE-03,right_eye,0.3746880456052245
SYN-P-0377,professional,SYN-FACE-03,nose,0.08741164955713063
SYN-P-0377,professional,SYN-FACE-03,mouth,0.28060639087715883
SYN-P-0377,professional,SYN-FACE-03,other,0.0357906556620647
SYN-P-0378,professional,SYN-FACE-01,left_eye,0.24585117334100343
SYN-P-0378,professional,SYN-FACE-01,right_eye,0.28313603449877855
SYN-P-0378,professional,SYN-FACE-01,nose,0.15786782806788816
SYN-P-0378,professional,SYN-FACE-01,mouth,0.3131449640923299
SYN-P-0378,professional,SYN-FACE-01,other,0.0
SYN-P-0378,professional,SYN-FACE-02,left_eye,0.12446223351951549
SYN-P-0378,professional,SYN-FACE-02,right_eye,0.2336136921483754
SYN-P-0378,professional,SYN-FACE-02,nose,0.25084179916698834
SYN-P-0378,professional,SYN-FACE-02,mouth,0.3053827835459748
SYN-P-0378,professional,SYN-FACE-02,other,0.08569949161914601
SYN-P-0378,professional,SYN-FACE-03,left_eye,0.29031277010841
SYN-P-0378,professional,SYN-FACE-03,right_eye,0.23514686016063713
SYN-P-0378,professional,SYN-FACE-03,nose,0.18087100826082
SYN-P-0378,professional,SYN-FACE-03,mouth,0.23806372677491708
SYN-P-0378,professional,SYN-FACE-03,other,0.05560563469521588
SYN-P-0379,professional,SYN-FACE-01,left_eye,0.2783302539304908
SYN-P-0379,professional,SYN-FACE-01,right_eye,0.14292993152168262
SYN-P-0379,professional,SYN-FACE-01,nose,0.2432001080948512
SYN-P-0379,professional,SYN-FACE-01,mouth,0.2534400318487257
SYN-P-0379,professional,SYN-FACE-01,other,0.0820996746042497
SYN-P-0379,professional,SYN-FACE-02,left_eye,0.3163294910324848
SYN-P-0379,professional,SYN-FACE-02,right_eye,0.14299894852548717
SYN-P-0379,professional,SYN-FACE-02,nose,0.1896337757270185
SYN-P-0379,professional,SYN-FACE-02,mouth,0.3510377847150096
SYN-P-0379,professional,SYN-FACE-02,other,0.0
SYN-P-0379,professional,SYN-FACE-03,left_eye,0.32368916982583723
SYN-P-0379,professional,SYN-FACE-03,right_eye,0.17021160693163992
SYN-P-0379,professional,SYN-FACE-03,nose,0.11230027565357902
SYN-P-0379,professional,SYN-FACE-03,mouth,0.25052807554295536
SYN-P-0379,professional,SYN-FACE-03,other,0.14327087204598848
SYN-P-0380,professional,SYN-FACE-01,left_eye,0.14741557799200247
SYN-P-0380,professional,SYN-FACE-01,right_eye,0.387053374344817
SYN-P-0380,professional,SYN-FACE-01,nose,0.1624231312172736
SYN-P-0380,professional,SYN-FACE-01,mouth,0.2098518968376244
SYN-P-0380,professional,SYN-FACE-01,other,0.09325601960828245
SYN-P-0380,professional,SYN-FACE-02,left_eye,0.3250277025165031
SYN-P-0380,professional,SYN-FACE-02,right_eye,0.4363387416519762
SYN-P-0380,professional,SYN-FACE-02,nose,0.16971978183181613
SYN-P-0380,professional,SYN-FACE-02,mouth,0.06891377399970455
SYN-P-0380,professional,SYN-FACE-02,other,0.0
SYN-P-0380,professional,SYN-FACE-03,left_eye,0.26443106620793483
SYN-P-0380,professional,SYN-FACE-03,right_eye,0.25185133268048093
SYN-P-0380,professional,SYN-FACE-03,nose,0.301459099328676
SYN-P-0380,professional,SYN-FACE-03,mouth,0.14859941422340794
SYN-P-0380,professional,SYN-FACE-03,other,0.03365908755950019
SYN-P-0381,professional,SYN-FACE-01,left_eye,0.23149499841011253
SYN-P-0381,professional,SYN-FACE-01,right_eye,0.30174447368666696
SYN-P-0381,professional,SYN-FACE-01,nose,0.14429103488713166
SYN-P-0381,professional,SYN-FACE-01,mouth,0.1948568675143235
SYN-P-0381,professional,SYN-FACE-01,other,0.1276126255017654
SYN-P-0381,professional,SYN-FACE-02,left_eye,0.1300779589742321
SYN-P-0381,professional,SYN-FACE-02,right_eye,0.14381144567621174
SYN-P-0381,professional,SYN-FACE-02,nose,0.2469249449847338
SYN-P-0381,professional,SYN-FACE-02,mouth,0.25259062242479763
SYN-P-0381,professional,SYN-FACE-02,other,0.2265950279400247
SYN-P-0381,professional,SYN-FACE-03,left_eye,0.1698053120913605
SYN-P-0381,professional,SYN-FACE-03,right_eye,0.4141174015625988
SYN-P-0381,professional,SYN-FACE-03,nose,0.1336153204208792
SYN-P-0381,professional,SYN-FACE-03,mouth,0.21807437135862823
SYN-P-0381,professional,SYN-FACE-03,other,0.06438759456653322
SYN-P-0382,professional,SYN-FACE-01,left_eye,0.32434967759695466
SYN-P-0382,professional,SYN-FACE-01,right_eye,0.15026076916246453
SYN-P-0382,professional,SYN-FACE-01,nose,0.19643780325332375
SYN-P-0382,professional,SYN-FACE-01,mouth,0.24494906240704958
SYN-P-0382,professional,SYN-FACE-01,other,0.08400268758020751
SYN-P-0382,professional,SYN-FACE-02,left_eye,0.06153629130094265
SYN-P-0382,professional,SYN-FACE-02,right_eye,0.21031103192519426
SYN-P-0382,professional,SYN-FACE-02,nose,0.3361195470912515
SYN-P-0382,professional,SYN-FACE-02,mouth,0.36711311699031857
SYN-P-0382,professional,SYN-FACE-02,other,0.024920012692292885
SYN-P-0382,professional,SYN-FACE-03,left_eye,0.0738927935236168
SYN-P-0382,professional,SYN-FACE-03,right_eye,0.2090207092102142
SYN-P-0382,professional,SYN-FACE-03,nose,0.27195463443623286
SYN-P-0382,professional,SYN-FACE-03,mouth,0.3840778656111604
SYN-P-0382,professional,SYN-FACE-03,other,0.06105399721877579
SYN-P-0383,professional,SYN-FACE-01,left_eye,0.11567412890498006
SYN-P-0383,professional,SYN-FACE-01,right_eye,0.1769878083770248
SYN-P-0383,professional,SYN-FACE-01,nose,0.34761634805927955
SYN-P-0383,professional,SYN-FACE-01,mouth,0.1704404788903942
SYN-P-0383,professional,SYN-FACE-01,other,0.18928123576832143
SYN-P-0383,professional,SYN-FACE-02,left_eye,0.3177627096493406
SYN-P-0383,professional,SYN-FACE-02,right_eye,0.050315297285365546
SYN-P-0383,professional,SYN-FACE-02,nose,0.20333630939834316
SYN-P-0383,professional,SYN-FACE-02,mouth,0.3818163238257273
SYN-P-0383,professional,SYN-FACE-02,other,0.04676935984122338
SYN-P-0383,professional,SYN-FACE-03,left_eye,0.2684888617185677
SYN-P-0383,professional,SYN-FACE-03,right_eye,0.33596098424279225
SYN-P-0383,professional,SYN-FACE-03,nose,0.14288446361898008
SYN-P-0383,professional,SYN-FACE-03,mouth,0.20565572975627291
SYN-P-0383,professional,SYN-FACE-03,other,0.04700996066338704
SYN-P-0384,professional,SYN-FACE-01,left_eye,0.1574796632099258
SYN-P-0384,professional,SYN-FACE-01,right_eye,0.37484081440179046
SYN-P-0384,professional,SYN-FACE-01,nose,0.04355695351114517
SYN-P-0384,professional,SYN-FACE-01,mouth,0.3604549976792185
SYN-P-0384,professional,SYN-FACE-01,other,0.06366757119792
SYN-P-0384,professional,SYN-FACE-02,left_eye,0.15678172008038943
SYN-P-0384,professional,SYN-FACE-02,right_eye,0.25467869402835647
SYN-P-0384,professional,SYN-FACE-02,nose,0.06554365378002987
SYN-P-0384,professional,SYN-FACE-02,mouth,0.3869615653347521
SYN-P-0384,professional,SYN-FACE-02,other,0.13603436677647218
SYN-P-0384,professional,SYN-FACE-03,left_eye,0.27076815549637984
SYN-P-0384,professional,SYN-FACE-03,right_eye,0.0985034127687285
SYN-P-0384,professional,SYN-FACE-03,nose,0.3247800106025192
SYN-P-0384,professional,SYN-FACE-03,mouth,0.24692948948342947
SYN-P-0384,professional,SYN-FACE-03,other,0.05901893164894289
SYN-P-0385,professional,SYN-FACE-01,left_eye,0.10605938482246825
SYN-P-0385,professional,SYN-FACE-01,right_eye,0.3585022733402158
SYN-P-0385,professional,SYN-FACE-01,nose,0.10891949782022833
SYN-P-0385,professional,SYN-FACE-01,mouth,0.42651884401708756
SYN-P-0385,professional,SYN-FACE-01,other,0.0
SYN-P-0385,professional,SYN-FACE-02,left_eye,0.2054899538563011
SYN-P-0385,professional,SYN-FACE-02,right_eye,0.19366579851726118
SYN-P-0385,professional,SYN-FACE-02,nose,0.20165346566512513
SYN-P-0385,professional,SYN-FACE-02,mouth,0.33642670710404304
SYN-P-0385,professional,SYN-FACE-02,other,0.06276407485726956
SYN-P-0385,professional,SYN-FACE-03,left_eye,0.3513120203236545
SYN-P-0385,professional,SYN-FACE-03,right_eye,0.09656240773638534
SYN-P-0385,professional,SYN-FACE-03,nose,0.38867507415232055
SYN-P-0385,professional,SYN-FACE-03,mouth,0.02409312084841622
SYN-P-0385,professional,SYN-FACE-03,other,0.1393573769392234
SYN-P-0386,professional,SYN-FACE-01,left_eye,0.16870973485115923
SYN-P-0386,professional,SYN-FACE-01,right_eye,0.3255193196048919
SYN-P-0386,professional,SYN-FACE-01,nose,0.03850925293687237
SYN-P-0386,professional,SYN-FACE-01,mouth,0.3747121490113325
SYN-P-0386,professional,SYN-FACE-01,other,0.09254954359574397
SYN-P-0386,professional,SYN-FACE-02,left_eye,0.15479554819217742
SYN-P-0386,professional,SYN-FACE-02,right_eye,0.21870665164353112
SYN-P-0386,professional,SYN-FACE-02,nose,0.2420681697844831
SYN-P-0386,professional,SYN-FACE-02,mouth,0.24711759575421344
SYN-P-0386,professional,SYN-FACE-02,other,0.13731203462559488
SYN-P-0386,professional,SYN-FACE-03,left_eye,0.3823527334378666
SYN-P-0386,professional,SYN-FACE-03,right_eye,0.26036660523069727
SYN-P-0386,professional,SYN-FACE-03,nose,0.029676724477991197
SYN-P-0386,professional,SYN-FACE-03,mouth,0.2837080326685101
SYN-P-0386,professional,SYN-FACE-03,other,0.04389590418493494
SYN-P-0387,professional,SYN-FACE-01,left_eye,0.23672336450607187
SYN-P-0387,professional,SYN-FACE-01,right_eye,0.25590739837462306
SYN-P-0387,professional,SYN-FACE-01,nose,0.11495603946405103
SYN-P-0387,professional,SYN-FACE-01,mouth,0.3195493760616666
SYN-P-0387,professional,SYN-FACE-01,other,0.07286382159358741
SYN-P-0387,professional,SYN-FACE-02,left_eye,0.1327875383650537
SYN-P-0387,professional,SYN-FACE-02,right_eye,0.18066837564241825
SYN-P-0387,professional,SYN-FACE-02,nose,0.1766744732376847
SYN-P-0387,professional,SYN-FACE-02,mouth,0.38155047450343527
SYN-P-0387,professional,SYN-FACE-02,other,0.12831913825140814
SYN-P-0387,professional,SYN-FACE-03,left_eye,0.19496854995532023
SYN-P-0387,professional,SYN-FACE-03,right_eye,0.33711098580018095
SYN-P-0387,professional,SYN-FACE-03,nose,0.28279270364689973
SYN-P-0387,professional,SYN-FACE-03,mouth,0.1352401040973858
SYN-P-0387,professional,SYN-FACE-03,other,0.04988765650021336
SYN-P-0388,professional,SYN-FACE-01,left_eye,0.25187411423902245
SYN-P-0388,professional,SYN-FACE-01,right_eye,0.16204094627425691
SYN-P-0388,professional,SYN-FACE-01,nose,0.2949713492033699
SYN-P-0388,professional,SYN-FACE-01,mouth,0.210227562667204
SYN-P-0388,professional,SYN-FACE-01,other,0.0808860276161467
SYN-P-0388,professional,SYN-FACE-02,left_eye,0.23574881482940055
SYN-P-0388,professional,SYN-FACE-02,right_eye,0.3599106168326984
SYN-P-0388,professional,SYN-FACE-02,nose,0.04245450132462756
SYN-P-0388,professional,SYN-FACE-02,mouth,0.3618860670132734
SYN-P-0388,professional,SYN-FACE-02,other,0.0
SYN-P-0388,professional,SYN-FACE-03,left_eye,0.1693026687945771
SYN-P-0388,professional,SYN-FACE-03,right_eye,0.16595657188235582
SYN-P-0388,professional,SYN-FACE-03,nose,0.30040087139957455
SYN-P-0388,professional,SYN-FACE-03,mouth,0.2826755884427691
SYN-P-0388,professional,SYN-FACE-03,other,0.08166429948072351
SYN-P-0389,professional,SYN-FACE-01,left_eye,0.3156916202147781
SYN-P-0389,professional,SYN-FACE-01,right_eye,0.2627603232334406
SYN-P-0389,professional,SYN-FACE-01,nose,0.18753689148203176
SYN-P-0389,professional,SYN-FACE-01,mouth,0.19972266278763398
SYN-P-0389,professional,SYN-FACE-01,other,0.034288502282115566
SYN-P-0389,professional,SYN-FACE-02,left_eye,0.2527732925018398
SYN-P-0389,professional,SYN-FACE-02,right_eye,0.2526944641198723
SYN-P-0389,professional,SYN-FACE-02,nose,0.16029459438493449
SYN-P-0389,professional,SYN-FACE-02,mouth,0.29775076065141626
SYN-P-0389,professional,SYN-FACE-02,other,0.03648688834193711
SYN-P-0389,professional,SYN-FACE-03,left_eye,0.4587435598805426
SYN-P-0389,professional,SYN-FACE-03,right_eye,0.21703302715214068
SYN-P-0389,professional,SYN-FACE-03,nose,0.10338313995175125
SYN-P-0389,professional,SYN-FACE-03,mouth,0.22084027301556544
SYN-P-0389,professional,SYN-FACE-03,other,0.0
SYN-P-0390,professional,SYN-FACE-01,left_eye,0.09816356820208226
SYN-P-0390,professional,SYN-FACE-01,right_eye,0.29145332135158186
SYN-P-0390,professional,SYN-FACE-01,nose,0.3126675432125336
SYN-P-0390,professional,SYN-FACE-01,mouth,0.27828327149520976
SYN-P-0390,professional,SYN-FACE-01,other,0.019432295738592602
SYN-P-0390,professional,SYN-FACE-02,left_eye,0.2267022200480716
SYN-P-0390,professional,SYN-FACE-02,right_eye,0.14159101162028037
SYN-P-0390,professional,SYN-FACE-02,nose,0.4413706638623462
SYN-P-0390,professional,SYN-FACE-02,mouth,0.11793030393640323
SYN-P-0390,professional,SYN-FACE-02,other,0.07240580053289863
SYN-P-0390,professional,SYN-FACE-03,left_eye,0.24816304804456685
SYN-P-0390,professional,SYN-FACE-03,right_eye,0.21474529147595253
SYN-P-0390,professional,SYN-FACE-03,nose,0.19298365916991536
SYN-P-0390,professional,SYN-FACE-03,mouth,0.17158592854573632
SYN-P-0390,professional,SYN-FACE-03,other,0.17252207276382894
SYN-P-0391,professional,SYN-FACE-01,left_eye,0.12308231181240459
SYN-P-0391,professional,SYN-FACE-01,right_eye,0.23601149792328935
SYN-P-0391,professional,SYN-FACE-01,nose,0.3384843436775776
SYN-P-0391,professional,SYN-FACE-01,mouth,0.22268769009329592
SYN-P-0391,professional,SYN-FACE-01,other,0.0797341564934325
SYN-P-0391,professional,SYN-FACE-02,left_eye,0.2339833631377766
SYN-P-0391,professional,SYN-FACE-02,right_eye,0.20908505860799498
SYN-P-0391,professional,SYN-FACE-02,nose,0.21314411419047216
SYN-P-0391,professional,SYN-FACE-02,mouth,0.3437874640637562
SYN-P-0391,professional,SYN-FACE-02,other,0.0
SYN-P-0391,professional,SYN-FACE-03,left_eye,0.22854085596877596
SYN-P-0391,professional,SYN-FACE-03,right_eye,0.25979116179257655
SYN-P-0391,professional,SYN-FACE-03,nose,0.24397629853824682
SYN-P-0391,professional,SYN-FACE-03,mouth,0.08070422399554102
SYN-P-0391,professional,SYN-FACE-03,other,0.18698745970485958
SYN-P-0392,professional,SYN-FACE-01,left_eye,0.187507379148384
SYN-P-0392,professional,SYN-FACE-01,right_eye,0.24389399056752212
SYN-P-0392,professional,SYN-FACE-01,nose,0.21681426698339681
SYN-P-0392,professional,SYN-FACE-01,mouth,0.35178436330069707
SYN-P-0392,professional,SYN-FACE-01,other,0.0
SYN-P-0392,professional,SYN-FACE-02,left_eye,0.2674582772218733
SYN-P-0392,professional,SYN-FACE-02,right_eye,0.18398612805253936
SYN-P-0392,professional,SYN-FACE-02,nose,0.09947422392591923
SYN-P-0392,professional,SYN-FACE-02,mouth,0.44908137079966803
SYN-P-0392,professional,SYN-FACE-02,other,0.0
SYN-P-0392,professional,SYN-FACE-03,left_eye,0.1723150551776304
SYN-P-0392,professional,SYN-FACE-03,right_eye,0.15949629985748007
SYN-P-0392,professional,SYN-FACE-03,nose,0.3248143078103949
SYN-P-0392,professional,SYN-FACE-03,mouth,0.31170163134186596
SYN-P-0392,professional,SYN-FACE-03,other,0.03167270581262867
SYN-P-0393,professional,SYN-FACE-01,left_eye,0.1367821541634315
SYN-P-0393,professional,SYN-FACE-01,right_eye,0.46654988158145555
SYN-P-0393,professional,SYN-FACE-01,nose,0.16253343925665967
SYN-P-0393,professional,SYN-FACE-01,mouth,0.20632994034891144
SYN-P-0393,professional,SYN-FACE-01,other,0.027804584649541855
SYN-P-0393,professional,SYN-FACE-02,left_eye,0.11924799199466732
SYN-P-0393,professional,SYN-FACE-02,right_eye,0.2528176453640377
SYN-P-0393,professional,SYN-FACE-02,nose,0.22009176272744355
SYN-P-0393,professional,SYN-FACE-02,mouth,0.2988987570925115
SYN-P-0393,professional,SYN-FACE-02,other,0.10894384282133988
SYN-P-0393,professional,SYN-FACE-03,left_eye,0.41623849362592963
SYN-P-0393,professional,SYN-FACE-03,right_eye,0.2139499573228367
SYN-P-0393,professional,SYN-FACE-03,nose,0.06620347295851134
SYN-P-0393,professional,SYN-FACE-03,mouth,0.22892979345791734
SYN-P-0393,professional,SYN-FACE-03,other,0.07467828263480493
SYN-P-0394,professional,SYN-FACE-01,left_eye,0.15186558475396275
SYN-P-0394,professional,SYN-FACE-01,right_eye,0.46564464115877285
SYN-P-0394,professional,SYN-FACE-01,nose,0.17220652853871177
SYN-P-0394,professional,SYN-FACE-01,mouth,0.2102832455485527
SYN-P-0394,professional,SYN-FACE-01,other,0.0
SYN-P-0394,professional,SYN-FACE-02,left_eye,0.14699187320632565
SYN-P-0394,professional,SYN-FACE-02,right_eye,0.45430826842719985
SYN-P-0394,professional,SYN-FACE-02,nose,0.10626164101962678
SYN-P-0394,professional,SYN-FACE-02,mouth,0.2703753983412012
SYN-P-0394,professional,SYN-FACE-02,other,0.022062819005646557
SYN-P-0394,professional,SYN-FACE-03,left_eye,0.38956490618025397
SYN-P-0394,professional,SYN-FACE-03,right_eye,0.06413791522816852
SYN-P-0394,professional,SYN-FACE-03,nose,0.403008948780998
SYN-P-0394,professional,SYN-FACE-03,mouth,0.12002660106647946
SYN-P-0394,professional,SYN-FACE-03,other,0.023261628744100066
SYN-P-0395,professional,SYN-FACE-01,left_eye,0.21030105677911318
SYN-P-0395,professional,SYN-FACE-01,right_eye,0.2674633063237408
SYN-P-0395,professional,SYN-FACE-01,nose,0.0805727263696439
SYN-P-0395,professional,SYN-FACE-01,mouth,0.34721235998682226
SYN-P-0395,professional,SYN-FACE-01,other,0.09445055054067988
SYN-P-0395,professional,SYN-FACE-02,left_eye,0.26478193796075555
SYN-P-0395,professional,SYN-FACE-02,right_eye,0.40107675524308306
SYN-P-0395,professional,SYN-FACE-02,nose,0.06842565288069533
SYN-P-0395,professional,SYN-FACE-02,mouth,0.22843331217317298
SYN-P-0395,professional,SYN-FACE-02,other,0.037282341742293154
SYN-P-0395,professional,SYN-FACE-03,left_eye,0.416888604794591
SYN-P-0395,professional,SYN-FACE-03,right_eye,0.26154945347544895
SYN-P-0395,professional,SYN-FACE-03,nose,0.16136024261679496
SYN-P-0395,professional,SYN-FACE-03,mouth,0.084045144053422
SYN-P-0395,professional,SYN-FACE-03,other,0.07615655505974303
SYN-P-0396,professional,SYN-FACE-01,left_eye,0.36781057341565176
SYN-P-0396,professional,SYN-FACE-01,right_eye,0.10995127077842776
SYN-P-0396,professional,SYN-FACE-01,nose,0.20120189901487043
SYN-P-0396,professional,SYN-FACE-01,mouth,0.28460078031051567
SYN-P-0396,professional,SYN-FACE-01,other,0.03643547648053437
SYN-P-0396,professional,SYN-FACE-02,left_eye,0.20160434348028203
SYN-P-0396,professional,SYN-FACE-02,right_eye,0.16320749029193793
SYN-P-0396,professional,SYN-FACE-02,nose,0.43174454469768586
SYN-P-0396,professional,SYN-FACE-02,mouth,0.20344362153009415
SYN-P-0396,professional,SYN-FACE-02,other,0.0
SYN-P-0396,professional,SYN-FACE-03,left_eye,0.25255985192812713
SYN-P-0396,professional,SYN-FACE-03,right_eye,0.15683359193024754
SYN-P-0396,professional,SYN-FACE-03,nose,0.41543347180030554
SYN-P-0396,professional,SYN-FACE-03,mouth,0.1042418392199136
SYN-P-0396,professional,SYN-FACE-03,other,0.07093124512140624
SYN-P-0397,professional,SYN-FACE-01,left_eye,0.3858549951493115
SYN-P-0397,professional,SYN-FACE-01,right_eye,0.39874938636406615
SYN-P-0397,professional,SYN-FACE-01,nose,0.0856687411829138
SYN-P-0397,professional,SYN-FACE-01,mouth,0.12972687730370858
SYN-P-0397,professional,SYN-FACE-01,other,0.0
SYN-P-0397,professional,SYN-FACE-02,left_eye,0.1299138940670331
SYN-P-0397,professional,SYN-FACE-02,right_eye,0.12231116485212472
SYN-P-0397,professional,SYN-FACE-02,nose,0.2222568865417782
SYN-P-0397,professional,SYN-FACE-02,mouth,0.47539899388131995
SYN-P-0397,professional,SYN-FACE-02,other,0.050119060657744
SYN-P-0397,professional,SYN-FACE-03,left_eye,0.26205045442556235
SYN-P-0397,professional,SYN-FACE-03,right_eye,0.34539110528415984
SYN-P-0397,professional,SYN-FACE-03,nose,0.16337719768643544
SYN-P-0397,professional,SYN-FACE-03,mouth,0.13462963124197466
SYN-P-0397,professional,SYN-FACE-03,other,0.09455161136186772
SYN-P-0398,professional,SYN-FACE-01,left_eye,0.32490706304796296
SYN-P-0398,professional,SYN-FACE-01,right_eye,0.12805289487362154
SYN-P-0398,professional,SYN-FACE-01,nose,0.15883515111177218
SYN-P-0398,professional,SYN-FACE-01,mouth,0.298464649201094
SYN-P-0398,professional,SYN-FACE-01,other,0.08974024176554939
SYN-P-0398,professional,SYN-FACE-02,left_eye,0.19735473326408895
SYN-P-0398,professional,SYN-FACE-02,right_eye,0.32202324362160256
SYN-P-0398,professional,SYN-FACE-02,nose,0.18208746009174062
SYN-P-0398,professional,SYN-FACE-02,mouth,0.23433073726012313
SYN-P-0398,professional,SYN-FACE-02,other,0.06420382576244475
SYN-P-0398,professional,SYN-FACE-03,left_eye,0.31647417948886913
SYN-P-0398,professional,SYN-FACE-03,right_eye,0.08388965840067195
SYN-P-0398,professional,SYN-FACE-03,nose,0.32900589033979905
SYN-P-0398,professional,SYN-FACE-03,mouth,0.1490003129171563
SYN-P-0398,professional,SYN-FACE-03,other,0.12162995885350363
SYN-P-0399,professional,SYN-FACE-01,left_eye,0.35613441106716415
SYN-P-0399,professional,SYN-FACE-01,right_eye,0.08373036686390757
SYN-P-0399,professional,SYN-FACE-01,nose,0.35566495645144736
SYN-P-0399,professional,SYN-FACE-01,mouth,0.17497418229355527
SYN-P-0399,professional,SYN-FACE-01,other,0.029496083323925646
SYN-P-0399,professional,SYN-FACE-02,left_eye,0.1425166518284474
SYN-P-0399,professional,SYN-FACE-02,right_eye,0.13715290106131042
SYN-P-0399,professional,SYN-FACE-02,nose,0.08675964360495697
SYN-P-0399,professional,SYN-FACE-02,mouth,0.4419840191904435
SYN-P-0399,professional,SYN-FACE-02,other,0.19158678431484166
SYN-P-0399,professional,SYN-FACE-03,left_eye,0.27727559280611436
SYN-P-0399,professional,SYN-FACE-03,right_eye,0.39399922281302335
SYN-P-0399,professional,SYN-FACE-03,nose,0.0
SYN-P-0399,professional,SYN-FACE-03,mouth,0.25037308386676904
SYN-P-0399,professional,SYN-FACE-03,other,0.07835210051409329
SYN-P-0400,professional,SYN-FACE-01,left_eye,0.24180887995415687
SYN-P-0400,professional,SYN-FACE-01,right_eye,0.10327571272725665
SYN-P-0400,professional,SYN-FACE-01,nose,0.23589797729026943
SYN-P-0400,professional,SYN-FACE-01,mouth,0.31005378728612226
SYN-P-0400,professional,SYN-FACE-01,other,0.10896364274219487
SYN-P-0400,professional,SYN-FACE-02,left_eye,0.15056284125870234
SYN-P-0400,professional,SYN-FACE-02,right_eye,0.17652295738313195
SYN-P-0400,professional,SYN-FACE-02,nose,0.20686729648183794
SYN-P-0400,professional,SYN-FACE-02,mouth,0.38666572568692287
SYN-P-0400,professional,SYN-FACE-02,other,0.07938117918940493
SYN-P-0400,professional,SYN-FACE-03,left_eye,0.30242860331124566
SYN-P-0400,professional,SYN-FACE-03,right_eye,0.1046956511659882
SYN-P-0400,professional,SYN-FACE-03,nose,0.4372184937132393
SYN-P-0400,professional,SYN-FACE-03,mouth,0.11898131812306796
SYN-P-0400,professional,SYN-FACE-03,other,0.03667593368645891
SYN-P-0401,professional,SYN-FACE-01,left_eye,0.07023638020531556
SYN-P-0401,professional,SYN-FACE-01,right_eye,0.17009107049954747
SYN-P-0401,professional,SYN-FACE-01,nose,0.21381272837148818
SYN-P-0401,professional,SYN-FACE-01,mouth,0.2883887293706637
SYN-P-0401,professional,SYN-FACE-01,other,0.25747109155298514
SYN-P-0401,professional,SYN-FACE-02,left_eye,0.23911291055283232
SYN-P-0401,professional,SYN-FACE-02,right_eye,0.12505281029594884
SYN-P-0401,professional,SYN-FACE-02,nose,0.0425989232028663
SYN-P-0401,professional,SYN-FACE-02,mouth,0.43871592141528976
SYN-P-0401,professional,SYN-FACE-02,other,0.15451943453306274
SYN-P-0401,professional,SYN-FACE-03,left_eye,0.33824008195467603
SYN-P-0401,professional,SYN-FACE-03,right_eye,0.167100179965333
SYN-P-0401,professional,SYN-FACE-03,nose,0.2471782307394373
SYN-P-0401,professional,SYN-FACE-03,mouth,0.20143091188230947
SYN-P-0401,professional,SYN-FACE-03,other,0.046050595458244255
SYN-P-0402,professional,SYN-FACE-01,left_eye,0.3762495346747747
SYN-P-0402,professional,SYN-FACE-01,right_eye,0.14710129171341793
SYN-P-0402,professional,SYN-FACE-01,nose,0.3851660116703922
SYN-P-0402,professional,SYN-FACE-01,mouth,0.031845237614291005
SYN-P-0402,professional,SYN-FACE-01,other,0.05963792432712419
SYN-P-0402,professional,SYN-FACE-02,left_eye,0.2084478502973951
SYN-P-0402,professional,SYN-FACE-02,right_eye,0.1795090494722835
SYN-P-0402,professional,SYN-FACE-02,nose,0.12781773341258873
SYN-P-0402,professional,SYN-FACE-02,mouth,0.45188399732366236
SYN-P-0402,professional,SYN-FACE-02,other,0.03234136949407037
SYN-P-0402,professional,SYN-FACE-03,left_eye,0.37749990088795465
SYN-P-0402,professional,SYN-FACE-03,right_eye,0.2909334925560054
SYN-P-0402,professional,SYN-FACE-03,nose,0.21400643365671843
SYN-P-0402,professional,SYN-FACE-03,mouth,0.11756017289932148
SYN-P-0402,professional,SYN-FACE-03,other,0.0
SYN-P-0403,professional,SYN-FACE-01,left_eye,0.19445355550628293
SYN-P-0403,professional,SYN-FACE-01,right_eye,0.2851595006567633
SYN-P-0403,professional,SYN-FACE-01,nose,0.26678542431459384
SYN-P-0403,professional,SYN-FACE-01,mouth,0.2536015195223599
SYN-P-0403,professional,SYN-FACE-01,other,0.0
SYN-P-0403,professional,SYN-FACE-02,left_eye,0.18235774386800865
SYN-P-0403,professional,SYN-FACE-02,right_eye,0.2728565913679844
SYN-P-0403,professional,SYN-FACE-02,nose,0.2045620049412979
SYN-P-0403,professional,SYN-FACE-02,mouth,0.303836369569585
SYN-P-0403,professional,SYN-FACE-02,other,0.03638729025312401
SYN-P-0403,professional,SYN-FACE-03,left_eye,0.5478126934476008
SYN-P-0403,professional,SYN-FACE-03,right_eye,0.2299894085725888
SYN-P-0403,professional,SYN-FACE-03,nose,0.09401821690199136
SYN-P-0403,professional,SYN-FACE-03,mouth,0.12817968107781902
SYN-P-0403,professional,SYN-FACE-03,other,0.0
SYN-P-0404,professional,SYN-FACE-01,left_eye,0.3669033995118548
SYN-P-0404,professional,SYN-FACE-01,right_eye,0.1951675086826451
SYN-P-0404,professional,SYN-FACE-01,nose,0.2020441179510413
SYN-P-0404,professional,SYN-FACE-01,mouth,0.23588497385445883
SYN-P-0404,professional,SYN-FACE-01,other,0.0
SYN-P-0404,professional,SYN-FACE-02,left_eye,0.18541379872081326
SYN-P-0404,professional,SYN-FACE-02,right_eye,0.22054137466630117
SYN-P-0404,professional,SYN-FACE-02,nose,0.22105562732522588
SYN-P-0404,professional,SYN-FACE-02,mouth,0.33488497169729486
SYN-P-0404,professional,SYN-FACE-02,other,0.03810422759036471
SYN-P-0404,professional,SYN-FACE-03,left_eye,0.37326612343197413
SYN-P-0404,professional,SYN-FACE-03,right_eye,0.13063279377820916
SYN-P-0404,professional,SYN-FACE-03,nose,0.11464827070817293
SYN-P-0404,professional,SYN-FACE-03,mouth,0.2891594245627807
SYN-P-0404,professional,SYN-FACE-03,other,0.09229338751886303
SYN-P-0405,professional,SYN-FACE-01,left_eye,0.3421564847564848
SYN-P-0405,professional,SYN-FACE-01,right_eye,0.09698124674476041
SYN-P-0405,professional,SYN-FACE-01,nose,0.24909727187388528
SYN-P-0405,professional,SYN-FACE-01,mouth,0.2078557362117942
SYN-P-0405,professional,SYN-FACE-01,other,0.10390926041307529
SYN-P-0405,professional,SYN-FACE-02,left_eye,0.12487183921487799
SYN-P-0405,professional,SYN-FACE-02,right_eye,0.18715545756134763
SYN-P-0405,professional,SYN-FACE-02,nose,0.1702980509344082
SYN-P-0405,professional,SYN-FACE-02,mouth,0.4974173728348151
SYN-P-0405,professional,SYN-FACE-02,other,0.020257279454551094
SYN-P-0405,professional,SYN-FACE-03,left_eye,0.30120347836605693
SYN-P-0405,professional,SYN-FACE-03,right_eye,0.4189717256960745
SYN-P-0405,professional,SYN-FACE-03,nose,0.13682871611845293
SYN-P-0405,professional,SYN-FACE-03,mouth,0.14299607981941556
SYN-P-0405,professional,SYN-FACE-03,other,0.0
SYN-P-0406,professional,SYN-FACE-01,left_eye,0.31852128635142046
SYN-P-0406,professional,SYN-FACE-01,right_eye,0.4002895706065759
SYN-P-0406,professional,SYN-FACE-01,nose,0.15187451008597963
SYN-P-0406,professional,SYN-FACE-01,mouth,0.12931463295602402
SYN-P-0406,professional,SYN-FACE-01,other,0.0
SYN-P-0406,professional,SYN-FACE-02,left_eye,0.26213284832198464
SYN-P-0406,professional,SYN-FACE-02,right_eye,0.25082757118607163
SYN-P-0406,professional,SYN-FACE-02,nose,0.256247505794311
SYN-P-0406,professional,SYN-FACE-02,mouth,0.19238093123850947
SYN-P-0406,professional,SYN-FACE-02,other,0.038411143459123255
SYN-P-0406,professional,SYN-FACE-03,left_eye,0.20754027865847866
SYN-P-0406,professional,SYN-FACE-03,right_eye,0.21232258134780158
SYN-P-0406,professional,SYN-FACE-03,nose,0.14304299177330132
SYN-P-0406,professional,SYN-FACE-03,mouth,0.2242775775956134
SYN-P-0406,professional,SYN-FACE-03,other,0.21281657062480497
SYN-P-0407,professional,SYN-FACE-01,left_eye,0.3094685721962221
SYN-P-0407,professional,SYN-FACE-01,right_eye,0.09185887089646295
SYN-P-0407,professional,SYN-FACE-01,nose,0.20524135524509513
SYN-P-0407,professional,SYN-FACE-01,mouth,0.31139457424162564
SYN-P-0407,professional,SYN-FACE-01,other,0.08203662742059416
SYN-P-0407,professional,SYN-FACE-02,left_eye,0.29092721852898884
SYN-P-0407,professional,SYN-FACE-02,right_eye,0.17399177981225325
SYN-P-0407,professional,SYN-FACE-02,nose,0.08617509153116684
SYN-P-0407,professional,SYN-FACE-02,mouth,0.3843174423398223
SYN-P-0407,professional,SYN-FACE-02,other,0.06458846778776876
SYN-P-0407,professional,SYN-FACE-03,left_eye,0.2862029066541656
SYN-P-0407,professional,SYN-FACE-03,right_eye,0.11442698859615133
SYN-P-0407,professional,SYN-FACE-03,nose,0.26600048815098093
SYN-P-0407,professional,SYN-FACE-03,mouth,0.2730775756219655
SYN-P-0407,professional,SYN-FACE-03,other,0.06029204097673672
SYN-P-0408,professional,SYN-FACE-01,left_eye,0.423119739507134
SYN-P-0408,professional,SYN-FACE-01,right_eye,0.2695063089572816
SYN-P-0408,professional,SYN-FACE-01,nose,0.13483068796180686
SYN-P-0408,professional,SYN-FACE-01,mouth,0.10521043794995107
SYN-P-0408,professional,SYN-FACE-01,other,0.06733282562382634
SYN-P-0408,professional,SYN-FACE-02,left_eye,0.11121619229425868
SYN-P-0408,professional,SYN-FACE-02,right_eye,0.23277426779991683
SYN-P-0408,professional,SYN-FACE-02,nose,0.1169907032140936
SYN-P-0408,professional,SYN-FACE-02,mouth,0.5091797914453225
SYN-P-0408,professional,SYN-FACE-02,other,0.029839045246408385
SYN-P-0408,professional,SYN-FACE-03,left_eye,0.04142220518072897
SYN-P-0408,professional,SYN-FACE-03,right_eye,0.39471254359895225
SYN-P-0408,professional,SYN-FACE-03,nose,0.17266714164451893
SYN-P-0408,professional,SYN-FACE-03,mouth,0.3605101399811569
SYN-P-0408,professional,SYN-FACE-03,other,0.030687969594642914
SYN-P-0409,professional,SYN-FACE-01,left_eye,0.3020976983800425
SYN-P-0409,professional,SYN-FACE-01,right_eye,0.19136654509989492
SYN-P-0409,professional,SYN-FACE-01,nose,0.15993726643068173
SYN-P-0409,professional,SYN-FACE-01,mouth,0.10582998676999089
SYN-P-0409,professional,SYN-FACE-01,other,0.24076850331938993
SYN-P-0409,professional,SYN-FACE-02,left_eye,0.19998970702308283
SYN-P-0409,professional,SYN-FACE-02,right_eye,0.21570779827979902
SYN-P-0409,professional,SYN-FACE-02,nose,0.2065744961228696
SYN-P-0409,professional,SYN-FACE-02,mouth,0.2584326035221452
SYN-P-0409,professional,SYN-FACE-02,other,0.11929539505210326
SYN-P-0409,professional,SYN-FACE-03,left_eye,0.147663775997519
SYN-P-0409,professional,SYN-FACE-03,right_eye,0.3235295216461334
SYN-P-0409,professional,SYN-FACE-03,nose,0.23376571724809472
SYN-P-0409,professional,SYN-FACE-03,mouth,0.2363545831839414
SYN-P-0409,professional,SYN-FACE-03,other,0.05868640192431153
SYN-P-0410,professional,SYN-FACE-01,left_eye,0.1484726639867095
SYN-P-0410,professional,SYN-FACE-01,right_eye,0.35333840087397905
SYN-P-0410,professional,SYN-FACE-01,nose,0.30783536226733166
SYN-P-0410,professional,SYN-FACE-01,mouth,0.08854319057321502
SYN-P-0410,professional,SYN-FACE-01,other,0.10181038229876477
SYN-P-0410,professional,SYN-FACE-02,left_eye,0.28101443310499147
SYN-P-0410,professional,SYN-FACE-02,right_eye,0.04300208721112633
SYN-P-0410,professional,SYN-FACE-02,nose,0.2908600428294138
SYN-P-0410,professional,SYN-FACE-02,mouth,0.2543028062400147
SYN-P-0410,professional,SYN-FACE-02,other,0.13082063061445365
SYN-P-0410,professional,SYN-FACE-03,left_eye,0.7066058436837798
SYN-P-0410,professional,SYN-FACE-03,right_eye,0.07244844612114892
SYN-P-0410,professional,SYN-FACE-03,nose,0.07310264420208695
SYN-P-0410,professional,SYN-FACE-03,mouth,0.11562600712398202
SYN-P-0410,professional,SYN-FACE-03,other,0.032217058869002335
SYN-P-0411,professional,SYN-FACE-01,left_eye,0.24731548293548772
SYN-P-0411,professional,SYN-FACE-01,right_eye,0.3351033056798466
SYN-P-0411,professional,SYN-FACE-01,nose,0.28689499450441847
SYN-P-0411,professional,SYN-FACE-01,mouth,0.13068621688024715
SYN-P-0411,professional,SYN-FACE-01,other,0.0
SYN-P-0411,professional,SYN-FACE-02,left_eye,0.24475222587322346
SYN-P-0411,professional,SYN-FACE-02,right_eye,0.23316425256876083
SYN-P-0411,professional,SYN-FACE-02,nose,0.28652539874700983
SYN-P-0411,professional,SYN-FACE-02,mouth,0.12102526130245417
SYN-P-0411,professional,SYN-FACE-02,other,0.11453286150855171
SYN-P-0411,professional,SYN-FACE-03,left_eye,0.6448140819714162
SYN-P-0411,professional,SYN-FACE-03,right_eye,0.048274663494483165
SYN-P-0411,professional,SYN-FACE-03,nose,0.18347934553598225
SYN-P-0411,professional,SYN-FACE-03,mouth,0.0881756992362194
SYN-P-0411,professional,SYN-FACE-03,other,0.03525620976189901
SYN-P-0412,professional,SYN-FACE-01,left_eye,0.03329653149643222
SYN-P-0412,professional,SYN-FACE-01,right_eye,0.20393208925156012
SYN-P-0412,professional,SYN-FACE-01,nose,0.30385084179979016
SYN-P-0412,professional,SYN-FACE-01,mouth,0.3881724497747828
SYN-P-0412,professional,SYN-FACE-01,other,0.07074808767743467
SYN-P-0412,professional,SYN-FACE-02,left_eye,0.18095930826070009
SYN-P-0412,professional,SYN-FACE-02,right_eye,0.2021979451016528
SYN-P-0412,professional,SYN-FACE-02,nose,0.23394270814289705
SYN-P-0412,professional,SYN-FACE-02,mouth,0.21621408864508943
SYN-P-0412,professional,SYN-FACE-02,other,0.16668594984966054
SYN-P-0412,professional,SYN-FACE-03,left_eye,0.20538385664311315
SYN-P-0412,professional,SYN-FACE-03,right_eye,0.21048101047556428
SYN-P-0412,professional,SYN-FACE-03,nose,0.36133160111371654
SYN-P-0412,professional,SYN-FACE-03,mouth,0.18779842112086725
SYN-P-0412,professional,SYN-FACE-03,other,0.03500511064673884
SYN-P-0413,professional,SYN-FACE-01,left_eye,0.39320869125310304
SYN-P-0413,professional,SYN-FACE-01,right_eye,0.18791239249149747
SYN-P-0413,professional,SYN-FACE-01,nose,0.11406331712651414
SYN-P-0413,professional,SYN-FACE-01,mouth,0.21439789089882638
SYN-P-0413,professional,SYN-FACE-01,other,0.09041770823005892
SYN-P-0413,professional,SYN-FACE-02,left_eye,0.01971295217042521
SYN-P-0413,professional,SYN-FACE-02,right_eye,0.2644031169975165
SYN-P-0413,professional,SYN-FACE-02,nose,0.43308926069683756
SYN-P-0413,professional,SYN-FACE-02,mouth,0.28279467013522064
SYN-P-0413,professional,SYN-FACE-02,other,0.0
SYN-P-0413,professional,SYN-FACE-03,left_eye,0.3325337277672113
SYN-P-0413,professional,SYN-FACE-03,right_eye,0.28826809612244986
SYN-P-0413,professional,SYN-FACE-03,nose,0.07943939223023579
SYN-P-0413,professional,SYN-FACE-03,mouth,0.299758783880103
SYN-P-0413,professional,SYN-FACE-03,other,0.0
SYN-P-0414,professional,SYN-FACE-01,left_eye,0.3033717293460911
SYN-P-0414,professional,SYN-FACE-01,right_eye,0.43336003623908753
SYN-P-0414,professional,SYN-FACE-01,nose,0.1314781921003118
SYN-P-0414,professional,SYN-FACE-01,mouth,0.05378486245433603
SYN-P-0414,professional,SYN-FACE-01,other,0.07800517986017352
SYN-P-0414,professional,SYN-FACE-02,left_eye,0.2000055001372356
SYN-P-0414,professional,SYN-FACE-02,right_eye,0.2667820777083854
SYN-P-0414,professional,SYN-FACE-02,nose,0.120390339779126
SYN-P-0414,professional,SYN-FACE-02,mouth,0.3795773955542924
SYN-P-0414,professional,SYN-FACE-02,other,0.033244686820960614
SYN-P-0414,professional,SYN-FACE-03,left_eye,0.28170159755901913
SYN-P-0414,professional,SYN-FACE-03,right_eye,0.20402927847876481
SYN-P-0414,professional,SYN-FACE-03,nose,0.34869882764950366
SYN-P-0414,professional,SYN-FACE-03,mouth,0.12741403148901922
SYN-P-0414,professional,SYN-FACE-03,other,0.03815626482369307
SYN-P-0415,professional,SYN-FACE-01,left_eye,0.19992365712160592
SYN-P-0415,professional,SYN-FACE-01,right_eye,0.23663316301699946
SYN-P-0415,professional,SYN-FACE-01,nose,0.20796845258505753
SYN-P-0415,professional,SYN-FACE-01,mouth,0.30451604585891456
SYN-P-0415,professional,SYN-FACE-01,other,0.05095868141742247
SYN-P-0415,professional,SYN-FACE-02,left_eye,0.08957026445198682
SYN-P-0415,professional,SYN-FACE-02,right_eye,0.4169831148703604
SYN-P-0415,professional,SYN-FACE-02,nose,0.20821969809057633
SYN-P-0415,professional,SYN-FACE-02,mouth,0.2668365279629289
SYN-P-0415,professional,SYN-FACE-02,other,0.01839039462414754
SYN-P-0415,professional,SYN-FACE-03,left_eye,0.26594119941450256
SYN-P-0415,professional,SYN-FACE-03,right_eye,0.11186293370800371
SYN-P-0415,professional,SYN-FACE-03,nose,0.3046710011312814
SYN-P-0415,professional,SYN-FACE-03,mouth,0.2186697357870356
SYN-P-0415,professional,SYN-FACE-03,other,0.09885512995917667
SYN-P-0416,professional,SYN-FACE-01,left_eye,0.1482970048088289
SYN-P-0416,professional,SYN-FACE-01,right_eye,0.2566024409650161
SYN-P-0416,professional,SYN-FACE-01,nose,0.39542894650174903
SYN-P-0416,professional,SYN-FACE-01,mouth,0.19967160772440604
SYN-P-0416,professional,SYN-FACE-01,other,0.0
SYN-P-0416,professional,SYN-FACE-02,left_eye,0.1925003492619974
SYN-P-0416,professional,SYN-FACE-02,right_eye,0.21478914230739146
SYN-P-0416,professional,SYN-FACE-02,nose,0.12236216743680219
SYN-P-0416,professional,SYN-FACE-02,mouth,0.4219468693705423
SYN-P-0416,professional,SYN-FACE-02,other,0.048401471623266565
SYN-P-0416,professional,SYN-FACE-03,left_eye,0.3021306454514053
SYN-P-0416,professional,SYN-FACE-03,right_eye,0.2046522178816884
SYN-P-0416,professional,SYN-FACE-03,nose,0.19803544671116155
SYN-P-0416,professional,SYN-FACE-03,mouth,0.21201117650643742
SYN-P-0416,professional,SYN-FACE-03,other,0.08317051344930741
SYN-P-0417,professional,SYN-FACE-01,left_eye,0.02170080588194094
SYN-P-0417,professional,SYN-FACE-01,right_eye,0.38479382191694983
SYN-P-0417,professional,SYN-FACE-01,nose,0.14782728111980448
SYN-P-0417,professional,SYN-FACE-01,mouth,0.44567809108130474
SYN-P-0417,professional,SYN-FACE-01,other,0.0
SYN-P-0417,professional,SYN-FACE-02,left_eye,0.24965954526521525
SYN-P-0417,professional,SYN-FACE-02,right_eye,0.1770318940074622
SYN-P-0417,professional,SYN-FACE-02,nose,0.23850355510580998
SYN-P-0417,professional,SYN-FACE-02,mouth,0.291573281955102
SYN-P-0417,professional,SYN-FACE-02,other,0.04323172366641055
SYN-P-0417,professional,SYN-FACE-03,left_eye,0.2394658905111722
SYN-P-0417,professional,SYN-FACE-03,right_eye,0.2354841558386167
SYN-P-0417,professional,SYN-FACE-03,nose,0.37316603878274196
SYN-P-0417,professional,SYN-FACE-03,mouth,0.1518839148674691
SYN-P-0417,professional,SYN-FACE-03,other,0.0
SYN-P-0418,professional,SYN-FACE-01,left_eye,0.37940509904974123
SYN-P-0418,professional,SYN-FACE-01,right_eye,0.055729448690428125
SYN-P-0418,professional,SYN-FACE-01,nose,0.41658398893064325
SYN-P-0418,professional,SYN-FACE-01,mouth,0.14828146332918749
SYN-P-0418,professional,SYN-FACE-01,other,0.0
SYN-P-0418,professional,SYN-FACE-02,left_eye,0.2612829107034074
SYN-P-0418,professional,SYN-FACE-02,right_eye,0.1592939610198528
SYN-P-0418,professional,SYN-FACE-02,nose,0.2887289993261298
SYN-P-0418,professional,SYN-FACE-02,mouth,0.24249140730931396
SYN-P-0418,professional,SYN-FACE-02,other,0.04820272164129614
SYN-P-0418,professional,SYN-FACE-03,left_eye,0.46792818779619844
SYN-P-0418,professional,SYN-FACE-03,right_eye,0.08102988103028642
SYN-P-0418,professional,SYN-FACE-03,nose,0.23036751294923735
SYN-P-0418,professional,SYN-FACE-03,mouth,0.17641524710512538
SYN-P-0418,professional,SYN-FACE-03,other,0.04425917111915247
SYN-P-0419,professional,SYN-FACE-01,left_eye,0.2638556610230025
SYN-P-0419,professional,SYN-FACE-01,right_eye,0.3261964742165191
SYN-P-0419,professional,SYN-FACE-01,nose,0.1578963024173307
SYN-P-0419,professional,SYN-FACE-01,mouth,0.22165314500719502
SYN-P-0419,professional,SYN-FACE-01,other,0.030398417335952603
SYN-P-0419,professional,SYN-FACE-02,left_eye,0.13629165855744776
SYN-P-0419,professional,SYN-FACE-02,right_eye,0.22162496734869572
SYN-P-0419,professional,SYN-FACE-02,nose,0.1768854205059747
SYN-P-0419,professional,SYN-FACE-02,mouth,0.39310360967833696
SYN-P-0419,professional,SYN-FACE-02,other,0.07209434390954479
SYN-P-0419,professional,SYN-FACE-03,left_eye,0.4482058892345317
SYN-P-0419,professional,SYN-FACE-03,right_eye,0.1507478901200963
SYN-P-0419,professional,SYN-FACE-03,nose,0.1454471502794566
SYN-P-0419,professional,SYN-FACE-03,mouth,0.17244967624625757
SYN-P-0419,professional,SYN-FACE-03,other,0.08314939411965781
SYN-P-0420,professional,SYN-FACE-01,left_eye,0.2896517799086342
SYN-P-0420,professional,SYN-FACE-01,right_eye,0.23829083280535984
SYN-P-0420,professional,SYN-FACE-01,nose,0.22776741051078803
SYN-P-0420,professional,SYN-FACE-01,mouth,0.14434975462112112
SYN-P-0420,professional,SYN-FACE-01,other,0.09994022215409676
SYN-P-0420,professional,SYN-FACE-02,left_eye,0.2836260880996296
SYN-P-0420,professional,SYN-FACE-02,right_eye,0.2115086237712809
SYN-P-0420,professional,SYN-FACE-02,nose,0.27809473599241563
SYN-P-0420,professional,SYN-FACE-02,mouth,0.14584962023170026
SYN-P-0420,professional,SYN-FACE-02,other,0.0809209319049736
SYN-P-0420,professional,SYN-FACE-03,left_eye,0.19464523719009463
SYN-P-0420,professional,SYN-FACE-03,right_eye,0.14202620367604796
SYN-P-0420,professional,SYN-FACE-03,nose,0.4003315336369423
SYN-P-0420,professional,SYN-FACE-03,mouth,0.10064472955070705
SYN-P-0420,professional,SYN-FACE-03,other,0.16235229594620806
SYN-P-0421,professional,SYN-FACE-01,left_eye,0.2735377890893568
SYN-P-0421,professional,SYN-FACE-01,right_eye,0.2503447482280155
SYN-P-0421,professional,SYN-FACE-01,nose,0.23356351918135954
SYN-P-0421,professional,SYN-FACE-01,mouth,0.19388967037664873
SYN-P-0421,professional,SYN-FACE-01,other,0.04866427312461942
SYN-P-0421,professional,SYN-FACE-02,left_eye,0.3664206974076887
SYN-P-0421,professional,SYN-FACE-02,right_eye,0.1979113853548708
SYN-P-0421,professional,SYN-FACE-02,nose,0.09238922696614697
SYN-P-0421,professional,SYN-FACE-02,mouth,0.23174085469034
SYN-P-0421,professional,SYN-FACE-02,other,0.11153783558095352
SYN-P-0421,professional,SYN-FACE-03,left_eye,0.14648560251688167
SYN-P-0421,professional,SYN-FACE-03,right_eye,0.25469524480699035
SYN-P-0421,professional,SYN-FACE-03,nose,0.5356812379681289
SYN-P-0421,professional,SYN-FACE-03,mouth,0.06313791470799907
SYN-P-0421,professional,SYN-FACE-03,other,0.0
SYN-P-0422,professional,SYN-FACE-01,left_eye,0.2474971943584959
SYN-P-0422,professional,SYN-FACE-01,right_eye,0.1309756841575225
SYN-P-0422,professional,SYN-FACE-01,nose,0.41723897588246184
SYN-P-0422,professional,SYN-FACE-01,mouth,0.10804334812617374
SYN-P-0422,professional,SYN-FACE-01,other,0.09624479747534605
SYN-P-0422,professional,SYN-FACE-02,left_eye,0.38673459300115426
SYN-P-0422,professional,SYN-FACE-02,right_eye,0.1168673781845012
SYN-P-0422,professional,SYN-FACE-02,nose,0.2688797065447485
SYN-P-0422,professional,SYN-FACE-02,mouth,0.22751832226959595
SYN-P-0422,professional,SYN-FACE-02,other,0.0
SYN-P-0422,professional,SYN-FACE-03,left_eye,0.2437148112499339
SYN-P-0422,professional,SYN-FACE-03,right_eye,0.40922542989391436
SYN-P-0422,professional,SYN-FACE-03,nose,0.14810608847493387
SYN-P-0422,professional,SYN-FACE-03,mouth,0.022365069537696205
SYN-P-0422,professional,SYN-FACE-03,other,0.17658860084352174
SYN-P-0423,professional,SYN-FACE-01,left_eye,0.27383275630339127
SYN-P-0423,professional,SYN-FACE-01,right_eye,0.3950615991248295
SYN-P-0423,professional,SYN-FACE-01,nose,0.045458120318592074
SYN-P-0423,professional,SYN-FACE-01,mouth,0.1954054655408005
SYN-P-0423,professional,SYN-FACE-01,other,0.0902420587123867
SYN-P-0423,professional,SYN-FACE-02,left_eye,0.0
SYN-P-0423,professional,SYN-FACE-02,right_eye,0.06451879592928213
SYN-P-0423,professional,SYN-FACE-02,nose,0.6627201587841952
SYN-P-0423,professional,SYN-FACE-02,mouth,0.23945331762377775
SYN-P-0423,professional,SYN-FACE-02,other,0.0333077276627449
SYN-P-0423,professional,SYN-FACE-03,left_eye,0.3481827137455768
SYN-P-0423,professional,SYN-FACE-03,right_eye,0.30571789648156594
SYN-P-0423,professional,SYN-FACE-03,nose,0.13203445273951828
SYN-P-0423,professional,SYN-FACE-03,mouth,0.13675945492964622
SYN-P-0423,professional,SYN-FACE-03,other,0.07730548210369272
SYN-P-0424,professional,SYN-FACE-01,left_eye,0.259656459897931
SYN-P-0424,professional,SYN-FACE-01,right_eye,0.4554936807447635
SYN-P-0424,professional,SYN-FACE-01,nose,0.0
SYN-P-0424,professional,SYN-FACE-01,mouth,0.2553415714680534
SYN-P-0424,professional,SYN-FACE-01,other,0.029508287889252027
SYN-P-0424,professional,SYN-FACE-02,left_eye,0.17053812460726117
SYN-P-0424,professional,SYN-FACE-02,right_eye,0.37165720175474865
SYN-P-0424,professional,SYN-FACE-02,nose,0.06572917447862456
SYN-P-0424,professional,SYN-FACE-02,mouth,0.33888308751645474
SYN-P-0424,professional,SYN-FACE-02,other,0.05319241164291083
SYN-P-0424,professional,SYN-FACE-03,left_eye,0.28748278098398605
SYN-P-0424,professional,SYN-FACE-03,right_eye,0.22787572017244498
SYN-P-0424,professional,SYN-FACE-03,nose,0.39082009593234013
SYN-P-0424,professional,SYN-FACE-03,mouth,0.06363254330048569
SYN-P-0424,professional,SYN-FACE-03,other,0.03018885961074306
SYN-P-0425,professional,SYN-FACE-01,left_eye,0.2654956259319135
SYN-P-0425,professional,SYN-FACE-01,right_eye,0.38839992741077584
SYN-P-0425,professional,SYN-FACE-01,nose,0.05318622590901904
SYN-P-0425,professional,SYN-FACE-01,mouth,0.15064216711360925
SYN-P-0425,professional,SYN-FACE-01,other,0.14227605363468243
SYN-P-0425,professional,SYN-FACE-02,left_eye,0.14816636808319564
SYN-P-0425,professional,SYN-FACE-02,right_eye,0.20416332629059528
SYN-P-0425,professional,SYN-FACE-02,nose,0.2382399089113121
SYN-P-0425,professional,SYN-FACE-02,mouth,0.374793203742479
SYN-P-0425,professional,SYN-FACE-02,other,0.03463719297241802
SYN-P-0425,professional,SYN-FACE-03,left_eye,0.42829645907861813
SYN-P-0425,professional,SYN-FACE-03,right_eye,0.24093931407113048
SYN-P-0425,professional,SYN-FACE-03,nose,0.05607691746318152
SYN-P-0425,professional,SYN-FACE-03,mouth,0.049054097292365026
SYN-P-0425,professional,SYN-FACE-03,other,0.22563321209470494
SYN-P-0426,professional,SYN-FACE-01,left_eye,0.13494312728591598
SYN-P-0426,professional,SYN-FACE-01,right_eye,0.35367655178283247
SYN-P-0426,professional,SYN-FACE-01,nose,0.24672633214839246
SYN-P-0426,professional,SYN-FACE-01,mouth,0.17423938111783138
SYN-P-0426,professional,SYN-FACE-01,other,0.09041460766502761
SYN-P-0426,professional,SYN-FACE-02,left_eye,0.36451724547541
SYN-P-0426,professional,SYN-FACE-02,right_eye,0.2647886780329463
SYN-P-0426,professional,SYN-FACE-02,nose,0.0
SYN-P-0426,professional,SYN-FACE-02,mouth,0.3706940764916437
SYN-P-0426,professional,SYN-FACE-02,other,0.0
SYN-P-0426,professional,SYN-FACE-03,left_eye,0.3373929358121024
SYN-P-0426,professional,SYN-FACE-03,right_eye,0.36245790755810725
SYN-P-0426,professional,SYN-FACE-03,nose,0.06415730775937334
SYN-P-0426,professional,SYN-FACE-03,mouth,0.23599184887041696
SYN-P-0426,professional,SYN-FACE-03,other,0.0
SYN-P-0427,professional,SYN-FACE-01,left_eye,0.307122793022275
SYN-P-0427,professional,SYN-FACE-01,right_eye,0.12432223863666991
SYN-P-0427,professional,SYN-FACE-01,nose,0.10373673948136701
SYN-P-0427,professional,SYN-FACE-01,mouth,0.36306722494053867
SYN-P-0427,professional,SYN-FACE-01,other,0.10175100391914939
SYN-P-0427,professional,SYN-FACE-02,left_eye,0.22838707239317851
SYN-P-0427,professional,SYN-FACE-02,right_eye,0.1972247764749943
SYN-P-0427,professional,SYN-FACE-02,nose,0.07381383406383983
SYN-P-0427,professional,SYN-FACE-02,mouth,0.40959451157533766
SYN-P-0427,professional,SYN-FACE-02,other,0.09097980549264967
SYN-P-0427,professional,SYN-FACE-03,left_eye,0.17094866540946949
SYN-P-0427,professional,SYN-FACE-03,right_eye,0.28309676422572133
SYN-P-0427,professional,SYN-FACE-03,nose,0.3066999334156153
SYN-P-0427,professional,SYN-FACE-03,mouth,0.19289979585089656
SYN-P-0427,professional,SYN-FACE-03,other,0.04635484109829732
SYN-P-0428,professional,SYN-FACE-01,left_eye,0.3330972236207075
SYN-P-0428,professional,SYN-FACE-01,right_eye,0.20633725122316748
SYN-P-0428,professional,SYN-FACE-01,nose,0.1212920297553087
SYN-P-0428,professional,SYN-FACE-01,mouth,0.20120754380076805
SYN-P-0428,professional,SYN-FACE-01,other,0.13806595160004823
SYN-P-0428,professional,SYN-FACE-02,left_eye,0.12241831985978992
SYN-P-0428,professional,SYN-FACE-02,right_eye,0.20950916696026556
SYN-P-0428,professional,SYN-FACE-02,nose,0.35762606150810905
SYN-P-0428,professional,SYN-FACE-02,mouth,0.19420293395032784
SYN-P-0428,professional,SYN-FACE-02,other,0.1162435177215077
SYN-P-0428,professional,SYN-FACE-03,left_eye,0.32423259086142264
SYN-P-0428,professional,SYN-FACE-03,right_eye,0.29791312741737097
SYN-P-0428,professional,SYN-FACE-03,nose,0.14779554869570571
SYN-P-0428,professional,SYN-FACE-03,mouth,0.1594762770117442
SYN-P-0428,professional,SYN-FACE-03,other,0.07058245601375641
SYN-P-0429,professional,SYN-FACE-01,left_eye,0.37542996407234475
SYN-P-0429,professional,SYN-FACE-01,right_eye,0.282908369859699
SYN-P-0429,professional,SYN-FACE-01,nose,0.04818317010974122
SYN-P-0429,professional,SYN-FACE-01,mouth,0.15111355600554974
SYN-P-0429,professional,SYN-FACE-01,other,0.14236493995266522
SYN-P-0429,professional,SYN-FACE-02,left_eye,0.3654596396778459
SYN-P-0429,professional,SYN-FACE-02,right_eye,0.14093283551924027
SYN-P-0429,professional,SYN-FACE-02,nose,0.18585758078590728
SYN-P-0429,professional,SYN-FACE-02,mouth,0.27791972453721925
SYN-P-0429,professional,SYN-FACE-02,other,0.029830219479787368
SYN-P-0429,professional,SYN-FACE-03,left_eye,0.17947767085292468
SYN-P-0429,professional,SYN-FACE-03,right_eye,0.2171825791541444
SYN-P-0429,professional,SYN-FACE-03,nose,0.20409044048779804
SYN-P-0429,professional,SYN-FACE-03,mouth,0.18538678598970784
SYN-P-0429,professional,SYN-FACE-03,other,0.21386252351542506
SYN-P-0430,professional,SYN-FACE-01,left_eye,0.2594623138054051
SYN-P-0430,professional,SYN-FACE-01,right_eye,0.11199138807537426
SYN-P-0430,professional,SYN-FACE-01,nose,0.22916301654329232
SYN-P-0430,professional,SYN-FACE-01,mouth,0.2735272652862913
SYN-P-0430,professional,SYN-FACE-01,other,0.125856016289637
SYN-P-0430,professional,SYN-FACE-02,left_eye,0.10579055430183541
SYN-P-0430,professional,SYN-FACE-02,right_eye,0.14628179383524068
SYN-P-0430,professional,SYN-FACE-02,nose,0.22069267858615194
SYN-P-0430,professional,SYN-FACE-02,mouth,0.4332741102507716
SYN-P-0430,professional,SYN-FACE-02,other,0.09396086302600029
SYN-P-0430,professional,SYN-FACE-03,left_eye,0.23129589322921162
SYN-P-0430,professional,SYN-FACE-03,right_eye,0.20712631223040995
SYN-P-0430,professional,SYN-FACE-03,nose,0.16717999033636088
SYN-P-0430,professional,SYN-FACE-03,mouth,0.36921123556094654
SYN-P-0430,professional,SYN-FACE-03,other,0.025186568643070995
SYN-P-0431,professional,SYN-FACE-01,left_eye,0.11425286474326793
SYN-P-0431,professional,SYN-FACE-01,right_eye,0.3123562062202007
SYN-P-0431,professional,SYN-FACE-01,nose,0.2028147587648042
SYN-P-0431,professional,SYN-FACE-01,mouth,0.28674600879976114
SYN-P-0431,professional,SYN-FACE-01,other,0.08383016147196606
SYN-P-0431,professional,SYN-FACE-02,left_eye,0.25127639677905994
SYN-P-0431,professional,SYN-FACE-02,right_eye,0.1195950752385372
SYN-P-0431,professional,SYN-FACE-02,nose,0.3107084770047282
SYN-P-0431,professional,SYN-FACE-02,mouth,0.28759237133155924
SYN-P-0431,professional,SYN-FACE-02,other,0.030827679646115342
SYN-P-0431,professional,SYN-FACE-03,left_eye,0.3032309587420087
SYN-P-0431,professional,SYN-FACE-03,right_eye,0.40299823911566746
SYN-P-0431,professional,SYN-FACE-03,nose,0.14330727012894767
SYN-P-0431,professional,SYN-FACE-03,mouth,0.1504635320133762
SYN-P-0431,professional,SYN-FACE-03,other,0.0
SYN-P-0432,professional,SYN-FACE-01,left_eye,0.4471856486449246
SYN-P-0432,professional,SYN-FACE-01,right_eye,0.1624805925669952
SYN-P-0432,professional,SYN-FACE-01,nose,0.13662085367700258
SYN-P-0432,professional,SYN-FACE-01,mouth,0.15698456103224726
SYN-P-0432,professional,SYN-FACE-01,other,0.09672834407883034
SYN-P-0432,professional,SYN-FACE-02,left_eye,0.22790526284375662
SYN-P-0432,professional,SYN-FACE-02,right_eye,0.22221569303643407
SYN-P-0432,professional,SYN-FACE-02,nose,0.3260950989660487
SYN-P-0432,professional,SYN-FACE-02,mouth,0.20091265358919208
SYN-P-0432,professional,SYN-FACE-02,other,0.022871291564568578
SYN-P-0432,professional,SYN-FACE-03,left_eye,0.28168069470174095
SYN-P-0432,professional,SYN-FACE-03,right_eye,0.07136314448971538
SYN-P-0432,professional,SYN-FACE-03,nose,0.25443941395260145
SYN-P-0432,professional,SYN-FACE-03,mouth,0.20499548019562505
SYN-P-0432,professional,SYN-FACE-03,other,0.1875212666603171
SYN-P-0433,professional,SYN-FACE-01,left_eye,0.246986389145729
SYN-P-0433,professional,SYN-FACE-01,right_eye,0.4434496059050691
SYN-P-0433,professional,SYN-FACE-01,nose,0.08257232946365371
SYN-P-0433,professional,SYN-FACE-01,mouth,0.06744451791492578
SYN-P-0433,professional,SYN-FACE-01,other,0.15954715757062243
SYN-P-0433,professional,SYN-FACE-02,left_eye,0.25861814498056784
SYN-P-0433,professional,SYN-FACE-02,right_eye,0.23792219174952037
SYN-P-0433,professional,SYN-FACE-02,nose,0.08051639409394538
SYN-P-0433,professional,SYN-FACE-02,mouth,0.27982449078305893
SYN-P-0433,professional,SYN-FACE-02,other,0.14311877839290754
SYN-P-0433,professional,SYN-FACE-03,left_eye,0.3688443804978281
SYN-P-0433,professional,SYN-FACE-03,right_eye,0.3136624181877586
SYN-P-0433,professional,SYN-FACE-03,nose,0.18553757877210933
SYN-P-0433,professional,SYN-FACE-03,mouth,0.131955622542304
SYN-P-0433,professional,SYN-FACE-03,other,0.0
SYN-P-0434,professional,SYN-FACE-01,left_eye,0.18040040325499856
SYN-P-0434,professional,SYN-FACE-01,right_eye,0.1977468089215082
SYN-P-0434,professional,SYN-FACE-01,nose,0.31836421960234446
SYN-P-0434,professional,SYN-FACE-01,mouth,0.26289792251315897
SYN-P-0434,professional,SYN-FACE-01,other,0.040590645707989835
SYN-P-0434,professional,SYN-FACE-02,left_eye,0.11826214059523936
SYN-P-0434,professional,SYN-FACE-02,right_eye,0.309187921674126
SYN-P-0434,professional,SYN-FACE-02,nose,0.2677874586121563
SYN-P-0434,professional,SYN-FACE-02,mouth,0.21594912310464795
SYN-P-0434,professional,SYN-FACE-02,other,0.08881335601383046
SYN-P-0434,professional,SYN-FACE-03,left_eye,0.3112135604533586
SYN-P-0434,professional,SYN-FACE-03,right_eye,0.329676190702543
SYN-P-0434,professional,SYN-FACE-03,nose,0.15726880046532088
SYN-P-0434,professional,SYN-FACE-03,mouth,0.20184144837877752
SYN-P-0434,professional,SYN-FACE-03,other,0.0
SYN-P-0435,professional,SYN-FACE-01,left_eye,0.17223897845266495
SYN-P-0435,professional,SYN-FACE-01,right_eye,0.3245044292654354
SYN-P-0435,professional,SYN-FACE-01,nose,0.3356991441486828
SYN-P-0435,professional,SYN-FACE-01,mouth,0.05528885675254572
SYN-P-0435,professional,SYN-FACE-01,other,0.11226859138067109
SYN-P-0435,professional,SYN-FACE-02,left_eye,0.035286194809532226
SYN-P-0435,professional,SYN-FACE-02,right_eye,0.23898080410371672
SYN-P-0435,professional,SYN-FACE-02,nose,0.1520754159236453
SYN-P-0435,professional,SYN-FACE-02,mouth,0.42814136414971116
SYN-P-0435,professional,SYN-FACE-02,other,0.1455162210133946
SYN-P-0435,professional,SYN-FACE-03,left_eye,0.46108066198386916
SYN-P-0435,professional,SYN-FACE-03,right_eye,0.27385473298214197
SYN-P-0435,professional,SYN-FACE-03,nose,0.12983434448843637
SYN-P-0435,professional,SYN-FACE-03,mouth,0.06595871058302542
SYN-P-0435,professional,SYN-FACE-03,other,0.06927154996252706
SYN-P-0436,professional,SYN-FACE-01,left_eye,0.18724300793416085
SYN-P-0436,professional,SYN-FACE-01,right_eye,0.23623889093138678
SYN-P-0436,professional,SYN-FACE-01,nose,0.388195649624736
SYN-P-0436,professional,SYN-FACE-01,mouth,0.040460600611215015
SYN-P-0436,professional,SYN-FACE-01,other,0.14786185089850137
SYN-P-0436,professional,SYN-FACE-02,left_eye,0.1420162804360389
SYN-P-0436,professional,SYN-FACE-02,right_eye,0.15634685851721966
SYN-P-0436,professional,SYN-FACE-02,nose,0.21512628313480864
SYN-P-0436,professional,SYN-FACE-02,mouth,0.48651057791193286
SYN-P-0436,professional,SYN-FACE-02,other,0.0
SYN-P-0436,professional,SYN-FACE-03,left_eye,0.2631334638458937
SYN-P-0436,professional,SYN-FACE-03,right_eye,0.120630955069203
SYN-P-0436,professional,SYN-FACE-03,nose,0.2760054671424605
SYN-P-0436,professional,SYN-FACE-03,mouth,0.23103273637380095
SYN-P-0436,professional,SYN-FACE-03,other,0.10919737756864197
SYN-P-0437,professional,SYN-FACE-01,left_eye,0.19602611495144642
SYN-P-0437,professional,SYN-FACE-01,right_eye,0.2712627882226319
SYN-P-0437,professional,SYN-FACE-01,nose,0.32609853186358545
SYN-P-0437,professional,SYN-FACE-01,mouth,0.09995387209423455
SYN-P-0437,professional,SYN-FACE-01,other,0.10665869286810173
SYN-P-0437,professional,SYN-FACE-02,left_eye,0.38484220920079204
SYN-P-0437,professional,SYN-FACE-02,right_eye,0.04680900726615767
SYN-P-0437,professional,SYN-FACE-02,nose,0.09032662343704247
SYN-P-0437,professional,SYN-FACE-02,mouth,0.3556376652019272
SYN-P-0437,professional,SYN-FACE-02,other,0.12238449489408064
SYN-P-0437,professional,SYN-FACE-03,left_eye,0.0673895933913115
SYN-P-0437,professional,SYN-FACE-03,right_eye,0.22592062116311906
SYN-P-0437,professional,SYN-FACE-03,nose,0.24985673429354888
SYN-P-0437,professional,SYN-FACE-03,mouth,0.3603484432481021
SYN-P-0437,professional,SYN-FACE-03,other,0.09648460790391848
SYN-P-0438,professional,SYN-FACE-01,left_eye,0.13944955353514532
SYN-P-0438,professional,SYN-FACE-01,right_eye,0.5793831202541965
SYN-P-0438,professional,SYN-FACE-01,nose,0.0738229534446371
SYN-P-0438,professional,SYN-FACE-01,mouth,0.14940619138596295
SYN-P-0438,professional,SYN-FACE-01,other,0.05793818138005818
SYN-P-0438,professional,SYN-FACE-02,left_eye,0.24248888491557513
SYN-P-0438,professional,SYN-FACE-02,right_eye,0.23582445447910552
SYN-P-0438,professional,SYN-FACE-02,nose,0.2556030464658544
SYN-P-0438,professional,SYN-FACE-02,mouth,0.18637418513847692
SYN-P-0438,professional,SYN-FACE-02,other,0.07970942900098796
SYN-P-0438,professional,SYN-FACE-03,left_eye,0.3526184372602854
SYN-P-0438,professional,SYN-FACE-03,right_eye,0.1180371901453977
SYN-P-0438,professional,SYN-FACE-03,nose,0.15771949170418886
SYN-P-0438,professional,SYN-FACE-03,mouth,0.3716248808901281
SYN-P-0438,professional,SYN-FACE-03,other,0.0
SYN-P-0439,professional,SYN-FACE-01,left_eye,0.2828598813463688
SYN-P-0439,professional,SYN-FACE-01,right_eye,0.11316701309515564
SYN-P-0439,professional,SYN-FACE-01,nose,0.3644163764094828
SYN-P-0439,professional,SYN-FACE-01,mouth,0.20024341589130873
SYN-P-0439,professional,SYN-FACE-01,other,0.03931331325768407
SYN-P-0439,professional,SYN-FACE-02,left_eye,0.2156562065322304
SYN-P-0439,professional,SYN-FACE-02,right_eye,0.348810953566333
SYN-P-0439,professional,SYN-FACE-02,nose,0.21470425036329027
SYN-P-0439,professional,SYN-FACE-02,mouth,0.09294322696372022
SYN-P-0439,professional,SYN-FACE-02,other,0.12788536257442604
SYN-P-0439,professional,SYN-FACE-03,left_eye,0.5048350373691796
SYN-P-0439,professional,SYN-FACE-03,right_eye,0.0
SYN-P-0439,professional,SYN-FACE-03,nose,0.3126060928543064
SYN-P-0439,professional,SYN-FACE-03,mouth,0.18255886977651403
SYN-P-0439,professional,SYN-FACE-03,other,0.0
SYN-P-0440,professional,SYN-FACE-01,left_eye,0.1975862664064874
SYN-P-0440,professional,SYN-FACE-01,right_eye,0.22477796912091294
SYN-P-0440,professional,SYN-FACE-01,nose,0.2285308642407746
SYN-P-0440,professional,SYN-FACE-01,mouth,0.2810840222788522
SYN-P-0440,professional,SYN-FACE-01,other,0.06802087795297279
SYN-P-0440,professional,SYN-FACE-02,left_eye,0.1571992750193159
SYN-P-0440,professional,SYN-FACE-02,right_eye,0.35877699437886595
SYN-P-0440,professional,SYN-FACE-02,nose,0.11066592820871932
SYN-P-0440,professional,SYN-FACE-02,mouth,0.34025268445793944
SYN-P-0440,professional,SYN-FACE-02,other,0.03310511793515942
SYN-P-0440,professional,SYN-FACE-03,left_eye,0.2361682775387796
SYN-P-0440,professional,SYN-FACE-03,right_eye,0.17276235227095865
SYN-P-0440,professional,SYN-FACE-03,nose,0.25524463695040056
SYN-P-0440,professional,SYN-FACE-03,mouth,0.2032297096183551
SYN-P-0440,professional,SYN-FACE-03,other,0.13259502362150608
SYN-P-0441,professional,SYN-FACE-01,left_eye,0.2376934243629829
SYN-P-0441,professional,SYN-FACE-01,right_eye,0.16020287007804815
SYN-P-0441,professional,SYN-FACE-01,nose,0.27836097120638154
SYN-P-0441,professional,SYN-FACE-01,mouth,0.23956285600756938
SYN-P-0441,professional,SYN-FACE-01,other,0.08417987834501797
SYN-P-0441,professional,SYN-FACE-02,left_eye,0.3191071360845669
SYN-P-0441,professional,SYN-FACE-02,right_eye,0.17633076030902262
SYN-P-0441,professional,SYN-FACE-02,nose,0.22140304364371421
SYN-P-0441,professional,SYN-FACE-02,mouth,0.24976697386379426
SYN-P-0441,professional,SYN-FACE-02,other,0.03339208609890201
SYN-P-0441,professional,SYN-FACE-03,left_eye,0.33371050452818896
SYN-P-0441,professional,SYN-FACE-03,right_eye,0.23512688906501156
SYN-P-0441,professional,SYN-FACE-03,nose,0.09662782383197174
SYN-P-0441,professional,SYN-FACE-03,mouth,0.22609379750513028
SYN-P-0441,professional,SYN-FACE-03,other,0.1084409850696975
SYN-P-0442,professional,SYN-FACE-01,left_eye,0.16394567001188803
SYN-P-0442,professional,SYN-FACE-01,right_eye,0.4007472768886994
SYN-P-0442,professional,SYN-FACE-01,nose,0.25667866527706573
SYN-P-0442,professional,SYN-FACE-01,mouth,0.12361317246740751
SYN-P-0442,professional,SYN-FACE-01,other,0.05501521535493928
SYN-P-0442,professional,SYN-FACE-02,left_eye,0.10303758595619826
SYN-P-0442,professional,SYN-FACE-02,right_eye,0.33255922408055516
SYN-P-0442,professional,SYN-FACE-02,nose,0.2949927439261779
SYN-P-0442,professional,SYN-FACE-02,mouth,0.26941044603706865
SYN-P-0442,professional,SYN-FACE-02,other,0.0
SYN-P-0442,professional,SYN-FACE-03,left_eye,0.3658230523386022
SYN-P-0442,professional,SYN-FACE-03,right_eye,0.36492520971998865
SYN-P-0442,professional,SYN-FACE-03,nose,0.16987353576930975
SYN-P-0442,professional,SYN-FACE-03,mouth,0.053816002649919856
SYN-P-0442,professional,SYN-FACE-03,other,0.045562199522179485
SYN-P-0443,professional,SYN-FACE-01,left_eye,0.15695690213364646
SYN-P-0443,professional,SYN-FACE-01,right_eye,0.2823427713672017
SYN-P-0443,professional,SYN-FACE-01,nose,0.18943717821440303
SYN-P-0443,professional,SYN-FACE-01,mouth,0.2811098736782608
SYN-P-0443,professional,SYN-FACE-01,other,0.09015327460648793
SYN-P-0443,professional,SYN-FACE-02,left_eye,0.3668469654855559
SYN-P-0443,professional,SYN-FACE-02,right_eye,0.22372367498838386
SYN-P-0443,professional,SYN-FACE-02,nose,0.2503295392579146
SYN-P-0443,professional,SYN-FACE-02,mouth,0.13232300908290748
SYN-P-0443,professional,SYN-FACE-02,other,0.026776811185238104
SYN-P-0443,professional,SYN-FACE-03,left_eye,0.3573152797544416
SYN-P-0443,professional,SYN-FACE-03,right_eye,0.2437472528521234
SYN-P-0443,professional,SYN-FACE-03,nose,0.1368400315647342
SYN-P-0443,professional,SYN-FACE-03,mouth,0.20312245571679355
SYN-P-0443,professional,SYN-FACE-03,other,0.058974980111907195
SYN-P-0444,professional,SYN-FACE-01,left_eye,0.35355475465551395
SYN-P-0444,professional,SYN-FACE-01,right_eye,0.13112222176584593
SYN-P-0444,professional,SYN-FACE-01,nose,0.1967378277199211
SYN-P-0444,professional,SYN-FACE-01,mouth,0.1697930565190398
SYN-P-0444,professional,SYN-FACE-01,other,0.14879213933967914
SYN-P-0444,professional,SYN-FACE-02,left_eye,0.17702466759136523
SYN-P-0444,professional,SYN-FACE-02,right_eye,0.41121820297129186
SYN-P-0444,professional,SYN-FACE-02,nose,0.11078585776849395
SYN-P-0444,professional,SYN-FACE-02,mouth,0.300971271668849
SYN-P-0444,professional,SYN-FACE-02,other,0.0
SYN-P-0444,professional,SYN-FACE-03,left_eye,0.30983115453049237
SYN-P-0444,professional,SYN-FACE-03,right_eye,0.248929761143859
SYN-P-0444,professional,SYN-FACE-03,nose,0.17642973648730872
SYN-P-0444,professional,SYN-FACE-03,mouth,0.2085013077718059
SYN-P-0444,professional,SYN-FACE-03,other,0.056308040066534
SYN-P-0445,professional,SYN-FACE-01,left_eye,0.40994106312202805
SYN-P-0445,professional,SYN-FACE-01,right_eye,0.09280696137882938
SYN-P-0445,professional,SYN-FACE-01,nose,0.11329427201269393
SYN-P-0445,professional,SYN-FACE-01,mouth,0.28028882851264325
SYN-P-0445,professional,SYN-FACE-01,other,0.10366887497380542
SYN-P-0445,professional,SYN-FACE-02,left_eye,0.18772871754300036
SYN-P-0445,professional,SYN-FACE-02,right_eye,0.24906485489648533
SYN-P-0445,professional,SYN-FACE-02,nose,0.2991877540128326
SYN-P-0445,professional,SYN-FACE-02,mouth,0.2292091442695284
SYN-P-0445,professional,SYN-FACE-02,other,0.03480952927815325
SYN-P-0445,professional,SYN-FACE-03,left_eye,0.23969120254123044
SYN-P-0445,professional,SYN-FACE-03,right_eye,0.23176182225214273
SYN-P-0445,professional,SYN-FACE-03,nose,0.1741985704610722
SYN-P-0445,professional,SYN-FACE-03,mouth,0.2914823800487934
SYN-P-0445,professional,SYN-FACE-03,other,0.06286602469676122
SYN-P-0446,professional,SYN-FACE-01,left_eye,0.38502860710845394
SYN-P-0446,professional,SYN-FACE-01,right_eye,0.275894234652917
SYN-P-0446,professional,SYN-FACE-01,nose,0.22009354015375468
SYN-P-0446,professional,SYN-FACE-01,mouth,0.11898361808487443
SYN-P-0446,professional,SYN-FACE-01,other,0.0
SYN-P-0446,professional,SYN-FACE-02,left_eye,0.16461343470605164
SYN-P-0446,professional,SYN-FACE-02,right_eye,0.1661853208252403
SYN-P-0446,professional,SYN-FACE-02,nose,0.30302792728612615
SYN-P-0446,professional,SYN-FACE-02,mouth,0.25874777616795996
SYN-P-0446,professional,SYN-FACE-02,other,0.10742554101462196
SYN-P-0446,professional,SYN-FACE-03,left_eye,0.28453039343783165
SYN-P-0446,professional,SYN-FACE-03,right_eye,0.2113939160173134
SYN-P-0446,professional,SYN-FACE-03,nose,0.24810279002957725
SYN-P-0446,professional,SYN-FACE-03,mouth,0.14408115959211645
SYN-P-0446,professional,SYN-FACE-03,other,0.11189174092316119
SYN-P-0447,professional,SYN-FACE-01,left_eye,0.22677764226378183
SYN-P-0447,professional,SYN-FACE-01,right_eye,0.5180366725333923
SYN-P-0447,professional,SYN-FACE-01,nose,0.03345303901826872
SYN-P-0447,professional,SYN-FACE-01,mouth,0.22173264618455713
SYN-P-0447,professional,SYN-FACE-01,other,0.0
SYN-P-0447,professional,SYN-FACE-02,left_eye,0.22936083224773113
SYN-P-0447,professional,SYN-FACE-02,right_eye,0.141234960358122
SYN-P-0447,professional,SYN-FACE-02,nose,0.21369488694292188
SYN-P-0447,professional,SYN-FACE-02,mouth,0.3699812963687706
SYN-P-0447,professional,SYN-FACE-02,other,0.045728024082454403
SYN-P-0447,professional,SYN-FACE-03,left_eye,0.3167935913448184
SYN-P-0447,professional,SYN-FACE-03,right_eye,0.21697621100852357
SYN-P-0447,professional,SYN-FACE-03,nose,0.20359202515291844
SYN-P-0447,professional,SYN-FACE-03,mouth,0.2279668483451563
SYN-P-0447,professional,SYN-FACE-03,other,0.03467132414858337
SYN-P-0448,professional,SYN-FACE-01,left_eye,0.2370041523685767
SYN-P-0448,professional,SYN-FACE-01,right_eye,0.2955636555314348
SYN-P-0448,professional,SYN-FACE-01,nose,0.11735099700745186
SYN-P-0448,professional,SYN-FACE-01,mouth,0.2357012519821576
SYN-P-0448,professional,SYN-FACE-01,other,0.114379943110379
SYN-P-0448,professional,SYN-FACE-02,left_eye,0.2592913503849184
SYN-P-0448,professional,SYN-FACE-02,right_eye,0.08377117146444554
SYN-P-0448,professional,SYN-FACE-02,nose,0.2568904864670779
SYN-P-0448,professional,SYN-FACE-02,mouth,0.36321473643631974
SYN-P-0448,professional,SYN-FACE-02,other,0.036832255247238335
SYN-P-0448,professional,SYN-FACE-03,left_eye,0.3165606133300402
SYN-P-0448,professional,SYN-FACE-03,right_eye,0.2864163409355763
SYN-P-0448,professional,SYN-FACE-03,nose,0.0819234943637509
SYN-P-0448,professional,SYN-FACE-03,mouth,0.2881549484239022
SYN-P-0448,professional,SYN-FACE-03,other,0.026944602946730428
SYN-P-0449,professional,SYN-FACE-01,left_eye,0.3349163051044871
SYN-P-0449,professional,SYN-FACE-01,right_eye,0.1132636763097389
SYN-P-0449,professional,SYN-FACE-01,nose,0.32180914889283263
SYN-P-0449,professional,SYN-FACE-01,mouth,0.2300108696929413
SYN-P-0449,professional,SYN-FACE-01,other,0.0
SYN-P-0449,professional,SYN-FACE-02,left_eye,0.13169829511417658
SYN-P-0449,professional,SYN-FACE-02,right_eye,0.4790741728555866
SYN-P-0449,professional,SYN-FACE-02,nose,0.03681124589497267
SYN-P-0449,professional,SYN-FACE-02,mouth,0.23513545672653907
SYN-P-0449,professional,SYN-FACE-02,other,0.11728082940872507
SYN-P-0449,professional,SYN-FACE-03,left_eye,0.41209040680481973
SYN-P-0449,professional,SYN-FACE-03,right_eye,0.1019413540269361
SYN-P-0449,professional,SYN-FACE-03,nose,0.22071749614878633
SYN-P-0449,professional,SYN-FACE-03,mouth,0.2196710726924609
SYN-P-0449,professional,SYN-FACE-03,other,0.04557967032699696
SYN-P-0450,professional,SYN-FACE-01,left_eye,0.27386785183410156
SYN-P-0450,professional,SYN-FACE-01,right_eye,0.2454017081583294
SYN-P-0450,professional,SYN-FACE-01,nose,0.15312127100550355
SYN-P-0450,professional,SYN-FACE-01,mouth,0.3276091690020655
SYN-P-0450,professional,SYN-FACE-01,other,0.0
SYN-P-0450,professional,SYN-FACE-02,left_eye,0.11163698679267262
SYN-P-0450,professional,SYN-FACE-02,right_eye,0.1325937008894544
SYN-P-0450,professional,SYN-FACE-02,nose,0.08344780188879496
SYN-P-0450,professional,SYN-FACE-02,mouth,0.515999827471568
SYN-P-0450,professional,SYN-FACE-02,other,0.15632168295751
SYN-P-0450,professional,SYN-FACE-03,left_eye,0.328342648818671
SYN-P-0450,professional,SYN-FACE-03,right_eye,0.28634143884574625
SYN-P-0450,professional,SYN-FACE-03,nose,0.1494366848952028
SYN-P-0450,professional,SYN-FACE-03,mouth,0.11636775603850451
SYN-P-0450,professional,SYN-FACE-03,other,0.11951147140187546
SYN-P-0451,professional,SYN-FACE-01,left_eye,0.2123410982187433
SYN-P-0451,professional,SYN-FACE-01,right_eye,0.3494972900569903
SYN-P-0451,professional,SYN-FACE-01,nose,0.21301753357293707
SYN-P-0451,professional,SYN-FACE-01,mouth,0.20163391173999473
SYN-P-0451,professional,SYN-FACE-01,other,0.023510166411334608
SYN-P-0451,professional,SYN-FACE-02,left_eye,0.09991133833966793
SYN-P-0451,professional,SYN-FACE-02,right_eye,0.11127092718465935
SYN-P-0451,professional,SYN-FACE-02,nose,0.295639530832816
SYN-P-0451,professional,SYN-FACE-02,mouth,0.46967564424479896
SYN-P-0451,professional,SYN-FACE-02,other,0.023502559398057687
SYN-P-0451,professional,SYN-FACE-03,left_eye,0.27075914011263397
SYN-P-0451,professional,SYN-FACE-03,right_eye,0.1282013834825625
SYN-P-0451,professional,SYN-FACE-03,nose,0.21399485741423677
SYN-P-0451,professional,SYN-FACE-03,mouth,0.20184763669941813
SYN-P-0451,professional,SYN-FACE-03,other,0.18519698229114862
SYN-P-0452,professional,SYN-FACE-01,left_eye,0.23552970483594382
SYN-P-0452,professional,SYN-FACE-01,right_eye,0.26229305584063445
SYN-P-0452,professional,SYN-FACE-01,nose,0.03475363657170727
SYN-P-0452,professional,SYN-FACE-01,mouth,0.4674236027517146
SYN-P-0452,professional,SYN-FACE-01,other,0.0
SYN-P-0452,professional,SYN-FACE-02,left_eye,0.17173710576485007
SYN-P-0452,professional,SYN-FACE-02,right_eye,0.306595719668756
SYN-P-0452,professional,SYN-FACE-02,nose,0.1261406429103414
SYN-P-0452,professional,SYN-FACE-02,mouth,0.30665260644098613
SYN-P-0452,professional,SYN-FACE-02,other,0.08887392521506647
SYN-P-0452,professional,SYN-FACE-03,left_eye,0.2859650684309388
SYN-P-0452,professional,SYN-FACE-03,right_eye,0.2461064386048355
SYN-P-0452,professional,SYN-FACE-03,nose,0.15515950107237322
SYN-P-0452,professional,SYN-FACE-03,mouth,0.3127689918918526
SYN-P-0452,professional,SYN-FACE-03,other,0.0
SYN-P-0453,professional,SYN-FACE-01,left_eye,0.3064163670886534
SYN-P-0453,professional,SYN-FACE-01,right_eye,0.3221574149390511
SYN-P-0453,professional,SYN-FACE-01,nose,0.18303180073719444
SYN-P-0453,professional,SYN-FACE-01,mouth,0.16064387759977589
SYN-P-0453,professional,SYN-FACE-01,other,0.027750539635325214
SYN-P-0453,professional,SYN-FACE-02,left_eye,0.39560184818031713
SYN-P-0453,professional,SYN-FACE-02,right_eye,0.0
SYN-P-0453,professional,SYN-FACE-02,nose,0.20732544714041334
SYN-P-0453,professional,SYN-FACE-02,mouth,0.3970727046792695
SYN-P-0453,professional,SYN-FACE-02,other,0.0
SYN-P-0453,professional,SYN-FACE-03,left_eye,0.11528055383691063
SYN-P-0453,professional,SYN-FACE-03,right_eye,0.3564344873076861
SYN-P-0453,professional,SYN-FACE-03,nose,0.39664140845930373
SYN-P-0453,professional,SYN-FACE-03,mouth,0.08353482439974817
SYN-P-0453,professional,SYN-FACE-03,other,0.048108725996351305
SYN-P-0454,professional,SYN-FACE-01,left_eye,0.18253149662356338
SYN-P-0454,professional,SYN-FACE-01,right_eye,0.15677573865116337
SYN-P-0454,professional,SYN-FACE-01,nose,0.11302870489824285
SYN-P-0454,professional,SYN-FACE-01,mouth,0.42310892470949946
SYN-P-0454,professional,SYN-FACE-01,other,0.12455513511753091
SYN-P-0454,professional,SYN-FACE-02,left_eye,0.3586818990720089
SYN-P-0454,professional,SYN-FACE-02,right_eye,0.07373323450070128
SYN-P-0454,professional,SYN-FACE-02,nose,0.19510132858654228
SYN-P-0454,professional,SYN-FACE-02,mouth,0.27455451269090253
SYN-P-0454,professional,SYN-FACE-02,other,0.09792902514984492
SYN-P-0454,professional,SYN-FACE-03,left_eye,0.4556183709587144
SYN-P-0454,professional,SYN-FACE-03,right_eye,0.10194546232786285
SYN-P-0454,professional,SYN-FACE-03,nose,0.25810169941336203
SYN-P-0454,professional,SYN-FACE-03,mouth,0.10199992979026605
SYN-P-0454,professional,SYN-FACE-03,other,0.08233453750979468
SYN-P-0455,professional,SYN-FACE-01,left_eye,0.32122299354836026
SYN-P-0455,professional,SYN-FACE-01,right_eye,0.03284083896540779
SYN-P-0455,professional,SYN-FACE-01,nose,0.17693589026967874
SYN-P-0455,professional,SYN-FACE-01,mouth,0.4690002772165532
SYN-P-0455,professional,SYN-FACE-01,other,0.0
SYN-P-0455,professional,SYN-FACE-02,left_eye,0.22621907282597845
SYN-P-0455,professional,SYN-FACE-02,right_eye,0.2070098022105049
SYN-P-0455,professional,SYN-FACE-02,nose,0.25686043998390384
SYN-P-0455,professional,SYN-FACE-02,mouth,0.17071691221426172
SYN-P-0455,professional,SYN-FACE-02,other,0.13919377276535108
SYN-P-0455,professional,SYN-FACE-03,left_eye,0.30325887187541123
SYN-P-0455,professional,SYN-FACE-03,right_eye,0.11220021942333815
SYN-P-0455,professional,SYN-FACE-03,nose,0.3562600843411261
SYN-P-0455,professional,SYN-FACE-03,mouth,0.16240727884922648
SYN-P-0455,professional,SYN-FACE-03,other,0.06587354551089808
SYN-P-0456,professional,SYN-FACE-01,left_eye,0.19450229086370757
SYN-P-0456,professional,SYN-FACE-01,right_eye,0.15151626547352487
SYN-P-0456,professional,SYN-FACE-01,nose,0.2432523973019122
SYN-P-0456,professional,SYN-FACE-01,mouth,0.21125697459469886
SYN-P-0456,professional,SYN-FACE-01,other,0.19947207176615647
SYN-P-0456,professional,SYN-FACE-02,left_eye,0.25635474323566215
SYN-P-0456,professional,SYN-FACE-02,right_eye,0.1523688803398318
SYN-P-0456,professional,SYN-FACE-02,nose,0.2867148052006262
SYN-P-0456,professional,SYN-FACE-02,mouth,0.25506462205585584
SYN-P-0456,professional,SYN-FACE-02,other,0.04949694916802397
SYN-P-0456,professional,SYN-FACE-03,left_eye,0.28465260801211084
SYN-P-0456,professional,SYN-FACE-03,right_eye,0.2459516700490238
SYN-P-0456,professional,SYN-FACE-03,nose,0.25264517278685256
SYN-P-0456,professional,SYN-FACE-03,mouth,0.21675054915201286
SYN-P-0456,professional,SYN-FACE-03,other,0.0
SYN-P-0457,professional,SYN-FACE-01,left_eye,0.25370034138662667
SYN-P-0457,professional,SYN-FACE-01,right_eye,0.11007134377159652
SYN-P-0457,professional,SYN-FACE-01,nose,0.2504990859098256
SYN-P-0457,professional,SYN-FACE-01,mouth,0.3092394550660412
SYN-P-0457,professional,SYN-FACE-01,other,0.07648977386590992
SYN-P-0457,professional,SYN-FACE-02,left_eye,0.10727974743942344
SYN-P-0457,professional,SYN-FACE-02,right_eye,0.2780451131300353
SYN-P-0457,professional,SYN-FACE-02,nose,0.3195566188872201
SYN-P-0457,professional,SYN-FACE-02,mouth,0.15257300969100493
SYN-P-0457,professional,SYN-FACE-02,other,0.14254551085231618
SYN-P-0457,professional,SYN-FACE-03,left_eye,0.19828404777321157
SYN-P-0457,professional,SYN-FACE-03,right_eye,0.24252455745264095
SYN-P-0457,professional,SYN-FACE-03,nose,0.3719091040415792
SYN-P-0457,professional,SYN-FACE-03,mouth,0.18728229073256827
SYN-P-0457,professional,SYN-FACE-03,other,0.0
SYN-P-0458,professional,SYN-FACE-01,left_eye,0.20769402114982055
SYN-P-0458,professional,SYN-FACE-01,right_eye,0.19375895179598543
SYN-P-0458,professional,SYN-FACE-01,nose,0.2850867509091321
SYN-P-0458,professional,SYN-FACE-01,mouth,0.2593936641831825
SYN-P-0458,professional,SYN-FACE-01,other,0.05406661196187942
SYN-P-0458,professional,SYN-FACE-02,left_eye,0.3292027908177272
SYN-P-0458,professional,SYN-FACE-02,right_eye,0.20555800216175998
SYN-P-0458,professional,SYN-FACE-02,nose,0.19805354496018165
SYN-P-0458,professional,SYN-FACE-02,mouth,0.24193656693241392
SYN-P-0458,professional,SYN-FACE-02,other,0.025249095127917315
SYN-P-0458,professional,SYN-FACE-03,left_eye,0.4466293761573965
SYN-P-0458,professional,SYN-FACE-03,right_eye,0.09063473437970289
SYN-P-0458,professional,SYN-FACE-03,nose,0.09142624427564695
SYN-P-0458,professional,SYN-FACE-03,mouth,0.23280999844240235
SYN-P-0458,professional,SYN-FACE-03,other,0.13849964674485135
SYN-P-0459,professional,SYN-FACE-01,left_eye,0.3915209233671253
SYN-P-0459,professional,SYN-FACE-01,right_eye,0.20056552989486043
SYN-P-0459,professional,SYN-FACE-01,nose,0.1625910830517517
SYN-P-0459,professional,SYN-FACE-01,mouth,0.17915834595024072
SYN-P-0459,professional,SYN-FACE-01,other,0.06616411773602181
SYN-P-0459,professional,SYN-FACE-02,left_eye,0.09824113893115699
SYN-P-0459,professional,SYN-FACE-02,right_eye,0.3571889839587131
SYN-P-0459,professional,SYN-FACE-02,nose,0.19949100140774373
SYN-P-0459,professional,SYN-FACE-02,mouth,0.27199552244955744
SYN-P-0459,professional,SYN-FACE-02,other,0.07308335325282866
SYN-P-0459,professional,SYN-FACE-03,left_eye,0.3758247008320575
SYN-P-0459,professional,SYN-FACE-03,right_eye,0.1987586313100874
SYN-P-0459,professional,SYN-FACE-03,nose,0.1481362308294809
SYN-P-0459,professional,SYN-FACE-03,mouth,0.08762590955048469
SYN-P-0459,professional,SYN-FACE-03,other,0.18965452747788955
SYN-P-0460,professional,SYN-FACE-01,left_eye,0.12859686070512133
SYN-P-0460,professional,SYN-FACE-01,right_eye,0.3972932039780049
SYN-P-0460,professional,SYN-FACE-01,nose,0.2599739965795501
SYN-P-0460,professional,SYN-FACE-01,mouth,0.16788041782242205
SYN-P-0460,professional,SYN-FACE-01,other,0.04625552091490162
SYN-P-0460,professional,SYN-FACE-02,left_eye,0.29120451444179196
SYN-P-0460,professional,SYN-FACE-02,right_eye,0.17011887962525318
SYN-P-0460,professional,SYN-FACE-02,nose,0.19205361505101393
SYN-P-0460,professional,SYN-FACE-02,mouth,0.1843993616331926
SYN-P-0460,professional,SYN-FACE-02,other,0.16222362924874828
SYN-P-0460,professional,SYN-FACE-03,left_eye,0.34428225174040605
SYN-P-0460,professional,SYN-FACE-03,right_eye,0.2232685662287124
SYN-P-0460,professional,SYN-FACE-03,nose,0.2659416182266467
SYN-P-0460,professional,SYN-FACE-03,mouth,0.13419956018979673
SYN-P-0460,professional,SYN-FACE-03,other,0.03230800361443813
SYN-P-0461,professional,SYN-FACE-01,left_eye,0.2305896774459732
SYN-P-0461,professional,SYN-FACE-01,right_eye,0.0898487393121516
SYN-P-0461,professional,SYN-FACE-01,nose,0.2632826305051036
SYN-P-0461,professional,SYN-FACE-01,mouth,0.36431237182201465
SYN-P-0461,professional,SYN-FACE-01,other,0.051966580914756956
SYN-P-0461,professional,SYN-FACE-02,left_eye,0.18775869577797208
SYN-P-0461,professional,SYN-FACE-02,right_eye,0.24416135512291975
SYN-P-0461,professional,SYN-FACE-02,nose,0.12476413246011524
SYN-P-0461,professional,SYN-FACE-02,mouth,0.2745535061282471
SYN-P-0461,professional,SYN-FACE-02,other,0.16876231051074594
SYN-P-0461,professional,SYN-FACE-03,left_eye,0.5621619826665235
SYN-P-0461,professional,SYN-FACE-03,right_eye,0.12467176568215588
SYN-P-0461,professional,SYN-FACE-03,nose,0.19499224242541988
SYN-P-0461,professional,SYN-FACE-03,mouth,0.04496162282733588
SYN-P-0461,professional,SYN-FACE-03,other,0.07321238639856477
SYN-P-0462,professional,SYN-FACE-01,left_eye,0.48811861103914617
SYN-P-0462,professional,SYN-FACE-01,right_eye,0.15658266787422578
SYN-P-0462,professional,SYN-FACE-01,nose,0.10753961891911692
SYN-P-0462,professional,SYN-FACE-01,mouth,0.19420057741591512
SYN-P-0462,professional,SYN-FACE-01,other,0.05355852475159603
SYN-P-0462,professional,SYN-FACE-02,left_eye,0.38367269581884117
SYN-P-0462,professional,SYN-FACE-02,right_eye,0.15777774594524166
SYN-P-0462,professional,SYN-FACE-02,nose,0.27749761981766513
SYN-P-0462,professional,SYN-FACE-02,mouth,0.18105193841825207
SYN-P-0462,professional,SYN-FACE-02,other,0.0
SYN-P-0462,professional,SYN-FACE-03,left_eye,0.3294768253056529
SYN-P-0462,professional,SYN-FACE-03,right_eye,0.22816533094038788
SYN-P-0462,professional,SYN-FACE-03,nose,0.17034821343626158
SYN-P-0462,professional,SYN-FACE-03,mouth,0.022048999846651318
SYN-P-0462,professional,SYN-FACE-03,other,0.24996063047104636
SYN-P-0463,professional,SYN-FACE-01,left_eye,0.3013918613178507
SYN-P-0463,professional,SYN-FACE-01,right_eye,0.1892882362921427
SYN-P-0463,professional,SYN-FACE-01,nose,0.2702725953079116
SYN-P-0463,professional,SYN-FACE-01,mouth,0.1613268095995832
SYN-P-0463,professional,SYN-FACE-01,other,0.07772049748251178
SYN-P-0463,professional,SYN-FACE-02,left_eye,0.036218241178192015
SYN-P-0463,professional,SYN-FACE-02,right_eye,0.13165420945832496
SYN-P-0463,professional,SYN-FACE-02,nose,0.445685015718611
SYN-P-0463,professional,SYN-FACE-02,mouth,0.35094469508980014
SYN-P-0463,professional,SYN-FACE-02,other,0.03549783855507184
SYN-P-0463,professional,SYN-FACE-03,left_eye,0.45259932278845605
SYN-P-0463,professional,SYN-FACE-03,right_eye,0.26595022573437566
SYN-P-0463,professional,SYN-FACE-03,nose,0.08769644127072551
SYN-P-0463,professional,SYN-FACE-03,mouth,0.1937540102064428
SYN-P-0463,professional,SYN-FACE-03,other,0.0
SYN-P-0464,professional,SYN-FACE-01,left_eye,0.36613208696545674
SYN-P-0464,professional,SYN-FACE-01,right_eye,0.2874361939109991
SYN-P-0464,professional,SYN-FACE-01,nose,0.25444981528605626
SYN-P-0464,professional,SYN-FACE-01,mouth,0.0919819038374878
SYN-P-0464,professional,SYN-FACE-01,other,0.0
SYN-P-0464,professional,SYN-FACE-02,left_eye,0.312512962260932
SYN-P-0464,professional,SYN-FACE-02,right_eye,0.27715586409067466
SYN-P-0464,professional,SYN-FACE-02,nose,0.28768556118042504
SYN-P-0464,professional,SYN-FACE-02,mouth,0.07103665174317728
SYN-P-0464,professional,SYN-FACE-02,other,0.05160896072479104
SYN-P-0464,professional,SYN-FACE-03,left_eye,0.3677093510695835
SYN-P-0464,professional,SYN-FACE-03,right_eye,0.0323637008077888
SYN-P-0464,professional,SYN-FACE-03,nose,0.35437320746741124
SYN-P-0464,professional,SYN-FACE-03,mouth,0.24555374065521654
SYN-P-0464,professional,SYN-FACE-03,other,0.0
SYN-P-0465,professional,SYN-FACE-01,left_eye,0.14337431580076793
SYN-P-0465,professional,SYN-FACE-01,right_eye,0.32136553783073174
SYN-P-0465,professional,SYN-FACE-01,nose,0.26463697300261013
SYN-P-0465,professional,SYN-FACE-01,mouth,0.24107336426649015
SYN-P-0465,professional,SYN-FACE-01,other,0.029549809099400054
SYN-P-0465,professional,SYN-FACE-02,left_eye,0.11406998069175606
SYN-P-0465,professional,SYN-FACE-02,right_eye,0.29551044018630035
SYN-P-0465,professional,SYN-FACE-02,nose,0.24521629132842146
SYN-P-0465,professional,SYN-FACE-02,mouth,0.3452032877935221
SYN-P-0465,professional,SYN-FACE-02,other,0.0
SYN-P-0465,professional,SYN-FACE-03,left_eye,0.13888187847532277
SYN-P-0465,professional,SYN-FACE-03,right_eye,0.35369420520422334
SYN-P-0465,professional,SYN-FACE-03,nose,0.198230350488025
SYN-P-0465,professional,SYN-FACE-03,mouth,0.2674195696924475
SYN-P-0465,professional,SYN-FACE-03,other,0.0417739961399814
SYN-P-0466,professional,SYN-FACE-01,left_eye,0.2573474134792059
SYN-P-0466,professional,SYN-FACE-01,right_eye,0.20361572811373901
SYN-P-0466,professional,SYN-FACE-01,nose,0.2335719813556424
SYN-P-0466,professional,SYN-FACE-01,mouth,0.30546487705141273
SYN-P-0466,professional,SYN-FACE-01,other,0.0
SYN-P-0466,professional,SYN-FACE-02,left_eye,0.19776847409931514
SYN-P-0466,professional,SYN-FACE-02,right_eye,0.1141422591493096
SYN-P-0466,professional,SYN-FACE-02,nose,0.2413281986523346
SYN-P-0466,professional,SYN-FACE-02,mouth,0.3681098038526577
SYN-P-0466,professional,SYN-FACE-02,other,0.07865126424638304
SYN-P-0466,professional,SYN-FACE-03,left_eye,0.46342760948045864
SYN-P-0466,professional,SYN-FACE-03,right_eye,0.1285421302408401
SYN-P-0466,professional,SYN-FACE-03,nose,0.19568238208360098
SYN-P-0466,professional,SYN-FACE-03,mouth,0.09402305339031798
SYN-P-0466,professional,SYN-FACE-03,other,0.11832482480478242
SYN-P-0467,professional,SYN-FACE-01,left_eye,0.18026390566164094
SYN-P-0467,professional,SYN-FACE-01,right_eye,0.5174417371327104
SYN-P-0467,professional,SYN-FACE-01,nose,0.09993735919977371
SYN-P-0467,professional,SYN-FACE-01,mouth,0.03418707944048408
SYN-P-0467,professional,SYN-FACE-01,other,0.16816991856539093
SYN-P-0467,professional,SYN-FACE-02,left_eye,0.2295252761346784
SYN-P-0467,professional,SYN-FACE-02,right_eye,0.11914993782541873
SYN-P-0467,professional,SYN-FACE-02,nose,0.11090904508238515
SYN-P-0467,professional,SYN-FACE-02,mouth,0.5404157409575178
SYN-P-0467,professional,SYN-FACE-02,other,0.0
SYN-P-0467,professional,SYN-FACE-03,left_eye,0.39031875545655215
SYN-P-0467,professional,SYN-FACE-03,right_eye,0.09355035841863453
SYN-P-0467,professional,SYN-FACE-03,nose,0.09572463046711492
SYN-P-0467,professional,SYN-FACE-03,mouth,0.3027373956434213
SYN-P-0467,professional,SYN-FACE-03,other,0.11766886001427714
SYN-P-0468,professional,SYN-FACE-01,left_eye,0.20603461550761595
SYN-P-0468,professional,SYN-FACE-01,right_eye,0.3182965973437349
SYN-P-0468,professional,SYN-FACE-01,nose,0.25918039227897455
SYN-P-0468,professional,SYN-FACE-01,mouth,0.13908827369352278
SYN-P-0468,professional,SYN-FACE-01,other,0.0774001211761518
SYN-P-0468,professional,SYN-FACE-02,left_eye,0.26574677126108104
SYN-P-0468,professional,SYN-FACE-02,right_eye,0.23039411806969912
SYN-P-0468,professional,SYN-FACE-02,nose,0.12595761781167067
SYN-P-0468,professional,SYN-FACE-02,mouth,0.3779014928575492
SYN-P-0468,professional,SYN-FACE-02,other,0.0
SYN-P-0468,professional,SYN-FACE-03,left_eye,0.5693507287504069
SYN-P-0468,professional,SYN-FACE-03,right_eye,0.18555202810541818
SYN-P-0468,professional,SYN-FACE-03,nose,0.17961849391962798
SYN-P-0468,professional,SYN-FACE-03,mouth,0.026287196428101484
SYN-P-0468,professional,SYN-FACE-03,other,0.03919155279644538
SYN-P-0469,professional,SYN-FACE-01,left_eye,0.14185105074538823
SYN-P-0469,professional,SYN-FACE-01,right_eye,0.16947984691858284
SYN-P-0469,professional,SYN-FACE-01,nose,0.40163845643196233
SYN-P-0469,professional,SYN-FACE-01,mouth,0.15377415825360288
SYN-P-0469,professional,SYN-FACE-01,other,0.1332564876504637
SYN-P-0469,professional,SYN-FACE-02,left_eye,0.26892534130216866
SYN-P-0469,professional,SYN-FACE-02,right_eye,0.0938938160284531
SYN-P-0469,professional,SYN-FACE-02,nose,0.16678622959503972
SYN-P-0469,professional,SYN-FACE-02,mouth,0.4068066118331386
SYN-P-0469,professional,SYN-FACE-02,other,0.06358800124119984
SYN-P-0469,professional,SYN-FACE-03,left_eye,0.4194853302531376
SYN-P-0469,professional,SYN-FACE-03,right_eye,0.39098312097006205
SYN-P-0469,professional,SYN-FACE-03,nose,0.07979101005906074
SYN-P-0469,professional,SYN-FACE-03,mouth,0.10974053871773963
SYN-P-0469,professional,SYN-FACE-03,other,0.0
SYN-P-0470,professional,SYN-FACE-01,left_eye,0.13518343645680853
SYN-P-0470,professional,SYN-FACE-01,right_eye,0.34082927914495276
SYN-P-0470,professional,SYN-FACE-01,nose,0.3638914941622598
SYN-P-0470,professional,SYN-FACE-01,mouth,0.16009579023597903
SYN-P-0470,professional,SYN-FACE-01,other,0.0
SYN-P-0470,professional,SYN-FACE-02,left_eye,0.16952895279267752
SYN-P-0470,professional,SYN-FACE-02,right_eye,0.2855017722942542
SYN-P-0470,professional,SYN-FACE-02,nose,0.07130297345208304
SYN-P-0470,professional,SYN-FACE-02,mouth,0.47366630146098515
SYN-P-0470,professional,SYN-FACE-02,other,0.0
SYN-P-0470,professional,SYN-FACE-03,left_eye,0.31419768806718323
SYN-P-0470,professional,SYN-FACE-03,right_eye,0.24191999624238958
SYN-P-0470,professional,SYN-FACE-03,nose,0.20004260351322653
SYN-P-0470,professional,SYN-FACE-03,mouth,0.16829126999638092
SYN-P-0470,professional,SYN-FACE-03,other,0.07554844218081973
SYN-P-0471,professional,SYN-FACE-01,left_eye,0.2511766624538909
SYN-P-0471,professional,SYN-FACE-01,right_eye,0.2928833521663404
SYN-P-0471,professional,SYN-FACE-01,nose,0.0870085848636806
SYN-P-0471,professional,SYN-FACE-01,mouth,0.31638067021985555
SYN-P-0471,professional,SYN-FACE-01,other,0.05255073029623248
SYN-P-0471,professional,SYN-FACE-02,left_eye,0.15643748872434723
SYN-P-0471,professional,SYN-FACE-02,right_eye,0.2746631231500881
SYN-P-0471,professional,SYN-FACE-02,nose,0.2607253338825991
SYN-P-0471,professional,SYN-FACE-02,mouth,0.19180072131221837
SYN-P-0471,professional,SYN-FACE-02,other,0.11637333293074714
SYN-P-0471,professional,SYN-FACE-03,left_eye,0.22715289821795517
SYN-P-0471,professional,SYN-FACE-03,right_eye,0.40980737806621026
SYN-P-0471,professional,SYN-FACE-03,nose,0.1777818401349133
SYN-P-0471,professional,SYN-FACE-03,mouth,0.09226285372092789
SYN-P-0471,professional,SYN-FACE-03,other,0.09299502985999336
SYN-P-0472,professional,SYN-FACE-01,left_eye,0.4403086408446795
SYN-P-0472,professional,SYN-FACE-01,right_eye,0.26607807028862496
SYN-P-0472,professional,SYN-FACE-01,nose,0.08857370337044153
SYN-P-0472,professional,SYN-FACE-01,mouth,0.11748797652754249
SYN-P-0472,professional,SYN-FACE-01,other,0.08755160896871148
SYN-P-0472,professional,SYN-FACE-02,left_eye,0.2644788694158606
SYN-P-0472,professional,SYN-FACE-02,right_eye,0.2308033530590278
SYN-P-0472,professional,SYN-FACE-02,nose,0.09639109507603943
SYN-P-0472,professional,SYN-FACE-02,mouth,0.31293417703565074
SYN-P-0472,professional,SYN-FACE-02,other,0.09539250541342145
SYN-P-0472,professional,SYN-FACE-03,left_eye,0.2938227542584787
SYN-P-0472,professional,SYN-FACE-03,right_eye,0.08901276572775367
SYN-P-0472,professional,SYN-FACE-03,nose,0.3306008959956388
SYN-P-0472,professional,SYN-FACE-03,mouth,0.19236912369692588
SYN-P-0472,professional,SYN-FACE-03,other,0.09419446032120293
SYN-P-0473,professional,SYN-FACE-01,left_eye,0.10913627973895959
SYN-P-0473,professional,SYN-FACE-01,right_eye,0.29462507913447045
SYN-P-0473,professional,SYN-FACE-01,nose,0.4915330887582248
SYN-P-0473,professional,SYN-FACE-01,mouth,0.03665254438385943
SYN-P-0473,professional,SYN-FACE-01,other,0.06805300798448577
SYN-P-0473,professional,SYN-FACE-02,left_eye,0.16251957482641205
SYN-P-0473,professional,SYN-FACE-02,right_eye,0.15300623289631246
SYN-P-0473,professional,SYN-FACE-02,nose,0.15142029373231664
SYN-P-0473,professional,SYN-FACE-02,mouth,0.4972721540906085
SYN-P-0473,professional,SYN-FACE-02,other,0.03578174445435046
SYN-P-0473,professional,SYN-FACE-03,left_eye,0.30069821003693603
SYN-P-0473,professional,SYN-FACE-03,right_eye,0.14161354232901588
SYN-P-0473,professional,SYN-FACE-03,nose,0.2059321908447637
SYN-P-0473,professional,SYN-FACE-03,mouth,0.32080712594971766
SYN-P-0473,professional,SYN-FACE-03,other,0.03094893083956665
SYN-P-0474,professional,SYN-FACE-01,left_eye,0.2559827968674773
SYN-P-0474,professional,SYN-FACE-01,right_eye,0.1461849710689784
SYN-P-0474,professional,SYN-FACE-01,nose,0.4052142760134306
SYN-P-0474,professional,SYN-FACE-01,mouth,0.11630672364611816
SYN-P-0474,professional,SYN-FACE-01,other,0.07631123240399555
SYN-P-0474,professional,SYN-FACE-02,left_eye,0.07997362084040001
SYN-P-0474,professional,SYN-FACE-02,right_eye,0.2956766396229356
SYN-P-0474,professional,SYN-FACE-02,nose,0.2944682536807518
SYN-P-0474,professional,SYN-FACE-02,mouth,0.30000327681644384
SYN-P-0474,professional,SYN-FACE-02,other,0.029878209039468733
SYN-P-0474,professional,SYN-FACE-03,left_eye,0.3055067576616696
SYN-P-0474,professional,SYN-FACE-03,right_eye,0.14076912777874415
SYN-P-0474,professional,SYN-FACE-03,nose,0.13845984201835487
SYN-P-0474,professional,SYN-FACE-03,mouth,0.3686229720081478
SYN-P-0474,professional,SYN-FACE-03,other,0.046641300533083525
SYN-P-0475,professional,SYN-FACE-01,left_eye,0.12904821402202343
SYN-P-0475,professional,SYN-FACE-01,right_eye,0.11560458619943677
SYN-P-0475,professional,SYN-FACE-01,nose,0.4774266866498686
SYN-P-0475,professional,SYN-FACE-01,mouth,0.1810928319067557
SYN-P-0475,professional,SYN-FACE-01,other,0.0968276812219155
SYN-P-0475,professional,SYN-FACE-02,left_eye,0.320265540864539
SYN-P-0475,professional,SYN-FACE-02,right_eye,0.2246757821897624
SYN-P-0475,professional,SYN-FACE-02,nose,0.0952306956820175
SYN-P-0475,professional,SYN-FACE-02,mouth,0.3256245909636831
SYN-P-0475,professional,SYN-FACE-02,other,0.03420339029999795
SYN-P-0475,professional,SYN-FACE-03,left_eye,0.4743129310397358
SYN-P-0475,professional,SYN-FACE-03,right_eye,0.18076615015625638
SYN-P-0475,professional,SYN-FACE-03,nose,0.07052570983304558
SYN-P-0475,professional,SYN-FACE-03,mouth,0.21367869672015108
SYN-P-0475,professional,SYN-FACE-03,other,0.0607165122508112
SYN-P-0476,professional,SYN-FACE-01,left_eye,0.2932789540688177
SYN-P-0476,professional,SYN-FACE-01,right_eye,0.389346440507896
SYN-P-0476,professional,SYN-FACE-01,nose,0.1766654196881424
SYN-P-0476,professional,SYN-FACE-01,mouth,0.0750457220970848
SYN-P-0476,professional,SYN-FACE-01,other,0.06566346363805912
SYN-P-0476,professional,SYN-FACE-02,left_eye,0.14694784237590486
SYN-P-0476,professional,SYN-FACE-02,right_eye,0.39835608155600816
SYN-P-0476,professional,SYN-FACE-02,nose,0.09648511038151632
SYN-P-0476,professional,SYN-FACE-02,mouth,0.35821096568657057
SYN-P-0476,professional,SYN-FACE-02,other,0.0
SYN-P-0476,professional,SYN-FACE-03,left_eye,0.377579219192549
SYN-P-0476,professional,SYN-FACE-03,right_eye,0.18079254777716366
SYN-P-0476,professional,SYN-FACE-03,nose,0.11750626657475584
SYN-P-0476,professional,SYN-FACE-03,mouth,0.18014554084500797
SYN-P-0476,professional,SYN-FACE-03,other,0.14397642561052348
SYN-P-0477,professional,SYN-FACE-01,left_eye,0.23780667918020376
SYN-P-0477,professional,SYN-FACE-01,right_eye,0.18970353283954489
SYN-P-0477,professional,SYN-FACE-01,nose,0.22268762768131978
SYN-P-0477,professional,SYN-FACE-01,mouth,0.2782919297068815
SYN-P-0477,professional,SYN-FACE-01,other,0.07151023059205003
SYN-P-0477,professional,SYN-FACE-02,left_eye,0.07878219743541098
SYN-P-0477,professional,SYN-FACE-02,right_eye,0.3621538127415637
SYN-P-0477,professional,SYN-FACE-02,nose,0.24277975358718917
SYN-P-0477,professional,SYN-FACE-02,mouth,0.21981702059056338
SYN-P-0477,professional,SYN-FACE-02,other,0.0964672156452727
SYN-P-0477,professional,SYN-FACE-03,left_eye,0.2841593384540871
SYN-P-0477,professional,SYN-FACE-03,right_eye,0.09704474893415678
SYN-P-0477,professional,SYN-FACE-03,nose,0.1667469812248774
SYN-P-0477,professional,SYN-FACE-03,mouth,0.3008150693536745
SYN-P-0477,professional,SYN-FACE-03,other,0.15123386203320427
SYN-P-0478,professional,SYN-FACE-01,left_eye,0.3632810604739555
SYN-P-0478,professional,SYN-FACE-01,right_eye,0.10276189384217613
SYN-P-0478,professional,SYN-FACE-01,nose,0.25618171342036705
SYN-P-0478,professional,SYN-FACE-01,mouth,0.24227770718258365
SYN-P-0478,professional,SYN-FACE-01,other,0.03549762508091764
SYN-P-0478,professional,SYN-FACE-02,left_eye,0.2326303035466456
SYN-P-0478,professional,SYN-FACE-02,right_eye,0.32588300982428836
SYN-P-0478,professional,SYN-FACE-02,nose,0.10381838544714167
SYN-P-0478,professional,SYN-FACE-02,mouth,0.3376683011819244
SYN-P-0478,professional,SYN-FACE-02,other,0.0
SYN-P-0478,professional,SYN-FACE-03,left_eye,0.452699050483519
SYN-P-0478,professional,SYN-FACE-03,right_eye,0.066333914564898
SYN-P-0478,professional,SYN-FACE-03,nose,0.25402928526670243
SYN-P-0478,professional,SYN-FACE-03,mouth,0.22693774968488056
SYN-P-0478,professional,SYN-FACE-03,other,0.0
SYN-P-0479,professional,SYN-FACE-01,left_eye,0.10106464223800554
SYN-P-0479,professional,SYN-FACE-01,right_eye,0.39410589982559024
SYN-P-0479,professional,SYN-FACE-01,nose,0.21374903350426672
SYN-P-0479,professional,SYN-FACE-01,mouth,0.23045351070736797
SYN-P-0479,professional,SYN-FACE-01,other,0.06062691372476947
SYN-P-0479,professional,SYN-FACE-02,left_eye,0.0448515790135579
SYN-P-0479,professional,SYN-FACE-02,right_eye,0.3029094644670481
SYN-P-0479,professional,SYN-FACE-02,nose,0.34845253025125067
SYN-P-0479,professional,SYN-FACE-02,mouth,0.24239926336609005
SYN-P-0479,professional,SYN-FACE-02,other,0.061387162902053365
SYN-P-0479,professional,SYN-FACE-03,left_eye,0.45369828067194823
SYN-P-0479,professional,SYN-FACE-03,right_eye,0.34225738066918493
SYN-P-0479,professional,SYN-FACE-03,nose,0.14580282194234095
SYN-P-0479,professional,SYN-FACE-03,mouth,0.058241516716525894
SYN-P-0479,professional,SYN-FACE-03,other,0.0
SYN-P-0480,professional,SYN-FACE-01,left_eye,0.2139802753136582
SYN-P-0480,professional,SYN-FACE-01,right_eye,0.3500547369746688
SYN-P-0480,professional,SYN-FACE-01,nose,0.22768590270000805
SYN-P-0480,professional,SYN-FACE-01,mouth,0.15621862947455786
SYN-P-0480,professional,SYN-FACE-01,other,0.05206045553710709
SYN-P-0480,professional,SYN-FACE-02,left_eye,0.27845695898038286
SYN-P-0480,professional,SYN-FACE-02,right_eye,0.26108548495338796
SYN-P-0480,professional,SYN-FACE-02,nose,0.20723836422557418
SYN-P-0480,professional,SYN-FACE-02,mouth,0.19854815276726392
SYN-P-0480,professional,SYN-FACE-02,other,0.05467103907339118
SYN-P-0480,professional,SYN-FACE-03,left_eye,0.3345279455552887
SYN-P-0480,professional,SYN-FACE-03,right_eye,0.2069955318908859
SYN-P-0480,professional,SYN-FACE-03,nose,0.31707973200676937
SYN-P-0480,professional,SYN-FACE-03,mouth,0.029053179486557182
SYN-P-0480,professional,SYN-FACE-03,other,0.1123436110604988
SYN-P-0481,professional,SYN-FACE-01,left_eye,0.3492663139534596
SYN-P-0481,professional,SYN-FACE-01,right_eye,0.13436657274561858
SYN-P-0481,professional,SYN-FACE-01,nose,0.18753714950080466
SYN-P-0481,professional,SYN-FACE-01,mouth,0.2366962711173942
SYN-P-0481,professional,SYN-FACE-01,other,0.09213369268272292
SYN-P-0481,professional,SYN-FACE-02,left_eye,0.27830188063855343
SYN-P-0481,professional,SYN-FACE-02,right_eye,0.26363017856491
SYN-P-0481,professional,SYN-FACE-02,nose,0.09038355030584594
SYN-P-0481,professional,SYN-FACE-02,mouth,0.33140210442846796
SYN-P-0481,professional,SYN-FACE-02,other,0.036282286062222724
SYN-P-0481,professional,SYN-FACE-03,left_eye,0.3190949746253046
SYN-P-0481,professional,SYN-FACE-03,right_eye,0.17741620276562228
SYN-P-0481,professional,SYN-FACE-03,nose,0.2071575955336569
SYN-P-0481,professional,SYN-FACE-03,mouth,0.07009410701769755
SYN-P-0481,professional,SYN-FACE-03,other,0.22623712005771868
SYN-P-0482,professional,SYN-FACE-01,left_eye,0.35000658844312044
SYN-P-0482,professional,SYN-FACE-01,right_eye,0.2312509332977507
SYN-P-0482,professional,SYN-FACE-01,nose,0.1765325185610579
SYN-P-0482,professional,SYN-FACE-01,mouth,0.07540004087740812
SYN-P-0482,professional,SYN-FACE-01,other,0.1668099188206629
SYN-P-0482,professional,SYN-FACE-02,left_eye,0.1740175050000941
SYN-P-0482,professional,SYN-FACE-02,right_eye,0.22701778334490005
SYN-P-0482,professional,SYN-FACE-02,nose,0.3761723964892311
SYN-P-0482,professional,SYN-FACE-02,mouth,0.18930997303903713
SYN-P-0482,professional,SYN-FACE-02,other,0.033482342126737674
SYN-P-0482,professional,SYN-FACE-03,left_eye,0.33663860118561295
SYN-P-0482,professional,SYN-FACE-03,right_eye,0.08839100294032247
SYN-P-0482,professional,SYN-FACE-03,nose,0.4245121055888243
SYN-P-0482,professional,SYN-FACE-03,mouth,0.15045829028524027
SYN-P-0482,professional,SYN-FACE-03,other,0.0
SYN-P-0483,professional,SYN-FACE-01,left_eye,0.19963503549007347
SYN-P-0483,professional,SYN-FACE-01,right_eye,0.1272841754488626
SYN-P-0483,professional,SYN-FACE-01,nose,0.3121256281429688
SYN-P-0483,professional,SYN-FACE-01,mouth,0.2421797090424564
SYN-P-0483,professional,SYN-FACE-01,other,0.11877545187563879
SYN-P-0483,professional,SYN-FACE-02,left_eye,0.12042410334443543
SYN-P-0483,professional,SYN-FACE-02,right_eye,0.3676333800367726
SYN-P-0483,professional,SYN-FACE-02,nose,0.29516665738409653
SYN-P-0483,professional,SYN-FACE-02,mouth,0.21677585923469542
SYN-P-0483,professional,SYN-FACE-02,other,0.0
SYN-P-0483,professional,SYN-FACE-03,left_eye,0.34846280468752977
SYN-P-0483,professional,SYN-FACE-03,right_eye,0.1731539337217151
SYN-P-0483,professional,SYN-FACE-03,nose,0.16112812711408409
SYN-P-0483,professional,SYN-FACE-03,mouth,0.2862698549484247
SYN-P-0483,professional,SYN-FACE-03,other,0.030985279528246396
SYN-P-0484,professional,SYN-FACE-01,left_eye,0.08571213776215447
SYN-P-0484,professional,SYN-FACE-01,right_eye,0.35553488119810317
SYN-P-0484,professional,SYN-FACE-01,nose,0.2449424777890497
SYN-P-0484,professional,SYN-FACE-01,mouth,0.28167145628571044
SYN-P-0484,professional,SYN-FACE-01,other,0.03213904696498215
SYN-P-0484,professional,SYN-FACE-02,left_eye,0.2018121580965159
SYN-P-0484,professional,SYN-FACE-02,right_eye,0.24024386802367279
SYN-P-0484,professional,SYN-FACE-02,nose,0.06436662986393447
SYN-P-0484,professional,SYN-FACE-02,mouth,0.453184324039821
SYN-P-0484,professional,SYN-FACE-02,other,0.04039301997605595
SYN-P-0484,professional,SYN-FACE-03,left_eye,0.29195973646326007
SYN-P-0484,professional,SYN-FACE-03,right_eye,0.43456151657823056
SYN-P-0484,professional,SYN-FACE-03,nose,0.23837156307174834
SYN-P-0484,professional,SYN-FACE-03,mouth,0.035107183886761095
SYN-P-0484,professional,SYN-FACE-03,other,0.0
SYN-P-0485,professional,SYN-FACE-01,left_eye,0.26516322970587175
SYN-P-0485,professional,SYN-FACE-01,right_eye,0.33390104016545746
SYN-P-0485,professional,SYN-FACE-01,nose,0.1974053742215879
SYN-P-0485,professional,SYN-FACE-01,mouth,0.2035303559070829
SYN-P-0485,professional,SYN-FACE-01,other,0.0
SYN-P-0485,professional,SYN-FACE-02,left_eye,0.3646829855377546
SYN-P-0485,professional,SYN-FACE-02,right_eye,0.13713854119542146
SYN-P-0485,professional,SYN-FACE-02,nose,0.13124629424834403
SYN-P-0485,professional,SYN-FACE-02,mouth,0.32955504386522705
SYN-P-0485,professional,SYN-FACE-02,other,0.0373771351532529
SYN-P-0485,professional,SYN-FACE-03,left_eye,0.2799099629886735
SYN-P-0485,professional,SYN-FACE-03,right_eye,0.1608364834203163
SYN-P-0485,professional,SYN-FACE-03,nose,0.20881492212289393
SYN-P-0485,professional,SYN-FACE-03,mouth,0.17572974791031343
SYN-P-0485,professional,SYN-FACE-03,other,0.17470888355780284
SYN-P-0486,professional,SYN-FACE-01,left_eye,0.1865907939521768
SYN-P-0486,professional,SYN-FACE-01,right_eye,0.49288842132455546
SYN-P-0486,professional,SYN-FACE-01,nose,0.03532654217246425
SYN-P-0486,professional,SYN-FACE-01,mouth,0.15393078670627064
SYN-P-0486,professional,SYN-FACE-01,other,0.13126345584453292
SYN-P-0486,professional,SYN-FACE-02,left_eye,0.1985123559103406
SYN-P-0486,professional,SYN-FACE-02,right_eye,0.1671417204264252
SYN-P-0486,professional,SYN-FACE-02,nose,0.12643243868622908
SYN-P-0486,professional,SYN-FACE-02,mouth,0.5079134849770052
SYN-P-0486,professional,SYN-FACE-02,other,0.0
SYN-P-0486,professional,SYN-FACE-03,left_eye,0.3643910385740397
SYN-P-0486,professional,SYN-FACE-03,right_eye,0.1742214346366031
SYN-P-0486,professional,SYN-FACE-03,nose,0.3578762687635026
SYN-P-0486,professional,SYN-FACE-03,mouth,0.0735692408679822
SYN-P-0486,professional,SYN-FACE-03,other,0.02994201715787237
SYN-P-0487,professional,SYN-FACE-01,left_eye,0.14911872303217358
SYN-P-0487,professional,SYN-FACE-01,right_eye,0.38337782418532157
SYN-P-0487,professional,SYN-FACE-01,nose,0.1797238784875327
SYN-P-0487,professional,SYN-FACE-01,mouth,0.19251822400933433
SYN-P-0487,professional,SYN-FACE-01,other,0.09526135028563773
SYN-P-0487,professional,SYN-FACE-02,left_eye,0.23561558189052403
SYN-P-0487,professional,SYN-FACE-02,right_eye,0.14614321437340927
SYN-P-0487,professional,SYN-FACE-02,nose,0.1218254497389522
SYN-P-0487,professional,SYN-FACE-02,mouth,0.4509145329184232
SYN-P-0487,professional,SYN-FACE-02,other,0.04550122107869135
SYN-P-0487,professional,SYN-FACE-03,left_eye,0.21840537183912642
SYN-P-0487,professional,SYN-FACE-03,right_eye,0.44129224544514406
SYN-P-0487,professional,SYN-FACE-03,nose,0.08988803085329071
SYN-P-0487,professional,SYN-FACE-03,mouth,0.1858476358545517
SYN-P-0487,professional,SYN-FACE-03,other,0.06456671600788709
SYN-P-0488,professional,SYN-FACE-01,left_eye,0.1425262639295774
SYN-P-0488,professional,SYN-FACE-01,right_eye,0.15469495199831096
SYN-P-0488,professional,SYN-FACE-01,nose,0.12767797739147668
SYN-P-0488,professional,SYN-FACE-01,mouth,0.5291157544015095
SYN-P-0488,professional,SYN-FACE-01,other,0.04598505227912544
SYN-P-0488,professional,SYN-FACE-02,left_eye,0.2943354363828949
SYN-P-0488,professional,SYN-FACE-02,right_eye,0.1194796355334521
SYN-P-0488,professional,SYN-FACE-02,nose,0.036963354830330496
SYN-P-0488,professional,SYN-FACE-02,mouth,0.31480842190417907
SYN-P-0488,professional,SYN-FACE-02,other,0.2344131513491434
SYN-P-0488,professional,SYN-FACE-03,left_eye,0.26597312687377433
SYN-P-0488,professional,SYN-FACE-03,right_eye,0.29935950112221427
SYN-P-0488,professional,SYN-FACE-03,nose,0.3217219304286884
SYN-P-0488,professional,SYN-FACE-03,mouth,0.05675727215727775
SYN-P-0488,professional,SYN-FACE-03,other,0.056188169418045324
SYN-P-0489,professional,SYN-FACE-01,left_eye,0.26412614877918017
SYN-P-0489,professional,SYN-FACE-01,right_eye,0.2785976324644685
SYN-P-0489,professional,SYN-FACE-01,nose,0.17290554224475121
SYN-P-0489,professional,SYN-FACE-01,mouth,0.2574487080726535
SYN-P-0489,professional,SYN-FACE-01,other,0.026921968438946658
SYN-P-0489,professional,SYN-FACE-02,left_eye,0.1362642948024854
SYN-P-0489,professional,SYN-FACE-02,right_eye,0.26291117117274954
SYN-P-0489,professional,SYN-FACE-02,nose,0.16979478075441756
SYN-P-0489,professional,SYN-FACE-02,mouth,0.4033509892011405
SYN-P-0489,professional,SYN-FACE-02,other,0.02767876406920712
SYN-P-0489,professional,SYN-FACE-03,left_eye,0.38013534050683323
SYN-P-0489,professional,SYN-FACE-03,right_eye,0.14003408211689247
SYN-P-0489,professional,SYN-FACE-03,nose,0.20334458877683703
SYN-P-0489,professional,SYN-FACE-03,mouth,0.19286529174671457
SYN-P-0489,professional,SYN-FACE-03,other,0.08362069685272268
SYN-P-0490,professional,SYN-FACE-01,left_eye,0.4447858013628566
SYN-P-0490,professional,SYN-FACE-01,right_eye,0.2216750747536685
SYN-P-0490,professional,SYN-FACE-01,nose,0.02813392240814956
SYN-P-0490,professional,SYN-FACE-01,mouth,0.30540520147532535
SYN-P-0490,professional,SYN-FACE-01,other,0.0
SYN-P-0490,professional,SYN-FACE-02,left_eye,0.23194085562443634
SYN-P-0490,professional,SYN-FACE-02,right_eye,0.3201862476778939
SYN-P-0490,professional,SYN-FACE-02,nose,0.20318814290846626
SYN-P-0490,professional,SYN-FACE-02,mouth,0.12808148825102114
SYN-P-0490,professional,SYN-FACE-02,other,0.1166032655381824
SYN-P-0490,professional,SYN-FACE-03,left_eye,0.384865498870513
SYN-P-0490,professional,SYN-FACE-03,right_eye,0.16088608911978639
SYN-P-0490,professional,SYN-FACE-03,nose,0.2589427173303995
SYN-P-0490,professional,SYN-FACE-03,mouth,0.1560616996727576
SYN-P-0490,professional,SYN-FACE-03,other,0.039243995006543485
SYN-P-0491,professional,SYN-FACE-01,left_eye,0.1299165391713876
SYN-P-0491,professional,SYN-FACE-01,right_eye,0.2251791881520744
SYN-P-0491,professional,SYN-FACE-01,nose,0.5005650264150572
SYN-P-0491,professional,SYN-FACE-01,mouth,0.11885040347279087
SYN-P-0491,professional,SYN-FACE-01,other,0.025488842788689965
SYN-P-0491,professional,SYN-FACE-02,left_eye,0.050331065766266544
SYN-P-0491,professional,SYN-FACE-02,right_eye,0.29739964430357374
SYN-P-0491,professional,SYN-FACE-02,nose,0.23516178706605706
SYN-P-0491,professional,SYN-FACE-02,mouth,0.3389508929897611
SYN-P-0491,professional,SYN-FACE-02,other,0.07815660987434153
SYN-P-0491,professional,SYN-FACE-03,left_eye,0.21840124678766631
SYN-P-0491,professional,SYN-FACE-03,right_eye,0.2055883534350755
SYN-P-0491,professional,SYN-FACE-03,nose,0.07785282058590923
SYN-P-0491,professional,SYN-FACE-03,mouth,0.36794080112764205
SYN-P-0491,professional,SYN-FACE-03,other,0.13021677806370688
SYN-P-0492,professional,SYN-FACE-01,left_eye,0.2557153291584527
SYN-P-0492,professional,SYN-FACE-01,right_eye,0.3124491209481553
SYN-P-0492,professional,SYN-FACE-01,nose,0.16156983377549228
SYN-P-0492,professional,SYN-FACE-01,mouth,0.18560753707123714
SYN-P-0492,professional,SYN-FACE-01,other,0.08465817904666263
SYN-P-0492,professional,SYN-FACE-02,left_eye,0.23991020781102673
SYN-P-0492,professional,SYN-FACE-02,right_eye,0.18525271037353958
SYN-P-0492,professional,SYN-FACE-02,nose,0.22496362974772452
SYN-P-0492,professional,SYN-FACE-02,mouth,0.26534554046882103
SYN-P-0492,professional,SYN-FACE-02,other,0.08452791159888823
SYN-P-0492,professional,SYN-FACE-03,left_eye,0.266718867894267
SYN-P-0492,professional,SYN-FACE-03,right_eye,0.20723503795392556
SYN-P-0492,professional,SYN-FACE-03,nose,0.18607970774411084
SYN-P-0492,professional,SYN-FACE-03,mouth,0.319042329391389
SYN-P-0492,professional,SYN-FACE-03,other,0.020924057016307562
SYN-P-0493,professional,SYN-FACE-01,left_eye,0.26547716057782583
SYN-P-0493,professional,SYN-FACE-01,right_eye,0.2202771924235343
SYN-P-0493,professional,SYN-FACE-01,nose,0.21944612014579498
SYN-P-0493,professional,SYN-FACE-01,mouth,0.16328443224650824
SYN-P-0493,professional,SYN-FACE-01,other,0.13151509460633665
SYN-P-0493,professional,SYN-FACE-02,left_eye,0.11082676362196175
SYN-P-0493,professional,SYN-FACE-02,right_eye,0.24939446537199808
SYN-P-0493,professional,SYN-FACE-02,nose,0.15269158719690512
SYN-P-0493,professional,SYN-FACE-02,mouth,0.4446265157175013
SYN-P-0493,professional,SYN-FACE-02,other,0.04246066809163375
SYN-P-0493,professional,SYN-FACE-03,left_eye,0.42682195597406813
SYN-P-0493,professional,SYN-FACE-03,right_eye,0.1791491177415177
SYN-P-0493,professional,SYN-FACE-03,nose,0.15086358469108865
SYN-P-0493,professional,SYN-FACE-03,mouth,0.16994270436526193
SYN-P-0493,professional,SYN-FACE-03,other,0.0732226372280636
SYN-P-0494,professional,SYN-FACE-01,left_eye,0.3807535112601161
SYN-P-0494,professional,SYN-FACE-01,right_eye,0.2847374738023223
SYN-P-0494,professional,SYN-FACE-01,nose,0.14287512601037633
SYN-P-0494,professional,SYN-FACE-01,mouth,0.0787123436368876
SYN-P-0494,professional,SYN-FACE-01,other,0.11292154529029774
SYN-P-0494,professional,SYN-FACE-02,left_eye,0.16074632450071175
SYN-P-0494,professional,SYN-FACE-02,right_eye,0.17634098410961127
SYN-P-0494,professional,SYN-FACE-02,nose,0.3109473373875189
SYN-P-0494,professional,SYN-FACE-02,mouth,0.3519653540021581
SYN-P-0494,professional,SYN-FACE-02,other,0.0
SYN-P-0494,professional,SYN-FACE-03,left_eye,0.20156860733610205
SYN-P-0494,professional,SYN-FACE-03,right_eye,0.10368959212553772
SYN-P-0494,professional,SYN-FACE-03,nose,0.20918657183410028
SYN-P-0494,professional,SYN-FACE-03,mouth,0.4131692949444123
SYN-P-0494,professional,SYN-FACE-03,other,0.07238593375984777
SYN-P-0495,professional,SYN-FACE-01,left_eye,0.25341943748895507
SYN-P-0495,professional,SYN-FACE-01,right_eye,0.24953062142892216
SYN-P-0495,professional,SYN-FACE-01,nose,0.2251600089902898
SYN-P-0495,professional,SYN-FACE-01,mouth,0.1810547956995911
SYN-P-0495,professional,SYN-FACE-01,other,0.09083513639224196
SYN-P-0495,professional,SYN-FACE-02,left_eye,0.15679262431600355
SYN-P-0495,professional,SYN-FACE-02,right_eye,0.25681145526305865
SYN-P-0495,professional,SYN-FACE-02,nose,0.12965117165402895
SYN-P-0495,professional,SYN-FACE-02,mouth,0.4088139461981817
SYN-P-0495,professional,SYN-FACE-02,other,0.047930802568727164
SYN-P-0495,professional,SYN-FACE-03,left_eye,0.15552916346688725
SYN-P-0495,professional,SYN-FACE-03,right_eye,0.315032293178468
SYN-P-0495,professional,SYN-FACE-03,nose,0.13769826124982332
SYN-P-0495,professional,SYN-FACE-03,mouth,0.3446883257140503
SYN-P-0495,professional,SYN-FACE-03,other,0.047051956390771116
SYN-P-0496,professional,SYN-FACE-01,left_eye,0.44988855238610254
SYN-P-0496,professional,SYN-FACE-01,right_eye,0.2122287578407161
SYN-P-0496,professional,SYN-FACE-01,nose,0.0762441503794094
SYN-P-0496,professional,SYN-FACE-01,mouth,0.1707091026212212
SYN-P-0496,professional,SYN-FACE-01,other,0.0909294367725508
SYN-P-0496,professional,SYN-FACE-02,left_eye,0.025534838455156857
SYN-P-0496,professional,SYN-FACE-02,right_eye,0.14242544991087686
SYN-P-0496,professional,SYN-FACE-02,nose,0.31776779494723434
SYN-P-0496,professional,SYN-FACE-02,mouth,0.43865827331231555
SYN-P-0496,professional,SYN-FACE-02,other,0.07561364337441634
SYN-P-0496,professional,SYN-FACE-03,left_eye,0.4211584320742544
SYN-P-0496,professional,SYN-FACE-03,right_eye,0.21115912967109185
SYN-P-0496,professional,SYN-FACE-03,nose,0.16666973264027832
SYN-P-0496,professional,SYN-FACE-03,mouth,0.14547679045551679
SYN-P-0496,professional,SYN-FACE-03,other,0.05553591515885858
SYN-P-0497,professional,SYN-FACE-01,left_eye,0.24215160638417335
SYN-P-0497,professional,SYN-FACE-01,right_eye,0.3285690009535009
SYN-P-0497,professional,SYN-FACE-01,nose,0.16592699855551396
SYN-P-0497,professional,SYN-FACE-01,mouth,0.184248986312932
SYN-P-0497,professional,SYN-FACE-01,other,0.07910340779387978
SYN-P-0497,professional,SYN-FACE-02,left_eye,0.23102552834292692
SYN-P-0497,professional,SYN-FACE-02,right_eye,0.28993129058841494
SYN-P-0497,professional,SYN-FACE-02,nose,0.28304316857807466
SYN-P-0497,professional,SYN-FACE-02,mouth,0.13651145365447243
SYN-P-0497,professional,SYN-FACE-02,other,0.059488558836111025
SYN-P-0497,professional,SYN-FACE-03,left_eye,0.4549186274538482
SYN-P-0497,professional,SYN-FACE-03,right_eye,0.0
SYN-P-0497,professional,SYN-FACE-03,nose,0.1337260816593825
SYN-P-0497,professional,SYN-FACE-03,mouth,0.3228592626788746
SYN-P-0497,professional,SYN-FACE-03,other,0.08849602820789475
SYN-P-0498,professional,SYN-FACE-01,left_eye,0.2835525885492747
SYN-P-0498,professional,SYN-FACE-01,right_eye,0.14851994380089747
SYN-P-0498,professional,SYN-FACE-01,nose,0.23931192313214852
SYN-P-0498,professional,SYN-FACE-01,mouth,0.24574365663329295
SYN-P-0498,professional,SYN-FACE-01,other,0.08287188788438636
SYN-P-0498,professional,SYN-FACE-02,left_eye,0.1472943473695119
SYN-P-0498,professional,SYN-FACE-02,right_eye,0.09360079794288799
SYN-P-0498,professional,SYN-FACE-02,nose,0.5582343747951471
SYN-P-0498,professional,SYN-FACE-02,mouth,0.1300047047581672
SYN-P-0498,professional,SYN-FACE-02,other,0.07086577513428582
SYN-P-0498,professional,SYN-FACE-03,left_eye,0.3460044837491272
SYN-P-0498,professional,SYN-FACE-03,right_eye,0.23553630164557413
SYN-P-0498,professional,SYN-FACE-03,nose,0.16076613864649683
SYN-P-0498,professional,SYN-FACE-03,mouth,0.2055087344204164
SYN-P-0498,professional,SYN-FACE-03,other,0.05218434153838543
SYN-P-0499,professional,SYN-FACE-01,left_eye,0.290822302280547
SYN-P-0499,professional,SYN-FACE-01,right_eye,0.2568361077964453
SYN-P-0499,professional,SYN-FACE-01,nose,0.07143358976999688
SYN-P-0499,professional,SYN-FACE-01,mouth,0.35641220402062723
SYN-P-0499,professional,SYN-FACE-01,other,0.0244957961323837
SYN-P-0499,professional,SYN-FACE-02,left_eye,0.20932554562531805
SYN-P-0499,professional,SYN-FACE-02,right_eye,0.1306165590765987
SYN-P-0499,professional,SYN-FACE-02,nose,0.339096046213879
SYN-P-0499,professional,SYN-FACE-02,mouth,0.2927797737472335
SYN-P-0499,professional,SYN-FACE-02,other,0.02818207533697063
SYN-P-0499,professional,SYN-FACE-03,left_eye,0.33275513970213716
SYN-P-0499,professional,SYN-FACE-03,right_eye,0.2705273198998512
SYN-P-0499,professional,SYN-FACE-03,nose,0.05753811340925041
SYN-P-0499,professional,SYN-FACE-03,mouth,0.19594205762149916
SYN-P-0499,professional,SYN-FACE-03,other,0.14323736936726197
SYN-P-0500,professional,SYN-FACE-01,left_eye,0.36408639049303276
SYN-P-0500,professional,SYN-FACE-01,right_eye,0.1758866423687389
SYN-P-0500,professional,SYN-FACE-01,nose,0.15635819316853045
SYN-P-0500,professional,SYN-FACE-01,mouth,0.2735331654033746
SYN-P-0500,professional,SYN-FACE-01,other,0.030135608566323233
SYN-P-0500,professional,SYN-FACE-02,left_eye,0.17887385910948853
SYN-P-0500,professional,SYN-FACE-02,right_eye,0.1946044554691554
SYN-P-0500,professional,SYN-FACE-02,nose,0.16477713533703767
SYN-P-0500,professional,SYN-FACE-02,mouth,0.4617445500843185
SYN-P-0500,professional,SYN-FACE-02,other,0.0
SYN-P-0500,professional,SYN-FACE-03,left_eye,0.27660498390204047
SYN-P-0500,professional,SYN-FACE-03,right_eye,0.2813493370354232
SYN-P-0500,professional,SYN-FACE-03,nose,0.16122914057581741
SYN-P-0500,professional,SYN-FACE-03,mouth,0.16837498828816214
SYN-P-0500,professional,SYN-FACE-03,other,0.1124415501985567
SYN-W-0001,webcam,SYN-FACE-01,left_eye,0.1534015852877903
SYN-W-0001,webcam,SYN-FACE-01,right_eye,0.30769007436985085
SYN-W-0001,webcam,SYN-FACE-01,nose,0.3202226054687579
SYN-W-0001,webcam,SYN-FACE-01,mouth,0.12015785773877417
SYN-W-0001,webcam,SYN-FACE-01,other,0.09852787713482672
SYN-W-0001,webcam,SYN-FACE-02,left_eye,0.3006083481823223
SYN-W-0001,webcam,SYN-FACE-02,right_eye,0.20122363989220624
SYN-W-0001,webcam,SYN-FACE-02,nose,0.10021174478354733
SYN-W-0001,webcam,SYN-FACE-02,mouth,0.34758977628685966
SYN-W-0001,webcam,SYN-FACE-02,other,0.05036649085506447
SYN-W-0001,webcam,SYN-FACE-03,left_eye,0.24952596489580775
SYN-W-0001,webcam,SYN-FACE-03,right_eye,0.18873341976199387
SYN-W-0001,webcam,SYN-FACE-03,nose,0.347716574810295
SYN-W-0001,webcam,SYN-FACE-03,mouth,0.12600946079618444
SYN-W-0001,webcam,SYN-FACE-03,other,0.08801457973571887
SYN-W-0002,webcam,SYN-FACE-01,left_eye,0.14042264768671067
SYN-W-0002,webcam,SYN-FACE-01,right_eye,0.4436973498192129
SYN-W-0002,webcam,SYN-FACE-01,nose,0.17191886290347638
SYN-W-0002,webcam,SYN-FACE-01,mouth,0.14342413878556745
SYN-W-0002,webcam,SYN-FACE-01,other,0.10053700080503264
SYN-W-0002,webcam,SYN-FACE-02,left_eye,0.1097968393487986
SYN-W-0002,webcam,SYN-FACE-02,right_eye,0.14085132588014054
SYN-W-0002,webcam,SYN-FACE-02,nose,0.26887940288765305
SYN-W-0002,webcam,SYN-FACE-02,mouth,0.3519409238127724
SYN-W-0002,webcam,SYN-FACE-02,other,0.12853150807063532
SYN-W-0002,webcam,SYN-FACE-03,left_eye,0.415260787115838
SYN-W-0002,webcam,SYN-FACE-03,right_eye,0.35629360031967616
SYN-W-0002,webcam,SYN-FACE-03,nose,0.10266809319719514
SYN-W-0002,webcam,SYN-FACE-03,mouth,0.08926525505552221
SYN-W-0002,webcam,SYN-FACE-03,other,0.03651226431176855
SYN-W-0003,webcam,SYN-FACE-01,left_eye,0.2983291056742558
SYN-W-0003,webcam,SYN-FACE-01,right_eye,0.3307078855932597
SYN-W-0003,webcam,SYN-FACE-01,nose,0.17876940648848136
SYN-W-0003,webcam,SYN-FACE-01,mouth,0.06789646833170382
SYN-W-0003,webcam,SYN-FACE-01,other,0.12429713391229925
SYN-W-0003,webcam,SYN-FACE-02,left_eye,0.30227488730330015
SYN-W-0003,webcam,SYN-FACE-02,right_eye,0.21667665881310838
SYN-W-0003,webcam,SYN-FACE-02,nose,0.08668104573371603
SYN-W-0003,webcam,SYN-FACE-02,mouth,0.27192895972325976
SYN-W-0003,webcam,SYN-FACE-02,other,0.1224384484266157
SYN-W-0003,webcam,SYN-FACE-03,left_eye,0.2593102497554832
SYN-W-0003,webcam,SYN-FACE-03,right_eye,0.08558992223085382
SYN-W-0003,webcam,SYN-FACE-03,nose,0.41395591806913723
SYN-W-0003,webcam,SYN-FACE-03,mouth,0.18199075873849915
SYN-W-0003,webcam,SYN-FACE-03,other,0.05915315120602669
SYN-W-0004,webcam,SYN-FACE-01,left_eye,0.4084410916429796
SYN-W-0004,webcam,SYN-FACE-01,right_eye,0.08121935323397587
SYN-W-0004,webcam,SYN-FACE-01,nose,0.2569322287513231
SYN-W-0004,webcam,SYN-FACE-01,mouth,0.17188163289794134
SYN-W-0004,webcam,SYN-FACE-01,other,0.0815256934737802
SYN-W-0004,webcam,SYN-FACE-02,left_eye,0.3785529181623487
SYN-W-0004,webcam,SYN-FACE-02,right_eye,0.19366450067121044
SYN-W-0004,webcam,SYN-FACE-02,nose,0.10642812199249245
SYN-W-0004,webcam,SYN-FACE-02,mouth,0.22170668881159533
SYN-W-0004,webcam,SYN-FACE-02,other,0.09964777036235309
SYN-W-0004,webcam,SYN-FACE-03,left_eye,0.6245972160463074
SYN-W-0004,webcam,SYN-FACE-03,right_eye,0.08579838593220107
SYN-W-0004,webcam,SYN-FACE-03,nose,0.20900733789439063
SYN-W-0004,webcam,SYN-FACE-03,mouth,0.08059706012710094
SYN-W-0004,webcam,SYN-FACE-03,other,0.0
SYN-W-0005,webcam,SYN-FACE-01,left_eye,0.3234074428540407
SYN-W-0005,webcam,SYN-FACE-01,right_eye,0.21958510359702943
SYN-W-0005,webcam,SYN-FACE-01,nose,0.14400416842733385
SYN-W-0005,webcam,SYN-FACE-01,mouth,0.19269900310197186
SYN-W-0005,webcam,SYN-FACE-01,other,0.12030428201962422
SYN-W-0005,webcam,SYN-FACE-02,left_eye,0.25005778399130024
SYN-W-0005,webcam,SYN-FACE-02,right_eye,0.20408558084587905
SYN-W-0005,webcam,SYN-FACE-02,nose,0.0974666503311155
SYN-W-0005,webcam,SYN-FACE-02,mouth,0.3982892429239435
SYN-W-0005,webcam,SYN-FACE-02,other,0.05010074190776165
SYN-W-0005,webcam,SYN-FACE-03,left_eye,0.3075648775760132
SYN-W-0005,webcam,SYN-FACE-03,right_eye,0.10323933353216884
SYN-W-0005,webcam,SYN-FACE-03,nose,0.22468982925908956
SYN-W-0005,webcam,SYN-FACE-03,mouth,0.281304530054593
SYN-W-0005,webcam,SYN-FACE-03,other,0.08320142957813542
SYN-W-0006,webcam,SYN-FACE-01,left_eye,0.513678546276108
SYN-W-0006,webcam,SYN-FACE-01,right_eye,0.0
SYN-W-0006,webcam,SYN-FACE-01,nose,0.251627534895893
SYN-W-0006,webcam,SYN-FACE-01,mouth,0.14413197585389576
SYN-W-0006,webcam,SYN-FACE-01,other,0.09056194297410324
SYN-W-0006,webcam,SYN-FACE-02,left_eye,0.19245702231074246
SYN-W-0006,webcam,SYN-FACE-02,right_eye,0.1917073063248134
SYN-W-0006,webcam,SYN-FACE-02,nose,0.24717551568837126
SYN-W-0006,webcam,SYN-FACE-02,mouth,0.3358062154371142
SYN-W-0006,webcam,SYN-FACE-02,other,0.03285394023895869
SYN-W-0006,webcam,SYN-FACE-03,left_eye,0.19310596298582555
SYN-W-0006,webcam,SYN-FACE-03,right_eye,0.3117011984446348
SYN-W-0006,webcam,SYN-FACE-03,nose,0.3224751829279323
SYN-W-0006,webcam,SYN-FACE-03,mouth,0.08628454183247163
SYN-W-0006,webcam,SYN-FACE-03,other,0.08643311380913582
SYN-W-0007,webcam,SYN-FACE-01,left_eye,0.24905477634737125
SYN-W-0007,webcam,SYN-FACE-01,right_eye,0.03960102937183417
SYN-W-0007,webcam,SYN-FACE-01,nose,0.3298119149464237
SYN-W-0007,webcam,SYN-FACE-01,mouth,0.3159854176757269
SYN-W-0007,webcam,SYN-FACE-01,other,0.0655468616586439
SYN-W-0007,webcam,SYN-FACE-02,left_eye,0.12684564283888186
SYN-W-0007,webcam,SYN-FACE-02,right_eye,0.26530199889150263
SYN-W-0007,webcam,SYN-FACE-02,nose,0.22840308307187365
SYN-W-0007,webcam,SYN-FACE-02,mouth,0.15493170282412833
SYN-W-0007,webcam,SYN-FACE-02,other,0.2245175723736135
SYN-W-0007,webcam,SYN-FACE-03,left_eye,0.24941362616479656
SYN-W-0007,webcam,SYN-FACE-03,right_eye,0.16088809962477746
SYN-W-0007,webcam,SYN-FACE-03,nose,0.2045220415964265
SYN-W-0007,webcam,SYN-FACE-03,mouth,0.22776341508486952
SYN-W-0007,webcam,SYN-FACE-03,other,0.15741281752913
SYN-W-0008,webcam,SYN-FACE-01,left_eye,0.33547114908751013
SYN-W-0008,webcam,SYN-FACE-01,right_eye,0.2602749100976268
SYN-W-0008,webcam,SYN-FACE-01,nose,0.20861722385557743
SYN-W-0008,webcam,SYN-FACE-01,mouth,0.15445268236945406
SYN-W-0008,webcam,SYN-FACE-01,other,0.04118403458983159
SYN-W-0008,webcam,SYN-FACE-02,left_eye,0.13972847838683183
SYN-W-0008,webcam,SYN-FACE-02,right_eye,0.239058819736523
SYN-W-0008,webcam,SYN-FACE-02,nose,0.132685599346795
SYN-W-0008,webcam,SYN-FACE-02,mouth,0.3766174683426697
SYN-W-0008,webcam,SYN-FACE-02,other,0.11190963418718057
SYN-W-0008,webcam,SYN-FACE-03,left_eye,0.36100914622715546
SYN-W-0008,webcam,SYN-FACE-03,right_eye,0.2151741596983067
SYN-W-0008,webcam,SYN-FACE-03,nose,0.16315364265210958
SYN-W-0008,webcam,SYN-FACE-03,mouth,0.21768487741605239
SYN-W-0008,webcam,SYN-FACE-03,other,0.042978174006375894
SYN-W-0009,webcam,SYN-FACE-01,left_eye,0.30243238135368444
SYN-W-0009,webcam,SYN-FACE-01,right_eye,0.17634358611354065
SYN-W-0009,webcam,SYN-FACE-01,nose,0.19683698557046272
SYN-W-0009,webcam,SYN-FACE-01,mouth,0.26898394624382344
SYN-W-0009,webcam,SYN-FACE-01,other,0.05540310071848882
SYN-W-0009,webcam,SYN-FACE-02,left_eye,0.17099317995423696
SYN-W-0009,webcam,SYN-FACE-02,right_eye,0.10794861516433141
SYN-W-0009,webcam,SYN-FACE-02,nose,0.4389482884587653
SYN-W-0009,webcam,SYN-FACE-02,mouth,0.25559818564011855
SYN-W-0009,webcam,SYN-FACE-02,other,0.026511730782547798
SYN-W-0009,webcam,SYN-FACE-03,left_eye,0.23462859359182667
SYN-W-0009,webcam,SYN-FACE-03,right_eye,0.2885134844971468
SYN-W-0009,webcam,SYN-FACE-03,nose,0.35094368340647447
SYN-W-0009,webcam,SYN-FACE-03,mouth,0.04590246534923707
SYN-W-0009,webcam,SYN-FACE-03,other,0.08001177315531505
SYN-W-0010,webcam,SYN-FACE-01,left_eye,0.12660692192309847
SYN-W-0010,webcam,SYN-FACE-01,right_eye,0.20806863540225667
SYN-W-0010,webcam,SYN-FACE-01,nose,0.34013457314690354
SYN-W-0010,webcam,SYN-FACE-01,mouth,0.21746852259939883
SYN-W-0010,webcam,SYN-FACE-01,other,0.10772134692834259
SYN-W-0010,webcam,SYN-FACE-02,left_eye,0.07241731400364636
SYN-W-0010,webcam,SYN-FACE-02,right_eye,0.4138943909541747
SYN-W-0010,webcam,SYN-FACE-02,nose,0.057770068589404616
SYN-W-0010,webcam,SYN-FACE-02,mouth,0.26047193268528784
SYN-W-0010,webcam,SYN-FACE-02,other,0.1954462937674864
SYN-W-0010,webcam,SYN-FACE-03,left_eye,0.2421068173250557
SYN-W-0010,webcam,SYN-FACE-03,right_eye,0.2708383339104557
SYN-W-0010,webcam,SYN-FACE-03,nose,0.3415567046233088
SYN-W-0010,webcam,SYN-FACE-03,mouth,0.14549814414117976
SYN-W-0010,webcam,SYN-FACE-03,other,0.0
SYN-W-0011,webcam,SYN-FACE-01,left_eye,0.27288591594970335
SYN-W-0011,webcam,SYN-FACE-01,right_eye,0.2963807401708257
SYN-W-0011,webcam,SYN-FACE-01,nose,0.040701196802334576
SYN-W-0011,webcam,SYN-FACE-01,mouth,0.30471732852203354
SYN-W-0011,webcam,SYN-FACE-01,other,0.08531481855510281
SYN-W-0011,webcam,SYN-FACE-02,left_eye,0.17878910984937932
SYN-W-0011,webcam,SYN-FACE-02,right_eye,0.0703924886385563
SYN-W-0011,webcam,SYN-FACE-02,nose,0.2186580778038884
SYN-W-0011,webcam,SYN-FACE-02,mouth,0.37637019182950554
SYN-W-0011,webcam,SYN-FACE-02,other,0.15579013187867044
SYN-W-0011,webcam,SYN-FACE-03,left_eye,0.44836637684697245
SYN-W-0011,webcam,SYN-FACE-03,right_eye,0.21686776491752743
SYN-W-0011,webcam,SYN-FACE-03,nose,0.1371410037138474
SYN-W-0011,webcam,SYN-FACE-03,mouth,0.1180059952799361
SYN-W-0011,webcam,SYN-FACE-03,other,0.07961885924171662
SYN-W-0012,webcam,SYN-FACE-01,left_eye,0.2994578745310566
SYN-W-0012,webcam,SYN-FACE-01,right_eye,0.1850320255399892
SYN-W-0012,webcam,SYN-FACE-01,nose,0.14639756335400178
SYN-W-0012,webcam,SYN-FACE-01,mouth,0.21260290200440646
SYN-W-0012,webcam,SYN-FACE-01,other,0.1565096345705459
SYN-W-0012,webcam,SYN-FACE-02,left_eye,0.2402378877565183
SYN-W-0012,webcam,SYN-FACE-02,right_eye,0.22717156321375095
SYN-W-0012,webcam,SYN-FACE-02,nose,0.09508727082737893
SYN-W-0012,webcam,SYN-FACE-02,mouth,0.32924740393242774
SYN-W-0012,webcam,SYN-FACE-02,other,0.1082558742699241
SYN-W-0012,webcam,SYN-FACE-03,left_eye,0.2753567881116445
SYN-W-0012,webcam,SYN-FACE-03,right_eye,0.345835014568585
SYN-W-0012,webcam,SYN-FACE-03,nose,0.249723659340784
SYN-W-0012,webcam,SYN-FACE-03,mouth,0.0741726456580818
SYN-W-0012,webcam,SYN-FACE-03,other,0.054911892320904605
SYN-W-0013,webcam,SYN-FACE-01,left_eye,0.2680527753810708
SYN-W-0013,webcam,SYN-FACE-01,right_eye,0.31129381219004765
SYN-W-0013,webcam,SYN-FACE-01,nose,0.1366690711392879
SYN-W-0013,webcam,SYN-FACE-01,mouth,0.28398434128959366
SYN-W-0013,webcam,SYN-FACE-01,other,0.0
SYN-W-0013,webcam,SYN-FACE-02,left_eye,0.32510516338125445
SYN-W-0013,webcam,SYN-FACE-02,right_eye,0.1182480659573273
SYN-W-0013,webcam,SYN-FACE-02,nose,0.07625078676863849
SYN-W-0013,webcam,SYN-FACE-02,mouth,0.40889227611902806
SYN-W-0013,webcam,SYN-FACE-02,other,0.07150370777375172
SYN-W-0013,webcam,SYN-FACE-03,left_eye,0.28859027300618795
SYN-W-0013,webcam,SYN-FACE-03,right_eye,0.2179001251812662
SYN-W-0013,webcam,SYN-FACE-03,nose,0.16393734006930138
SYN-W-0013,webcam,SYN-FACE-03,mouth,0.3295722617432445
SYN-W-0013,webcam,SYN-FACE-03,other,0.0
SYN-W-0014,webcam,SYN-FACE-01,left_eye,0.22984153427547302
SYN-W-0014,webcam,SYN-FACE-01,right_eye,0.2308021790773376
SYN-W-0014,webcam,SYN-FACE-01,nose,0.21736928783285928
SYN-W-0014,webcam,SYN-FACE-01,mouth,0.27969608651842975
SYN-W-0014,webcam,SYN-FACE-01,other,0.04229091229590033
SYN-W-0014,webcam,SYN-FACE-02,left_eye,0.25514448237766457
SYN-W-0014,webcam,SYN-FACE-02,right_eye,0.2931664067385216
SYN-W-0014,webcam,SYN-FACE-02,nose,0.13704955044365305
SYN-W-0014,webcam,SYN-FACE-02,mouth,0.2529075239116583
SYN-W-0014,webcam,SYN-FACE-02,other,0.0617320365285025
SYN-W-0014,webcam,SYN-FACE-03,left_eye,0.28931899368193187
SYN-W-0014,webcam,SYN-FACE-03,right_eye,0.3033172847823206
SYN-W-0014,webcam,SYN-FACE-03,nose,0.15421655485651636
SYN-W-0014,webcam,SYN-FACE-03,mouth,0.08411934017019781
SYN-W-0014,webcam,SYN-FACE-03,other,0.16902782650903325
SYN-W-0015,webcam,SYN-FACE-01,left_eye,0.29229221476213957
SYN-W-0015,webcam,SYN-FACE-01,right_eye,0.35003033996793764
SYN-W-0015,webcam,SYN-FACE-01,nose,0.23915318630745744
SYN-W-0015,webcam,SYN-FACE-01,mouth,0.0850759776471888
SYN-W-0015,webcam,SYN-FACE-01,other,0.03344828131527661
SYN-W-0015,webcam,SYN-FACE-02,left_eye,0.1944721306262869
SYN-W-0015,webcam,SYN-FACE-02,right_eye,0.20992783520449707
SYN-W-0015,webcam,SYN-FACE-02,nose,0.10267174955338235
SYN-W-0015,webcam,SYN-FACE-02,mouth,0.44308460283980655
SYN-W-0015,webcam,SYN-FACE-02,other,0.04984368177602718
SYN-W-0015,webcam,SYN-FACE-03,left_eye,0.244319554793589
SYN-W-0015,webcam,SYN-FACE-03,right_eye,0.13228751037310227
SYN-W-0015,webcam,SYN-FACE-03,nose,0.2202736130864925
SYN-W-0015,webcam,SYN-FACE-03,mouth,0.31068882533669107
SYN-W-0015,webcam,SYN-FACE-03,other,0.09243049641012523
SYN-W-0016,webcam,SYN-FACE-01,left_eye,0.25591923026424174
SYN-W-0016,webcam,SYN-FACE-01,right_eye,0.25305970397533006
SYN-W-0016,webcam,SYN-FACE-01,nose,0.3291030999293164
SYN-W-0016,webcam,SYN-FACE-01,mouth,0.11532650311378134
SYN-W-0016,webcam,SYN-FACE-01,other,0.046591462717330515
SYN-W-0016,webcam,SYN-FACE-02,left_eye,0.3917323722917389
SYN-W-0016,webcam,SYN-FACE-02,right_eye,0.1702308247773491
SYN-W-0016,webcam,SYN-FACE-02,nose,0.2519232699241702
SYN-W-0016,webcam,SYN-FACE-02,mouth,0.13961731242096448
SYN-W-0016,webcam,SYN-FACE-02,other,0.046496220585777334
SYN-W-0016,webcam,SYN-FACE-03,left_eye,0.2053286080619322
SYN-W-0016,webcam,SYN-FACE-03,right_eye,0.18986442783399057
SYN-W-0016,webcam,SYN-FACE-03,nose,0.13151272480085252
SYN-W-0016,webcam,SYN-FACE-03,mouth,0.3906253556239483
SYN-W-0016,webcam,SYN-FACE-03,other,0.0826688836792764
SYN-W-0017,webcam,SYN-FACE-01,left_eye,0.44468163078290485
SYN-W-0017,webcam,SYN-FACE-01,right_eye,0.10828975569455886
SYN-W-0017,webcam,SYN-FACE-01,nose,0.1397446613364726
SYN-W-0017,webcam,SYN-FACE-01,mouth,0.271138311852707
SYN-W-0017,webcam,SYN-FACE-01,other,0.0361456403333568
SYN-W-0017,webcam,SYN-FACE-02,left_eye,0.17325816443071004
SYN-W-0017,webcam,SYN-FACE-02,right_eye,0.34835794499386447
SYN-W-0017,webcam,SYN-FACE-02,nose,0.25380249243724157
SYN-W-0017,webcam,SYN-FACE-02,mouth,0.15321661663690933
SYN-W-0017,webcam,SYN-FACE-02,other,0.07136478150127455
SYN-W-0017,webcam,SYN-FACE-03,left_eye,0.35055945386581977
SYN-W-0017,webcam,SYN-FACE-03,right_eye,0.1846139429839475
SYN-W-0017,webcam,SYN-FACE-03,nose,0.06303109803103164
SYN-W-0017,webcam,SYN-FACE-03,mouth,0.1734193993381412
SYN-W-0017,webcam,SYN-FACE-03,other,0.22837610578105988
SYN-W-0018,webcam,SYN-FACE-01,left_eye,0.21510451576009873
SYN-W-0018,webcam,SYN-FACE-01,right_eye,0.3634645931412174
SYN-W-0018,webcam,SYN-FACE-01,nose,0.1968208680235581
SYN-W-0018,webcam,SYN-FACE-01,mouth,0.19945271185961316
SYN-W-0018,webcam,SYN-FACE-01,other,0.025157311215512696
SYN-W-0018,webcam,SYN-FACE-02,left_eye,0.12380344065105026
SYN-W-0018,webcam,SYN-FACE-02,right_eye,0.2507621054538011
SYN-W-0018,webcam,SYN-FACE-02,nose,0.07821645305798869
SYN-W-0018,webcam,SYN-FACE-02,mouth,0.54721800083716
SYN-W-0018,webcam,SYN-FACE-02,other,0.0
SYN-W-0018,webcam,SYN-FACE-03,left_eye,0.26430657554469095
SYN-W-0018,webcam,SYN-FACE-03,right_eye,0.15893108694860222
SYN-W-0018,webcam,SYN-FACE-03,nose,0.15728319791866174
SYN-W-0018,webcam,SYN-FACE-03,mouth,0.3381814343609505
SYN-W-0018,webcam,SYN-FACE-03,other,0.08129770522709452
SYN-W-0019,webcam,SYN-FACE-01,left_eye,0.2654993159888632
SYN-W-0019,webcam,SYN-FACE-01,right_eye,0.2458960817777759
SYN-W-0019,webcam,SYN-FACE-01,nose,0.3060218633715002
SYN-W-0019,webcam,SYN-FACE-01,mouth,0.15602414520892427
SYN-W-0019,webcam,SYN-FACE-01,other,0.02655859365293626
SYN-W-0019,webcam,SYN-FACE-02,left_eye,0.13365389292530988
SYN-W-0019,webcam,SYN-FACE-02,right_eye,0.2694683149050603
SYN-W-0019,webcam,SYN-FACE-02,nose,0.23914571867722792
SYN-W-0019,webcam,SYN-FACE-02,mouth,0.35773207349240194
SYN-W-0019,webcam,SYN-FACE-02,other,0.0
SYN-W-0019,webcam,SYN-FACE-03,left_eye,0.19659335210943846
SYN-W-0019,webcam,SYN-FACE-03,right_eye,0.3962508195377562
SYN-W-0019,webcam,SYN-FACE-03,nose,0.15002526493213605
SYN-W-0019,webcam,SYN-FACE-03,mouth,0.25713056342066937
SYN-W-0019,webcam,SYN-FACE-03,other,0.0
SYN-W-0020,webcam,SYN-FACE-01,left_eye,0.17031915420676208
SYN-W-0020,webcam,SYN-FACE-01,right_eye,0.35095887187919583
SYN-W-0020,webcam,SYN-FACE-01,nose,0.05754647211647622
SYN-W-0020,webcam,SYN-FACE-01,mouth,0.38857350951338165
SYN-W-0020,webcam,SYN-FACE-01,other,0.03260199228418423
SYN-W-0020,webcam,SYN-FACE-02,left_eye,0.15694403058393971
SYN-W-0020,webcam,SYN-FACE-02,right_eye,0.36222022169497253
SYN-W-0020,webcam,SYN-FACE-02,nose,0.09132890036569094
SYN-W-0020,webcam,SYN-FACE-02,mouth,0.32925562974392936
SYN-W-0020,webcam,SYN-FACE-02,other,0.060251217611467484
SYN-W-0020,webcam,SYN-FACE-03,left_eye,0.234935333035002
SYN-W-0020,webcam,SYN-FACE-03,right_eye,0.22080502131870652
SYN-W-0020,webcam,SYN-FACE-03,nose,0.30117351972048056
SYN-W-0020,webcam,SYN-FACE-03,mouth,0.13151775327328544
SYN-W-0020,webcam,SYN-FACE-03,other,0.11156837265252555
SYN-W-0021,webcam,SYN-FACE-01,left_eye,0.041510154774356725
SYN-W-0021,webcam,SYN-FACE-01,right_eye,0.27728627168750225
SYN-W-0021,webcam,SYN-FACE-01,nose,0.14986030878038442
SYN-W-0021,webcam,SYN-FACE-01,mouth,0.3741873649782958
SYN-W-0021,webcam,SYN-FACE-01,other,0.1571558997794608
SYN-W-0021,webcam,SYN-FACE-02,left_eye,0.07702375303560888
SYN-W-0021,webcam,SYN-FACE-02,right_eye,0.23280140211012484
SYN-W-0021,webcam,SYN-FACE-02,nose,0.267767550951629
SYN-W-0021,webcam,SYN-FACE-02,mouth,0.39636923963691356
SYN-W-0021,webcam,SYN-FACE-02,other,0.0260380542657237
SYN-W-0021,webcam,SYN-FACE-03,left_eye,0.3210990772355564
SYN-W-0021,webcam,SYN-FACE-03,right_eye,0.20264898221426914
SYN-W-0021,webcam,SYN-FACE-03,nose,0.3532827745354626
SYN-W-0021,webcam,SYN-FACE-03,mouth,0.043285396658626525
SYN-W-0021,webcam,SYN-FACE-03,other,0.07968376935608538
SYN-W-0022,webcam,SYN-FACE-01,left_eye,0.20409426076520404
SYN-W-0022,webcam,SYN-FACE-01,right_eye,0.35035959261752664
SYN-W-0022,webcam,SYN-FACE-01,nose,0.1888548445994414
SYN-W-0022,webcam,SYN-FACE-01,mouth,0.22183117595684299
SYN-W-0022,webcam,SYN-FACE-01,other,0.034860126060984965
SYN-W-0022,webcam,SYN-FACE-02,left_eye,0.22815955103361354
SYN-W-0022,webcam,SYN-FACE-02,right_eye,0.17650125754210913
SYN-W-0022,webcam,SYN-FACE-02,nose,0.21028707995386106
SYN-W-0022,webcam,SYN-FACE-02,mouth,0.2517985743614114
SYN-W-0022,webcam,SYN-FACE-02,other,0.1332535371090048
SYN-W-0022,webcam,SYN-FACE-03,left_eye,0.2539522991505375
SYN-W-0022,webcam,SYN-FACE-03,right_eye,0.16417763979717512
SYN-W-0022,webcam,SYN-FACE-03,nose,0.14772080362912668
SYN-W-0022,webcam,SYN-FACE-03,mouth,0.3391551402857019
SYN-W-0022,webcam,SYN-FACE-03,other,0.09499411713745878
SYN-W-0023,webcam,SYN-FACE-01,left_eye,0.04036533026360021
SYN-W-0023,webcam,SYN-FACE-01,right_eye,0.2558854626175929
SYN-W-0023,webcam,SYN-FACE-01,nose,0.2748847922210151
SYN-W-0023,webcam,SYN-FACE-01,mouth,0.3311882773712795
SYN-W-0023,webcam,SYN-FACE-01,other,0.09767613752651247
SYN-W-0023,webcam,SYN-FACE-02,left_eye,0.08945726095810133
SYN-W-0023,webcam,SYN-FACE-02,right_eye,0.4213824017508771
SYN-W-0023,webcam,SYN-FACE-02,nose,0.14334585058962226
SYN-W-0023,webcam,SYN-FACE-02,mouth,0.20278172028295094
SYN-W-0023,webcam,SYN-FACE-02,other,0.14303276641844845
SYN-W-0023,webcam,SYN-FACE-03,left_eye,0.5882790715675879
SYN-W-0023,webcam,SYN-FACE-03,right_eye,0.051835692536791995
SYN-W-0023,webcam,SYN-FACE-03,nose,0.1610609396266878
SYN-W-0023,webcam,SYN-FACE-03,mouth,0.19882429626893244
SYN-W-0023,webcam,SYN-FACE-03,other,0.0
SYN-W-0024,webcam,SYN-FACE-01,left_eye,0.20062056472268275
SYN-W-0024,webcam,SYN-FACE-01,right_eye,0.3649232638873998
SYN-W-0024,webcam,SYN-FACE-01,nose,0.26223465912273475
SYN-W-0024,webcam,SYN-FACE-01,mouth,0.10274845821571242
SYN-W-0024,webcam,SYN-FACE-01,other,0.06947305405147022
SYN-W-0024,webcam,SYN-FACE-02,left_eye,0.2356512144619169
SYN-W-0024,webcam,SYN-FACE-02,right_eye,0.17788276431284827
SYN-W-0024,webcam,SYN-FACE-02,nose,0.26091395904643594
SYN-W-0024,webcam,SYN-FACE-02,mouth,0.27034726145696275
SYN-W-0024,webcam,SYN-FACE-02,other,0.055204800721836145
SYN-W-0024,webcam,SYN-FACE-03,left_eye,0.20807326048973637
SYN-W-0024,webcam,SYN-FACE-03,right_eye,0.1697210499468374
SYN-W-0024,webcam,SYN-FACE-03,nose,0.2162861650374054
SYN-W-0024,webcam,SYN-FACE-03,mouth,0.18033601624676743
SYN-W-0024,webcam,SYN-FACE-03,other,0.22558350827925333
SYN-W-0025,webcam,SYN-FACE-01,left_eye,0.02911055493157953
SYN-W-0025,webcam,SYN-FACE-01,right_eye,0.5112355631103926
SYN-W-0025,webcam,SYN-FACE-01,nose,0.315107956964857
SYN-W-0025,webcam,SYN-FACE-01,mouth,0.14454592499317087
SYN-W-0025,webcam,SYN-FACE-01,other,0.0
SYN-W-0025,webcam,SYN-FACE-02,left_eye,0.23318857791190584
SYN-W-0025,webcam,SYN-FACE-02,right_eye,0.20111488621158793
SYN-W-0025,webcam,SYN-FACE-02,nose,0.026825949927626717
SYN-W-0025,webcam,SYN-FACE-02,mouth,0.4362362844660815
SYN-W-0025,webcam,SYN-FACE-02,other,0.10263430148279797
SYN-W-0025,webcam,SYN-FACE-03,left_eye,0.26858508415175386
SYN-W-0025,webcam,SYN-FACE-03,right_eye,0.14730711750872733
SYN-W-0025,webcam,SYN-FACE-03,nose,0.21885173253254572
SYN-W-0025,webcam,SYN-FACE-03,mouth,0.3254624086753112
SYN-W-0025,webcam,SYN-FACE-03,other,0.03979365713166196
SYN-W-0026,webcam,SYN-FACE-01,left_eye,0.327671919827846
SYN-W-0026,webcam,SYN-FACE-01,right_eye,0.3650343923817174
SYN-W-0026,webcam,SYN-FACE-01,nose,0.16542627711787466
SYN-W-0026,webcam,SYN-FACE-01,mouth,0.06692338568715786
SYN-W-0026,webcam,SYN-FACE-01,other,0.07494402498540403
SYN-W-0026,webcam,SYN-FACE-02,left_eye,0.12164176314061141
SYN-W-0026,webcam,SYN-FACE-02,right_eye,0.36867989506294463
SYN-W-0026,webcam,SYN-FACE-02,nose,0.08072455474413624
SYN-W-0026,webcam,SYN-FACE-02,mouth,0.27667335195490805
SYN-W-0026,webcam,SYN-FACE-02,other,0.1522804350973997
SYN-W-0026,webcam,SYN-FACE-03,left_eye,0.3746650510043491
SYN-W-0026,webcam,SYN-FACE-03,right_eye,0.1965931476774627
SYN-W-0026,webcam,SYN-FACE-03,nose,0.1502481020378707
SYN-W-0026,webcam,SYN-FACE-03,mouth,0.2144585712125691
SYN-W-0026,webcam,SYN-FACE-03,other,0.06403512806774846
SYN-W-0027,webcam,SYN-FACE-01,left_eye,0.3134751309370126
SYN-W-0027,webcam,SYN-FACE-01,right_eye,0.3154813777962426
SYN-W-0027,webcam,SYN-FACE-01,nose,0.2243324703815652
SYN-W-0027,webcam,SYN-FACE-01,mouth,0.14671102088517968
SYN-W-0027,webcam,SYN-FACE-01,other,0.0
SYN-W-0027,webcam,SYN-FACE-02,left_eye,0.1360914927979956
SYN-W-0027,webcam,SYN-FACE-02,right_eye,0.0854635514160884
SYN-W-0027,webcam,SYN-FACE-02,nose,0.22311877697444382
SYN-W-0027,webcam,SYN-FACE-02,mouth,0.48786518496488096
SYN-W-0027,webcam,SYN-FACE-02,other,0.06746099384659121
SYN-W-0027,webcam,SYN-FACE-03,left_eye,0.09598373320166238
SYN-W-0027,webcam,SYN-FACE-03,right_eye,0.2240369196324674
SYN-W-0027,webcam,SYN-FACE-03,nose,0.47842866896367664
SYN-W-0027,webcam,SYN-FACE-03,mouth,0.1577395094687495
SYN-W-0027,webcam,SYN-FACE-03,other,0.04381116873344407
SYN-W-0028,webcam,SYN-FACE-01,left_eye,0.14851913499020683
SYN-W-0028,webcam,SYN-FACE-01,right_eye,0.2981415923417875
SYN-W-0028,webcam,SYN-FACE-01,nose,0.15706802150755197
SYN-W-0028,webcam,SYN-FACE-01,mouth,0.31923806164778834
SYN-W-0028,webcam,SYN-FACE-01,other,0.0770331895126653
SYN-W-0028,webcam,SYN-FACE-02,left_eye,0.2986204589509331
SYN-W-0028,webcam,SYN-FACE-02,right_eye,0.28798696211586094
SYN-W-0028,webcam,SYN-FACE-02,nose,0.1407495716457209
SYN-W-0028,webcam,SYN-FACE-02,mouth,0.10583261995577763
SYN-W-0028,webcam,SYN-FACE-02,other,0.16681038733170747
SYN-W-0028,webcam,SYN-FACE-03,left_eye,0.354637235088389
SYN-W-0028,webcam,SYN-FACE-03,right_eye,0.16285925667226342
SYN-W-0028,webcam,SYN-FACE-03,nose,0.22994864418135885
SYN-W-0028,webcam,SYN-FACE-03,mouth,0.21321693247057816
SYN-W-0028,webcam,SYN-FACE-03,other,0.03933793158741051
SYN-W-0029,webcam,SYN-FACE-01,left_eye,0.26362280919641073
SYN-W-0029,webcam,SYN-FACE-01,right_eye,0.09297034565404488
SYN-W-0029,webcam,SYN-FACE-01,nose,0.38885076552777365
SYN-W-0029,webcam,SYN-FACE-01,mouth,0.15438012588863237
SYN-W-0029,webcam,SYN-FACE-01,other,0.10017595373313828
SYN-W-0029,webcam,SYN-FACE-02,left_eye,0.13655166083169082
SYN-W-0029,webcam,SYN-FACE-02,right_eye,0.10931541019572383
SYN-W-0029,webcam,SYN-FACE-02,nose,0.24508625082208407
SYN-W-0029,webcam,SYN-FACE-02,mouth,0.4699730926353228
SYN-W-0029,webcam,SYN-FACE-02,other,0.03907358551517856
SYN-W-0029,webcam,SYN-FACE-03,left_eye,0.2887354142478495
SYN-W-0029,webcam,SYN-FACE-03,right_eye,0.21220400817196955
SYN-W-0029,webcam,SYN-FACE-03,nose,0.14115983225332354
SYN-W-0029,webcam,SYN-FACE-03,mouth,0.23229790715263726
SYN-W-0029,webcam,SYN-FACE-03,other,0.1256028381742202
SYN-W-0030,webcam,SYN-FACE-01,left_eye,0.2788629703797348
SYN-W-0030,webcam,SYN-FACE-01,right_eye,0.27168870523470595
SYN-W-0030,webcam,SYN-FACE-01,nose,0.2842477914590637
SYN-W-0030,webcam,SYN-FACE-01,mouth,0.12164546253042419
SYN-W-0030,webcam,SYN-FACE-01,other,0.04355507039607139
SYN-W-0030,webcam,SYN-FACE-02,left_eye,0.2160395188991406
SYN-W-0030,webcam,SYN-FACE-02,right_eye,0.17632839050572954
SYN-W-0030,webcam,SYN-FACE-02,nose,0.3564429984316453
SYN-W-0030,webcam,SYN-FACE-02,mouth,0.25118909216348456
SYN-W-0030,webcam,SYN-FACE-02,other,0.0
SYN-W-0030,webcam,SYN-FACE-03,left_eye,0.28876549861487777
SYN-W-0030,webcam,SYN-FACE-03,right_eye,0.4088822009063439
SYN-W-0030,webcam,SYN-FACE-03,nose,0.07438441100718847
SYN-W-0030,webcam,SYN-FACE-03,mouth,0.19722123244394454
SYN-W-0030,webcam,SYN-FACE-03,other,0.030746657027645334
SYN-W-0031,webcam,SYN-FACE-01,left_eye,0.3709837576680026
SYN-W-0031,webcam,SYN-FACE-01,right_eye,0.3503834317221418
SYN-W-0031,webcam,SYN-FACE-01,nose,0.12505583425068723
SYN-W-0031,webcam,SYN-FACE-01,mouth,0.04397067924743484
SYN-W-0031,webcam,SYN-FACE-01,other,0.1096062971117335
SYN-W-0031,webcam,SYN-FACE-02,left_eye,0.35889486532624926
SYN-W-0031,webcam,SYN-FACE-02,right_eye,0.08998552986556596
SYN-W-0031,webcam,SYN-FACE-02,nose,0.302057191448917
SYN-W-0031,webcam,SYN-FACE-02,mouth,0.24906241335926785
SYN-W-0031,webcam,SYN-FACE-02,other,0.0
SYN-W-0031,webcam,SYN-FACE-03,left_eye,0.2641725058932102
SYN-W-0031,webcam,SYN-FACE-03,right_eye,0.38010365772781335
SYN-W-0031,webcam,SYN-FACE-03,nose,0.07379936648810585
SYN-W-0031,webcam,SYN-FACE-03,mouth,0.21139227412769615
SYN-W-0031,webcam,SYN-FACE-03,other,0.07053219576317446
SYN-W-0032,webcam,SYN-FACE-01,left_eye,0.31413268253765375
SYN-W-0032,webcam,SYN-FACE-01,right_eye,0.14935658684018052
SYN-W-0032,webcam,SYN-FACE-01,nose,0.17920983010900876
SYN-W-0032,webcam,SYN-FACE-01,mouth,0.284466772542177
SYN-W-0032,webcam,SYN-FACE-01,other,0.07283412797097996
SYN-W-0032,webcam,SYN-FACE-02,left_eye,0.2074065307790947
SYN-W-0032,webcam,SYN-FACE-02,right_eye,0.4131021203087593
SYN-W-0032,webcam,SYN-FACE-02,nose,0.13593670979059008
SYN-W-0032,webcam,SYN-FACE-02,mouth,0.24355463912155584
SYN-W-0032,webcam,SYN-FACE-02,other,0.0
SYN-W-0032,webcam,SYN-FACE-03,left_eye,0.28072310854337057
SYN-W-0032,webcam,SYN-FACE-03,right_eye,0.2627554349220627
SYN-W-0032,webcam,SYN-FACE-03,nose,0.32380938281404903
SYN-W-0032,webcam,SYN-FACE-03,mouth,0.031353097815592756
SYN-W-0032,webcam,SYN-FACE-03,other,0.10135897590492497
SYN-W-0033,webcam,SYN-FACE-01,left_eye,0.0848744917530944
SYN-W-0033,webcam,SYN-FACE-01,right_eye,0.389064342397745
SYN-W-0033,webcam,SYN-FACE-01,nose,0.1488504950719823
SYN-W-0033,webcam,SYN-FACE-01,mouth,0.14957484424273645
SYN-W-0033,webcam,SYN-FACE-01,other,0.22763582653444184
SYN-W-0033,webcam,SYN-FACE-02,left_eye,0.38475371895982835
SYN-W-0033,webcam,SYN-FACE-02,right_eye,0.10919224806491372
SYN-W-0033,webcam,SYN-FACE-02,nose,0.13697801549018648
SYN-W-0033,webcam,SYN-FACE-02,mouth,0.33298863510865984
SYN-W-0033,webcam,SYN-FACE-02,other,0.036087382376411625
SYN-W-0033,webcam,SYN-FACE-03,left_eye,0.40054698349648354
SYN-W-0033,webcam,SYN-FACE-03,right_eye,0.11842036123019374
SYN-W-0033,webcam,SYN-FACE-03,nose,0.3024846028632686
SYN-W-0033,webcam,SYN-FACE-03,mouth,0.05282972301461449
SYN-W-0033,webcam,SYN-FACE-03,other,0.12571832939543962
SYN-W-0034,webcam,SYN-FACE-01,left_eye,0.5703627359269924
SYN-W-0034,webcam,SYN-FACE-01,right_eye,0.28323917457938297
SYN-W-0034,webcam,SYN-FACE-01,nose,0.04484225901946379
SYN-W-0034,webcam,SYN-FACE-01,mouth,0.04566331858286127
SYN-W-0034,webcam,SYN-FACE-01,other,0.055892511891299554
SYN-W-0034,webcam,SYN-FACE-02,left_eye,0.1235496238212847
SYN-W-0034,webcam,SYN-FACE-02,right_eye,0.31377949307365105
SYN-W-0034,webcam,SYN-FACE-02,nose,0.04837754543113638
SYN-W-0034,webcam,SYN-FACE-02,mouth,0.5142933376739279
SYN-W-0034,webcam,SYN-FACE-02,other,0.0
SYN-W-0034,webcam,SYN-FACE-03,left_eye,0.15246183976155725
SYN-W-0034,webcam,SYN-FACE-03,right_eye,0.07740849392363477
SYN-W-0034,webcam,SYN-FACE-03,nose,0.45378023447578186
SYN-W-0034,webcam,SYN-FACE-03,mouth,0.2673766879625464
SYN-W-0034,webcam,SYN-FACE-03,other,0.04897274387647982
SYN-W-0035,webcam,SYN-FACE-01,left_eye,0.17570008562647624
SYN-W-0035,webcam,SYN-FACE-01,right_eye,0.2164002779778878
SYN-W-0035,webcam,SYN-FACE-01,nose,0.28807713386924416
SYN-W-0035,webcam,SYN-FACE-01,mouth,0.2278640650506038
SYN-W-0035,webcam,SYN-FACE-01,other,0.09195843747578794
SYN-W-0035,webcam,SYN-FACE-02,left_eye,0.13260310973770723
SYN-W-0035,webcam,SYN-FACE-02,right_eye,0.29861943789557094
SYN-W-0035,webcam,SYN-FACE-02,nose,0.11105281306841144
SYN-W-0035,webcam,SYN-FACE-02,mouth,0.32976647489561306
SYN-W-0035,webcam,SYN-FACE-02,other,0.1279581644026973
SYN-W-0035,webcam,SYN-FACE-03,left_eye,0.3398359861305972
SYN-W-0035,webcam,SYN-FACE-03,right_eye,0.12507474456559478
SYN-W-0035,webcam,SYN-FACE-03,nose,0.38315576244719735
SYN-W-0035,webcam,SYN-FACE-03,mouth,0.04808266345814299
SYN-W-0035,webcam,SYN-FACE-03,other,0.10385084339846765
SYN-W-0036,webcam,SYN-FACE-01,left_eye,0.4595491170632945
SYN-W-0036,webcam,SYN-FACE-01,right_eye,0.1679431391208248
SYN-W-0036,webcam,SYN-FACE-01,nose,0.13806752940520525
SYN-W-0036,webcam,SYN-FACE-01,mouth,0.1589742385129598
SYN-W-0036,webcam,SYN-FACE-01,other,0.07546597589771573
SYN-W-0036,webcam,SYN-FACE-02,left_eye,0.24213488380497064
SYN-W-0036,webcam,SYN-FACE-02,right_eye,0.13919927259478557
SYN-W-0036,webcam,SYN-FACE-02,nose,0.38310525101052273
SYN-W-0036,webcam,SYN-FACE-02,mouth,0.20466847267654892
SYN-W-0036,webcam,SYN-FACE-02,other,0.030892119913172176
SYN-W-0036,webcam,SYN-FACE-03,left_eye,0.5239318214719507
SYN-W-0036,webcam,SYN-FACE-03,right_eye,0.2613734466005518
SYN-W-0036,webcam,SYN-FACE-03,nose,0.07006735691429897
SYN-W-0036,webcam,SYN-FACE-03,mouth,0.10935644693995814
SYN-W-0036,webcam,SYN-FACE-03,other,0.035270928073240386
SYN-W-0037,webcam,SYN-FACE-01,left_eye,0.13386501484811036
SYN-W-0037,webcam,SYN-FACE-01,right_eye,0.2780775428124289
SYN-W-0037,webcam,SYN-FACE-01,nose,0.22719232709978618
SYN-W-0037,webcam,SYN-FACE-01,mouth,0.34048184548552785
SYN-W-0037,webcam,SYN-FACE-01,other,0.020383269754146727
SYN-W-0037,webcam,SYN-FACE-02,left_eye,0.15401271836485522
SYN-W-0037,webcam,SYN-FACE-02,right_eye,0.40751067700371796
SYN-W-0037,webcam,SYN-FACE-02,nose,0.04189174370996201
SYN-W-0037,webcam,SYN-FACE-02,mouth,0.3635106952767937
SYN-W-0037,webcam,SYN-FACE-02,other,0.0330741656446712
SYN-W-0037,webcam,SYN-FACE-03,left_eye,0.21167635325415754
SYN-W-0037,webcam,SYN-FACE-03,right_eye,0.23466222510411536
SYN-W-0037,webcam,SYN-FACE-03,nose,0.2973792948534351
SYN-W-0037,webcam,SYN-FACE-03,mouth,0.256282126788292
SYN-W-0037,webcam,SYN-FACE-03,other,0.0
SYN-W-0038,webcam,SYN-FACE-01,left_eye,0.4464738796618844
SYN-W-0038,webcam,SYN-FACE-01,right_eye,0.11755614183554018
SYN-W-0038,webcam,SYN-FACE-01,nose,0.07521748294261003
SYN-W-0038,webcam,SYN-FACE-01,mouth,0.13017358955926395
SYN-W-0038,webcam,SYN-FACE-01,other,0.2305789060007014
SYN-W-0038,webcam,SYN-FACE-02,left_eye,0.32631873728069083
SYN-W-0038,webcam,SYN-FACE-02,right_eye,0.13365798479581179
SYN-W-0038,webcam,SYN-FACE-02,nose,0.3300663535143786
SYN-W-0038,webcam,SYN-FACE-02,mouth,0.1022067628935292
SYN-W-0038,webcam,SYN-FACE-02,other,0.10775016151558967
SYN-W-0038,webcam,SYN-FACE-03,left_eye,0.2545401263337441
SYN-W-0038,webcam,SYN-FACE-03,right_eye,0.21246400241492938
SYN-W-0038,webcam,SYN-FACE-03,nose,0.24793658157863824
SYN-W-0038,webcam,SYN-FACE-03,mouth,0.20180041403686186
SYN-W-0038,webcam,SYN-FACE-03,other,0.08325887563582636
SYN-W-0039,webcam,SYN-FACE-01,left_eye,0.1724774824034597
SYN-W-0039,webcam,SYN-FACE-01,right_eye,0.35435283234223786
SYN-W-0039,webcam,SYN-FACE-01,nose,0.0938460086006374
SYN-W-0039,webcam,SYN-FACE-01,mouth,0.37932367665366507
SYN-W-0039,webcam,SYN-FACE-01,other,0.0
SYN-W-0039,webcam,SYN-FACE-02,left_eye,0.2881721557322589
SYN-W-0039,webcam,SYN-FACE-02,right_eye,0.09977952680730384
SYN-W-0039,webcam,SYN-FACE-02,nose,0.1797795046728634
SYN-W-0039,webcam,SYN-FACE-02,mouth,0.3886220136003927
SYN-W-0039,webcam,SYN-FACE-02,other,0.04364679918718109
SYN-W-0039,webcam,SYN-FACE-03,left_eye,0.12944024709209706
SYN-W-0039,webcam,SYN-FACE-03,right_eye,0.19694969535605275
SYN-W-0039,webcam,SYN-FACE-03,nose,0.12183025567881775
SYN-W-0039,webcam,SYN-FACE-03,mouth,0.4926816852192065
SYN-W-0039,webcam,SYN-FACE-03,other,0.059098116653825965
SYN-W-0040,webcam,SYN-FACE-01,left_eye,0.038133959005110185
SYN-W-0040,webcam,SYN-FACE-01,right_eye,0.24908900795378988
SYN-W-0040,webcam,SYN-FACE-01,nose,0.2724396886329695
SYN-W-0040,webcam,SYN-FACE-01,mouth,0.31143760772359014
SYN-W-0040,webcam,SYN-FACE-01,other,0.12889973668454027
SYN-W-0040,webcam,SYN-FACE-02,left_eye,0.3481658771465106
SYN-W-0040,webcam,SYN-FACE-02,right_eye,0.16585360703493207
SYN-W-0040,webcam,SYN-FACE-02,nose,0.22696943554815377
SYN-W-0040,webcam,SYN-FACE-02,mouth,0.16606210942249036
SYN-W-0040,webcam,SYN-FACE-02,other,0.09294897084791313
SYN-W-0040,webcam,SYN-FACE-03,left_eye,0.3850455718109182
SYN-W-0040,webcam,SYN-FACE-03,right_eye,0.1431418704176478
SYN-W-0040,webcam,SYN-FACE-03,nose,0.29802287391358123
SYN-W-0040,webcam,SYN-FACE-03,mouth,0.13502714635127935
SYN-W-0040,webcam,SYN-FACE-03,other,0.03876253750657342
SYN-W-0041,webcam,SYN-FACE-01,left_eye,0.41231380774690496
SYN-W-0041,webcam,SYN-FACE-01,right_eye,0.1356199214440726
SYN-W-0041,webcam,SYN-FACE-01,nose,0.16463726295888953
SYN-W-0041,webcam,SYN-FACE-01,mouth,0.20770126772313702
SYN-W-0041,webcam,SYN-FACE-01,other,0.07972774012699586
SYN-W-0041,webcam,SYN-FACE-02,left_eye,0.36794296497711393
SYN-W-0041,webcam,SYN-FACE-02,right_eye,0.3334041218797649
SYN-W-0041,webcam,SYN-FACE-02,nose,0.0
SYN-W-0041,webcam,SYN-FACE-02,mouth,0.29865291314312115
SYN-W-0041,webcam,SYN-FACE-02,other,0.0
SYN-W-0041,webcam,SYN-FACE-03,left_eye,0.309634712298791
SYN-W-0041,webcam,SYN-FACE-03,right_eye,0.33369176341169365
SYN-W-0041,webcam,SYN-FACE-03,nose,0.2776517178209427
SYN-W-0041,webcam,SYN-FACE-03,mouth,0.032480745289856186
SYN-W-0041,webcam,SYN-FACE-03,other,0.04654106117871645
SYN-W-0042,webcam,SYN-FACE-01,left_eye,0.20129579888060514
SYN-W-0042,webcam,SYN-FACE-01,right_eye,0.17442108559187838
SYN-W-0042,webcam,SYN-FACE-01,nose,0.17760914950377638
SYN-W-0042,webcam,SYN-FACE-01,mouth,0.2390856823359073
SYN-W-0042,webcam,SYN-FACE-01,other,0.20758828368783272
SYN-W-0042,webcam,SYN-FACE-02,left_eye,0.3309258651873542
SYN-W-0042,webcam,SYN-FACE-02,right_eye,0.19066762942870377
SYN-W-0042,webcam,SYN-FACE-02,nose,0.02331830490975901
SYN-W-0042,webcam,SYN-FACE-02,mouth,0.455088200474183
SYN-W-0042,webcam,SYN-FACE-02,other,0.0
SYN-W-0042,webcam,SYN-FACE-03,left_eye,0.282914286075835
SYN-W-0042,webcam,SYN-FACE-03,right_eye,0.22189330730899853
SYN-W-0042,webcam,SYN-FACE-03,nose,0.18929078137178204
SYN-W-0042,webcam,SYN-FACE-03,mouth,0.21353908070818606
SYN-W-0042,webcam,SYN-FACE-03,other,0.09236254453519836
SYN-W-0043,webcam,SYN-FACE-01,left_eye,0.22681744213407698
SYN-W-0043,webcam,SYN-FACE-01,right_eye,0.2758247464503988
SYN-W-0043,webcam,SYN-FACE-01,nose,0.19588848646283513
SYN-W-0043,webcam,SYN-FACE-01,mouth,0.23079593697960818
SYN-W-0043,webcam,SYN-FACE-01,other,0.07067338797308095
SYN-W-0043,webcam,SYN-FACE-02,left_eye,0.46598372477419464
SYN-W-0043,webcam,SYN-FACE-02,right_eye,0.08196020341537968
SYN-W-0043,webcam,SYN-FACE-02,nose,0.18173119212399813
SYN-W-0043,webcam,SYN-FACE-02,mouth,0.2703248796864276
SYN-W-0043,webcam,SYN-FACE-02,other,0.0
SYN-W-0043,webcam,SYN-FACE-03,left_eye,0.29885670131709996
SYN-W-0043,webcam,SYN-FACE-03,right_eye,0.17410565943932507
SYN-W-0043,webcam,SYN-FACE-03,nose,0.33512476880163217
SYN-W-0043,webcam,SYN-FACE-03,mouth,0.15854913371314844
SYN-W-0043,webcam,SYN-FACE-03,other,0.033363736728794335
SYN-W-0044,webcam,SYN-FACE-01,left_eye,0.3117334863668491
SYN-W-0044,webcam,SYN-FACE-01,right_eye,0.33575321493225785
SYN-W-0044,webcam,SYN-FACE-01,nose,0.20418449121528198
SYN-W-0044,webcam,SYN-FACE-01,mouth,0.07136852412000327
SYN-W-0044,webcam,SYN-FACE-01,other,0.07696028336560773
SYN-W-0044,webcam,SYN-FACE-02,left_eye,0.16216254001812067
SYN-W-0044,webcam,SYN-FACE-02,right_eye,0.22668495851660225
SYN-W-0044,webcam,SYN-FACE-02,nose,0.30631530456588596
SYN-W-0044,webcam,SYN-FACE-02,mouth,0.3048371968993911
SYN-W-0044,webcam,SYN-FACE-02,other,0.0
SYN-W-0044,webcam,SYN-FACE-03,left_eye,0.22603860278119225
SYN-W-0044,webcam,SYN-FACE-03,right_eye,0.4464489592283169
SYN-W-0044,webcam,SYN-FACE-03,nose,0.21602657776167458
SYN-W-0044,webcam,SYN-FACE-03,mouth,0.11148586022881621
SYN-W-0044,webcam,SYN-FACE-03,other,0.0
SYN-W-0045,webcam,SYN-FACE-01,left_eye,0.057007485994842184
SYN-W-0045,webcam,SYN-FACE-01,right_eye,0.3831426236113757
SYN-W-0045,webcam,SYN-FACE-01,nose,0.21185095997717251
SYN-W-0045,webcam,SYN-FACE-01,mouth,0.14809519318659825
SYN-W-0045,webcam,SYN-FACE-01,other,0.19990373723001126
SYN-W-0045,webcam,SYN-FACE-02,left_eye,0.3320201231374129
SYN-W-0045,webcam,SYN-FACE-02,right_eye,0.14359783521910993
SYN-W-0045,webcam,SYN-FACE-02,nose,0.15945254569928088
SYN-W-0045,webcam,SYN-FACE-02,mouth,0.36492949594419627
SYN-W-0045,webcam,SYN-FACE-02,other,0.0
SYN-W-0045,webcam,SYN-FACE-03,left_eye,0.25913460514038855
SYN-W-0045,webcam,SYN-FACE-03,right_eye,0.23446440066542867
SYN-W-0045,webcam,SYN-FACE-03,nose,0.15312154565324088
SYN-W-0045,webcam,SYN-FACE-03,mouth,0.29318968868504497
SYN-W-0045,webcam,SYN-FACE-03,other,0.06008975985589696
SYN-W-0046,webcam,SYN-FACE-01,left_eye,0.2224928726321433
SYN-W-0046,webcam,SYN-FACE-01,right_eye,0.18606536806450874
SYN-W-0046,webcam,SYN-FACE-01,nose,0.09660505015618683
SYN-W-0046,webcam,SYN-FACE-01,mouth,0.41765086058567064
SYN-W-0046,webcam,SYN-FACE-01,other,0.07718584856149058
SYN-W-0046,webcam,SYN-FACE-02,left_eye,0.0632120389845567
SYN-W-0046,webcam,SYN-FACE-02,right_eye,0.40348174720102664
SYN-W-0046,webcam,SYN-FACE-02,nose,0.07418477531142369
SYN-W-0046,webcam,SYN-FACE-02,mouth,0.27191624746482895
SYN-W-0046,webcam,SYN-FACE-02,other,0.187205191038164
SYN-W-0046,webcam,SYN-FACE-03,left_eye,0.3948076764569378
SYN-W-0046,webcam,SYN-FACE-03,right_eye,0.34800348295962485
SYN-W-0046,webcam,SYN-FACE-03,nose,0.09817059047319036
SYN-W-0046,webcam,SYN-FACE-03,mouth,0.09604215913360513
SYN-W-0046,webcam,SYN-FACE-03,other,0.06297609097664186
SYN-W-0047,webcam,SYN-FACE-01,left_eye,0.3620868522253554
SYN-W-0047,webcam,SYN-FACE-01,right_eye,0.3982151593509699
SYN-W-0047,webcam,SYN-FACE-01,nose,0.11251467602520972
SYN-W-0047,webcam,SYN-FACE-01,mouth,0.07696205557860021
SYN-W-0047,webcam,SYN-FACE-01,other,0.05022125681986481
SYN-W-0047,webcam,SYN-FACE-02,left_eye,0.1146949275076425
SYN-W-0047,webcam,SYN-FACE-02,right_eye,0.1778500370136589
SYN-W-0047,webcam,SYN-FACE-02,nose,0.1450055365332916
SYN-W-0047,webcam,SYN-FACE-02,mouth,0.5469630324463058
SYN-W-0047,webcam,SYN-FACE-02,other,0.01548646649910117
SYN-W-0047,webcam,SYN-FACE-03,left_eye,0.32943901419229793
SYN-W-0047,webcam,SYN-FACE-03,right_eye,0.21709074595005926
SYN-W-0047,webcam,SYN-FACE-03,nose,0.21171085170351694
SYN-W-0047,webcam,SYN-FACE-03,mouth,0.16087524500469186
SYN-W-0047,webcam,SYN-FACE-03,other,0.08088414314943404
SYN-W-0048,webcam,SYN-FACE-01,left_eye,0.13381245687881452
SYN-W-0048,webcam,SYN-FACE-01,right_eye,0.21645638769486342
SYN-W-0048,webcam,SYN-FACE-01,nose,0.21111525212465201
SYN-W-0048,webcam,SYN-FACE-01,mouth,0.2311872009563664
SYN-W-0048,webcam,SYN-FACE-01,other,0.2074287023453037
SYN-W-0048,webcam,SYN-FACE-02,left_eye,0.09201308723292886
SYN-W-0048,webcam,SYN-FACE-02,right_eye,0.17818343801949502
SYN-W-0048,webcam,SYN-FACE-02,nose,0.21728355083083714
SYN-W-0048,webcam,SYN-FACE-02,mouth,0.512519923916739
SYN-W-0048,webcam,SYN-FACE-02,other,0.0
SYN-W-0048,webcam,SYN-FACE-03,left_eye,0.3744455098519361
SYN-W-0048,webcam,SYN-FACE-03,right_eye,0.2302646018568237
SYN-W-0048,webcam,SYN-FACE-03,nose,0.18355346682317644
SYN-W-0048,webcam,SYN-FACE-03,mouth,0.12798689514527756
SYN-W-0048,webcam,SYN-FACE-03,other,0.08374952632278616
SYN-W-0049,webcam,SYN-FACE-01,left_eye,0.036092983709495985
SYN-W-0049,webcam,SYN-FACE-01,right_eye,0.21695276923152929
SYN-W-0049,webcam,SYN-FACE-01,nose,0.3624523471829047
SYN-W-0049,webcam,SYN-FACE-01,mouth,0.34397054797062415
SYN-W-0049,webcam,SYN-FACE-01,other,0.04053135190544582
SYN-W-0049,webcam,SYN-FACE-02,left_eye,0.346337007775387
SYN-W-0049,webcam,SYN-FACE-02,right_eye,0.3617405789624715
SYN-W-0049,webcam,SYN-FACE-02,nose,0.2035655454761929
SYN-W-0049,webcam,SYN-FACE-02,mouth,0.08835686778594848
SYN-W-0049,webcam,SYN-FACE-02,other,0.0
SYN-W-0049,webcam,SYN-FACE-03,left_eye,0.49580569464294205
SYN-W-0049,webcam,SYN-FACE-03,right_eye,0.09021744857655639
SYN-W-0049,webcam,SYN-FACE-03,nose,0.24777625941744846
SYN-W-0049,webcam,SYN-FACE-03,mouth,0.13956023422098213
SYN-W-0049,webcam,SYN-FACE-03,other,0.026640363142070925
SYN-W-0050,webcam,SYN-FACE-01,left_eye,0.3435152430275322
SYN-W-0050,webcam,SYN-FACE-01,right_eye,0.13668738462494975
SYN-W-0050,webcam,SYN-FACE-01,nose,0.39961205477653566
SYN-W-0050,webcam,SYN-FACE-01,mouth,0.03329152250258986
SYN-W-0050,webcam,SYN-FACE-01,other,0.08689379506839252
SYN-W-0050,webcam,SYN-FACE-02,left_eye,0.3090081485268279
SYN-W-0050,webcam,SYN-FACE-02,right_eye,0.15831875615000363
SYN-W-0050,webcam,SYN-FACE-02,nose,0.23231843785737757
SYN-W-0050,webcam,SYN-FACE-02,mouth,0.30035465746579093
SYN-W-0050,webcam,SYN-FACE-02,other,0.0
SYN-W-0050,webcam,SYN-FACE-03,left_eye,0.1322120751969491
SYN-W-0050,webcam,SYN-FACE-03,right_eye,0.23698684911767406
SYN-W-0050,webcam,SYN-FACE-03,nose,0.3112024578591629
SYN-W-0050,webcam,SYN-FACE-03,mouth,0.28660503750904537
SYN-W-0050,webcam,SYN-FACE-03,other,0.03299358031716852
SYN-W-0051,webcam,SYN-FACE-01,left_eye,0.3829341841124102
SYN-W-0051,webcam,SYN-FACE-01,right_eye,0.34239003908418736
SYN-W-0051,webcam,SYN-FACE-01,nose,0.03211997668611588
SYN-W-0051,webcam,SYN-FACE-01,mouth,0.11331144945116062
SYN-W-0051,webcam,SYN-FACE-01,other,0.1292443506661259
SYN-W-0051,webcam,SYN-FACE-02,left_eye,0.12277234724253612
SYN-W-0051,webcam,SYN-FACE-02,right_eye,0.3504862202976282
SYN-W-0051,webcam,SYN-FACE-02,nose,0.15080262009191278
SYN-W-0051,webcam,SYN-FACE-02,mouth,0.31094994227782025
SYN-W-0051,webcam,SYN-FACE-02,other,0.06498887009010255
SYN-W-0051,webcam,SYN-FACE-03,left_eye,0.49062891032532624
SYN-W-0051,webcam,SYN-FACE-03,right_eye,0.11076748269344376
SYN-W-0051,webcam,SYN-FACE-03,nose,0.04448681150325526
SYN-W-0051,webcam,SYN-FACE-03,mouth,0.2647350146976683
SYN-W-0051,webcam,SYN-FACE-03,other,0.08938178078030645
SYN-W-0052,webcam,SYN-FACE-01,left_eye,0.09097395052430512
SYN-W-0052,webcam,SYN-FACE-01,right_eye,0.3179257144179006
SYN-W-0052,webcam,SYN-FACE-01,nose,0.10771386768780322
SYN-W-0052,webcam,SYN-FACE-01,mouth,0.39295625777675947
SYN-W-0052,webcam,SYN-FACE-01,other,0.09043020959323168
SYN-W-0052,webcam,SYN-FACE-02,left_eye,0.1466351584274554
SYN-W-0052,webcam,SYN-FACE-02,right_eye,0.2522458519049099
SYN-W-0052,webcam,SYN-FACE-02,nose,0.19288244081196718
SYN-W-0052,webcam,SYN-FACE-02,mouth,0.3647570549456987
SYN-W-0052,webcam,SYN-FACE-02,other,0.04347949390996886
SYN-W-0052,webcam,SYN-FACE-03,left_eye,0.204949560928471
SYN-W-0052,webcam,SYN-FACE-03,right_eye,0.28510134603457593
SYN-W-0052,webcam,SYN-FACE-03,nose,0.16720209147963772
SYN-W-0052,webcam,SYN-FACE-03,mouth,0.16430616468425382
SYN-W-0052,webcam,SYN-FACE-03,other,0.17844083687306153
SYN-W-0053,webcam,SYN-FACE-01,left_eye,0.2368255390859678
SYN-W-0053,webcam,SYN-FACE-01,right_eye,0.18592699975643648
SYN-W-0053,webcam,SYN-FACE-01,nose,0.2520476417037173
SYN-W-0053,webcam,SYN-FACE-01,mouth,0.17691514564681798
SYN-W-0053,webcam,SYN-FACE-01,other,0.14828467380706045
SYN-W-0053,webcam,SYN-FACE-02,left_eye,0.14457335214944436
SYN-W-0053,webcam,SYN-FACE-02,right_eye,0.21735411215369116
SYN-W-0053,webcam,SYN-FACE-02,nose,0.2964227465108919
SYN-W-0053,webcam,SYN-FACE-02,mouth,0.2852886028427905
SYN-W-0053,webcam,SYN-FACE-02,other,0.05636118634318211
SYN-W-0053,webcam,SYN-FACE-03,left_eye,0.42223806718397283
SYN-W-0053,webcam,SYN-FACE-03,right_eye,0.1303264457326237
SYN-W-0053,webcam,SYN-FACE-03,nose,0.1436568293219014
SYN-W-0053,webcam,SYN-FACE-03,mouth,0.26702396874873346
SYN-W-0053,webcam,SYN-FACE-03,other,0.036754689012768633
SYN-W-0054,webcam,SYN-FACE-01,left_eye,0.4156847084083435
SYN-W-0054,webcam,SYN-FACE-01,right_eye,0.24667475992972435
SYN-W-0054,webcam,SYN-FACE-01,nose,0.21949693444350177
SYN-W-0054,webcam,SYN-FACE-01,mouth,0.08550915409525994
SYN-W-0054,webcam,SYN-FACE-01,other,0.032634443123170404
SYN-W-0054,webcam,SYN-FACE-02,left_eye,0.11499652260020322
SYN-W-0054,webcam,SYN-FACE-02,right_eye,0.34133551253479855
SYN-W-0054,webcam,SYN-FACE-02,nose,0.26518322461520344
SYN-W-0054,webcam,SYN-FACE-02,mouth,0.22738576659982457
SYN-W-0054,webcam,SYN-FACE-02,other,0.05109897364997027
SYN-W-0054,webcam,SYN-FACE-03,left_eye,0.458719156212976
SYN-W-0054,webcam,SYN-FACE-03,right_eye,0.27238451412201126
SYN-W-0054,webcam,SYN-FACE-03,nose,0.24017368056979704
SYN-W-0054,webcam,SYN-FACE-03,mouth,0.028722649095215724
SYN-W-0054,webcam,SYN-FACE-03,other,0.0
SYN-W-0055,webcam,SYN-FACE-01,left_eye,0.22070493690044837
SYN-W-0055,webcam,SYN-FACE-01,right_eye,0.3536625175344034
SYN-W-0055,webcam,SYN-FACE-01,nose,0.1756905327004026
SYN-W-0055,webcam,SYN-FACE-01,mouth,0.21930102096995463
SYN-W-0055,webcam,SYN-FACE-01,other,0.03064099189479096
SYN-W-0055,webcam,SYN-FACE-02,left_eye,0.07997779781883055
SYN-W-0055,webcam,SYN-FACE-02,right_eye,0.23797526100081312
SYN-W-0055,webcam,SYN-FACE-02,nose,0.32887884830215525
SYN-W-0055,webcam,SYN-FACE-02,mouth,0.25592612389901326
SYN-W-0055,webcam,SYN-FACE-02,other,0.09724196897918787
SYN-W-0055,webcam,SYN-FACE-03,left_eye,0.16772053577991516
SYN-W-0055,webcam,SYN-FACE-03,right_eye,0.23858535671425582
SYN-W-0055,webcam,SYN-FACE-03,nose,0.2579052788820393
SYN-W-0055,webcam,SYN-FACE-03,mouth,0.3096482957172039
SYN-W-0055,webcam,SYN-FACE-03,other,0.02614053290658586
SYN-W-0056,webcam,SYN-FACE-01,left_eye,0.41270039060964625
SYN-W-0056,webcam,SYN-FACE-01,right_eye,0.13094518845858086
SYN-W-0056,webcam,SYN-FACE-01,nose,0.18619003178465157
SYN-W-0056,webcam,SYN-FACE-01,mouth,0.17783166614835705
SYN-W-0056,webcam,SYN-FACE-01,other,0.09233272299876424
SYN-W-0056,webcam,SYN-FACE-02,left_eye,0.14089025591426227
SYN-W-0056,webcam,SYN-FACE-02,right_eye,0.05502603828757189
SYN-W-0056,webcam,SYN-FACE-02,nose,0.356014884714399
SYN-W-0056,webcam,SYN-FACE-02,mouth,0.37780783163275133
SYN-W-0056,webcam,SYN-FACE-02,other,0.07026098945101553
SYN-W-0056,webcam,SYN-FACE-03,left_eye,0.21479775461673448
SYN-W-0056,webcam,SYN-FACE-03,right_eye,0.14118151471014392
SYN-W-0056,webcam,SYN-FACE-03,nose,0.301142711247832
SYN-W-0056,webcam,SYN-FACE-03,mouth,0.12417491962517971
SYN-W-0056,webcam,SYN-FACE-03,other,0.21870309980010996
SYN-W-0057,webcam,SYN-FACE-01,left_eye,0.2708426677159858
SYN-W-0057,webcam,SYN-FACE-01,right_eye,0.2283033198832919
SYN-W-0057,webcam,SYN-FACE-01,nose,0.31857362328882294
SYN-W-0057,webcam,SYN-FACE-01,mouth,0.0942422624950638
SYN-W-0057,webcam,SYN-FACE-01,other,0.08803812661683565
SYN-W-0057,webcam,SYN-FACE-02,left_eye,0.15774093997157002
SYN-W-0057,webcam,SYN-FACE-02,right_eye,0.16378529143919038
SYN-W-0057,webcam,SYN-FACE-02,nose,0.1168549164241964
SYN-W-0057,webcam,SYN-FACE-02,mouth,0.5089974833413264
SYN-W-0057,webcam,SYN-FACE-02,other,0.05262136882371682
SYN-W-0057,webcam,SYN-FACE-03,left_eye,0.2984386246389585
SYN-W-0057,webcam,SYN-FACE-03,right_eye,0.15295636661550943
SYN-W-0057,webcam,SYN-FACE-03,nose,0.32631906817047657
SYN-W-0057,webcam,SYN-FACE-03,mouth,0.06052514163602121
SYN-W-0057,webcam,SYN-FACE-03,other,0.16176079893903425
SYN-W-0058,webcam,SYN-FACE-01,left_eye,0.3323240122452204
SYN-W-0058,webcam,SYN-FACE-01,right_eye,0.4155826201583235
SYN-W-0058,webcam,SYN-FACE-01,nose,0.10804156313584444
SYN-W-0058,webcam,SYN-FACE-01,mouth,0.10146374844218312
SYN-W-0058,webcam,SYN-FACE-01,other,0.04258805601842856
SYN-W-0058,webcam,SYN-FACE-02,left_eye,0.2235460960738511
SYN-W-0058,webcam,SYN-FACE-02,right_eye,0.17183880099958912
SYN-W-0058,webcam,SYN-FACE-02,nose,0.1743153560392365
SYN-W-0058,webcam,SYN-FACE-02,mouth,0.39005007638101125
SYN-W-0058,webcam,SYN-FACE-02,other,0.040249670506312035
SYN-W-0058,webcam,SYN-FACE-03,left_eye,0.3766855372640588
SYN-W-0058,webcam,SYN-FACE-03,right_eye,0.09628942768407765
SYN-W-0058,webcam,SYN-FACE-03,nose,0.19858011274769857
SYN-W-0058,webcam,SYN-FACE-03,mouth,0.14510530724167348
SYN-W-0058,webcam,SYN-FACE-03,other,0.18333961506249163
SYN-W-0059,webcam,SYN-FACE-01,left_eye,0.20502607586914967
SYN-W-0059,webcam,SYN-FACE-01,right_eye,0.08335552479370063
SYN-W-0059,webcam,SYN-FACE-01,nose,0.5393097764406948
SYN-W-0059,webcam,SYN-FACE-01,mouth,0.13229999751706434
SYN-W-0059,webcam,SYN-FACE-01,other,0.04000862537939067
SYN-W-0059,webcam,SYN-FACE-02,left_eye,0.25651213916243226
SYN-W-0059,webcam,SYN-FACE-02,right_eye,0.4444342124045222
SYN-W-0059,webcam,SYN-FACE-02,nose,0.12521874607891273
SYN-W-0059,webcam,SYN-FACE-02,mouth,0.0882711113199851
SYN-W-0059,webcam,SYN-FACE-02,other,0.08556379103414764
SYN-W-0059,webcam,SYN-FACE-03,left_eye,0.24111819150053654
SYN-W-0059,webcam,SYN-FACE-03,right_eye,0.36500757495686204
SYN-W-0059,webcam,SYN-FACE-03,nose,0.21714536479030935
SYN-W-0059,webcam,SYN-FACE-03,mouth,0.17672886875229205
SYN-W-0059,webcam,SYN-FACE-03,other,0.0
SYN-W-0060,webcam,SYN-FACE-01,left_eye,0.1956781294765854
SYN-W-0060,webcam,SYN-FACE-01,right_eye,0.24132272681565337
SYN-W-0060,webcam,SYN-FACE-01,nose,0.24562388127569915
SYN-W-0060,webcam,SYN-FACE-01,mouth,0.31737526243206204
SYN-W-0060,webcam,SYN-FACE-01,other,0.0
SYN-W-0060,webcam,SYN-FACE-02,left_eye,0.19530222831679278
SYN-W-0060,webcam,SYN-FACE-02,right_eye,0.11126258080517648
SYN-W-0060,webcam,SYN-FACE-02,nose,0.3033906011382378
SYN-W-0060,webcam,SYN-FACE-02,mouth,0.3900445897397929
SYN-W-0060,webcam,SYN-FACE-02,other,0.0
SYN-W-0060,webcam,SYN-FACE-03,left_eye,0.3268501429274439
SYN-W-0060,webcam,SYN-FACE-03,right_eye,0.07765191670506554
SYN-W-0060,webcam,SYN-FACE-03,nose,0.3686510646408605
SYN-W-0060,webcam,SYN-FACE-03,mouth,0.09766896285088074
SYN-W-0060,webcam,SYN-FACE-03,other,0.12917791287574928
SYN-W-0061,webcam,SYN-FACE-01,left_eye,0.3884879086074242
SYN-W-0061,webcam,SYN-FACE-01,right_eye,0.1772373742599026
SYN-W-0061,webcam,SYN-FACE-01,nose,0.16175195336371875
SYN-W-0061,webcam,SYN-FACE-01,mouth,0.15180907525778453
SYN-W-0061,webcam,SYN-FACE-01,other,0.12071368851116995
SYN-W-0061,webcam,SYN-FACE-02,left_eye,0.15595914286922738
SYN-W-0061,webcam,SYN-FACE-02,right_eye,0.28526180170728327
SYN-W-0061,webcam,SYN-FACE-02,nose,0.10770889139278855
SYN-W-0061,webcam,SYN-FACE-02,mouth,0.26626898855839676
SYN-W-0061,webcam,SYN-FACE-02,other,0.18480117547230404
SYN-W-0061,webcam,SYN-FACE-03,left_eye,0.058988324408140815
SYN-W-0061,webcam,SYN-FACE-03,right_eye,0.32584327126151824
SYN-W-0061,webcam,SYN-FACE-03,nose,0.2612973885959666
SYN-W-0061,webcam,SYN-FACE-03,mouth,0.25366763345957
SYN-W-0061,webcam,SYN-FACE-03,other,0.10020338227480435
SYN-W-0062,webcam,SYN-FACE-01,left_eye,0.3859210801689545
SYN-W-0062,webcam,SYN-FACE-01,right_eye,0.1218823902392246
SYN-W-0062,webcam,SYN-FACE-01,nose,0.2736586164772789
SYN-W-0062,webcam,SYN-FACE-01,mouth,0.15369545627064754
SYN-W-0062,webcam,SYN-FACE-01,other,0.06484245684389445
SYN-W-0062,webcam,SYN-FACE-02,left_eye,0.2405319083386652
SYN-W-0062,webcam,SYN-FACE-02,right_eye,0.3513554948610183
SYN-W-0062,webcam,SYN-FACE-02,nose,0.12079798844396195
SYN-W-0062,webcam,SYN-FACE-02,mouth,0.25987080193552875
SYN-W-0062,webcam,SYN-FACE-02,other,0.027443806420825747
SYN-W-0062,webcam,SYN-FACE-03,left_eye,0.3120356479813657
SYN-W-0062,webcam,SYN-FACE-03,right_eye,0.10403848163328737
SYN-W-0062,webcam,SYN-FACE-03,nose,0.34627824226044196
SYN-W-0062,webcam,SYN-FACE-03,mouth,0.14286908248185037
SYN-W-0062,webcam,SYN-FACE-03,other,0.09477854564305471
SYN-W-0063,webcam,SYN-FACE-01,left_eye,0.26812693587786673
SYN-W-0063,webcam,SYN-FACE-01,right_eye,0.1433681731680743
SYN-W-0063,webcam,SYN-FACE-01,nose,0.3207672150522788
SYN-W-0063,webcam,SYN-FACE-01,mouth,0.12367091418553172
SYN-W-0063,webcam,SYN-FACE-01,other,0.14406676171624852
SYN-W-0063,webcam,SYN-FACE-02,left_eye,0.05459752735810873
SYN-W-0063,webcam,SYN-FACE-02,right_eye,0.23157509648905125
SYN-W-0063,webcam,SYN-FACE-02,nose,0.058508050924514096
SYN-W-0063,webcam,SYN-FACE-02,mouth,0.5215717592011455
SYN-W-0063,webcam,SYN-FACE-02,other,0.13374756602718046
SYN-W-0063,webcam,SYN-FACE-03,left_eye,0.46081981294867347
SYN-W-0063,webcam,SYN-FACE-03,right_eye,0.28287322804427745
SYN-W-0063,webcam,SYN-FACE-03,nose,0.1251389334820803
SYN-W-0063,webcam,SYN-FACE-03,mouth,0.08235602216196518
SYN-W-0063,webcam,SYN-FACE-03,other,0.0488120033630036
SYN-W-0064,webcam,SYN-FACE-01,left_eye,0.3830116528219368
SYN-W-0064,webcam,SYN-FACE-01,right_eye,0.2951698703926271
SYN-W-0064,webcam,SYN-FACE-01,nose,0.03705083300305062
SYN-W-0064,webcam,SYN-FACE-01,mouth,0.12931060499561425
SYN-W-0064,webcam,SYN-FACE-01,other,0.15545703878677128
SYN-W-0064,webcam,SYN-FACE-02,left_eye,0.3627815122771828
SYN-W-0064,webcam,SYN-FACE-02,right_eye,0.22242438046219973
SYN-W-0064,webcam,SYN-FACE-02,nose,0.3014127656497581
SYN-W-0064,webcam,SYN-FACE-02,mouth,0.08698856474649001
SYN-W-0064,webcam,SYN-FACE-02,other,0.026392776864369284
SYN-W-0064,webcam,SYN-FACE-03,left_eye,0.4176962303791432
SYN-W-0064,webcam,SYN-FACE-03,right_eye,0.3582772820137523
SYN-W-0064,webcam,SYN-FACE-03,nose,0.2037680537999409
SYN-W-0064,webcam,SYN-FACE-03,mouth,0.0
SYN-W-0064,webcam,SYN-FACE-03,other,0.020258433807163512
SYN-W-0065,webcam,SYN-FACE-01,left_eye,0.2642324020537802
SYN-W-0065,webcam,SYN-FACE-01,right_eye,0.09651539043302923
SYN-W-0065,webcam,SYN-FACE-01,nose,0.2829681346586834
SYN-W-0065,webcam,SYN-FACE-01,mouth,0.2354386018207386
SYN-W-0065,webcam,SYN-FACE-01,other,0.12084547103376853
SYN-W-0065,webcam,SYN-FACE-02,left_eye,0.25678237500148227
SYN-W-0065,webcam,SYN-FACE-02,right_eye,0.13464938842521604
SYN-W-0065,webcam,SYN-FACE-02,nose,0.16775205354244235
SYN-W-0065,webcam,SYN-FACE-02,mouth,0.34553917909180076
SYN-W-0065,webcam,SYN-FACE-02,other,0.09527700393905854
SYN-W-0065,webcam,SYN-FACE-03,left_eye,0.12422932117088754
SYN-W-0065,webcam,SYN-FACE-03,right_eye,0.2953842343950686
SYN-W-0065,webcam,SYN-FACE-03,nose,0.12843585194141757
SYN-W-0065,webcam,SYN-FACE-03,mouth,0.23122145926590632
SYN-W-0065,webcam,SYN-FACE-03,other,0.22072913322672
SYN-W-0066,webcam,SYN-FACE-01,left_eye,0.21506696587754634
SYN-W-0066,webcam,SYN-FACE-01,right_eye,0.19398087509800818
SYN-W-0066,webcam,SYN-FACE-01,nose,0.4521081479433071
SYN-W-0066,webcam,SYN-FACE-01,mouth,0.053998537754087333
SYN-W-0066,webcam,SYN-FACE-01,other,0.08484547332705103
SYN-W-0066,webcam,SYN-FACE-02,left_eye,0.2691404018606705
SYN-W-0066,webcam,SYN-FACE-02,right_eye,0.2582126069228602
SYN-W-0066,webcam,SYN-FACE-02,nose,0.2981960620388899
SYN-W-0066,webcam,SYN-FACE-02,mouth,0.13586931283926082
SYN-W-0066,webcam,SYN-FACE-02,other,0.03858161633831869
SYN-W-0066,webcam,SYN-FACE-03,left_eye,0.1682150725598746
SYN-W-0066,webcam,SYN-FACE-03,right_eye,0.3759393140942692
SYN-W-0066,webcam,SYN-FACE-03,nose,0.2858185419907822
SYN-W-0066,webcam,SYN-FACE-03,mouth,0.13521320024020766
SYN-W-0066,webcam,SYN-FACE-03,other,0.03481387111486637
SYN-W-0067,webcam,SYN-FACE-01,left_eye,0.1918136889389502
SYN-W-0067,webcam,SYN-FACE-01,right_eye,0.306908273033493
SYN-W-0067,webcam,SYN-FACE-01,nose,0.11764850221462735
SYN-W-0067,webcam,SYN-FACE-01,mouth,0.2207032560480506
SYN-W-0067,webcam,SYN-FACE-01,other,0.1629262797648789
SYN-W-0067,webcam,SYN-FACE-02,left_eye,0.3730711888203078
SYN-W-0067,webcam,SYN-FACE-02,right_eye,0.12200513932043221
SYN-W-0067,webcam,SYN-FACE-02,nose,0.25382274401521726
SYN-W-0067,webcam,SYN-FACE-02,mouth,0.14544742882954995
SYN-W-0067,webcam,SYN-FACE-02,other,0.10565349901449268
SYN-W-0067,webcam,SYN-FACE-03,left_eye,0.47252571837302954
SYN-W-0067,webcam,SYN-FACE-03,right_eye,0.03834955403518374
SYN-W-0067,webcam,SYN-FACE-03,nose,0.2937426155739608
SYN-W-0067,webcam,SYN-FACE-03,mouth,0.1255542828602198
SYN-W-0067,webcam,SYN-FACE-03,other,0.06982782915760608
SYN-W-0068,webcam,SYN-FACE-01,left_eye,0.4238363946348658
SYN-W-0068,webcam,SYN-FACE-01,right_eye,0.2728354898222142
SYN-W-0068,webcam,SYN-FACE-01,nose,0.10432467010330125
SYN-W-0068,webcam,SYN-FACE-01,mouth,0.14261239631558972
SYN-W-0068,webcam,SYN-FACE-01,other,0.056391049124029057
SYN-W-0068,webcam,SYN-FACE-02,left_eye,0.08803525687122983
SYN-W-0068,webcam,SYN-FACE-02,right_eye,0.25204841693336527
SYN-W-0068,webcam,SYN-FACE-02,nose,0.35939631023112173
SYN-W-0068,webcam,SYN-FACE-02,mouth,0.25446014786020726
SYN-W-0068,webcam,SYN-FACE-02,other,0.046059868104075946
SYN-W-0068,webcam,SYN-FACE-03,left_eye,0.06186528625701132
SYN-W-0068,webcam,SYN-FACE-03,right_eye,0.27093490940036263
SYN-W-0068,webcam,SYN-FACE-03,nose,0.33752630971814573
SYN-W-0068,webcam,SYN-FACE-03,mouth,0.16435967359841072
SYN-W-0068,webcam,SYN-FACE-03,other,0.16531382102606956
SYN-W-0069,webcam,SYN-FACE-01,left_eye,0.1383988999667361
SYN-W-0069,webcam,SYN-FACE-01,right_eye,0.30189782124340486
SYN-W-0069,webcam,SYN-FACE-01,nose,0.20771150192928836
SYN-W-0069,webcam,SYN-FACE-01,mouth,0.3180191170089001
SYN-W-0069,webcam,SYN-FACE-01,other,0.03397265985167056
SYN-W-0069,webcam,SYN-FACE-02,left_eye,0.3003924956013895
SYN-W-0069,webcam,SYN-FACE-02,right_eye,0.3415592034756664
SYN-W-0069,webcam,SYN-FACE-02,nose,0.1723921018597071
SYN-W-0069,webcam,SYN-FACE-02,mouth,0.11630265311940592
SYN-W-0069,webcam,SYN-FACE-02,other,0.06935354594383121
SYN-W-0069,webcam,SYN-FACE-03,left_eye,0.21518943224296236
SYN-W-0069,webcam,SYN-FACE-03,right_eye,0.3190615203444814
SYN-W-0069,webcam,SYN-FACE-03,nose,0.12503673720867603
SYN-W-0069,webcam,SYN-FACE-03,mouth,0.3407123102038803
SYN-W-0069,webcam,SYN-FACE-03,other,0.0
SYN-W-0070,webcam,SYN-FACE-01,left_eye,0.05942203846676379
SYN-W-0070,webcam,SYN-FACE-01,right_eye,0.21222324634752984
SYN-W-0070,webcam,SYN-FACE-01,nose,0.12857894196802103
SYN-W-0070,webcam,SYN-FACE-01,mouth,0.49346348065438783
SYN-W-0070,webcam,SYN-FACE-01,other,0.10631229256329755
SYN-W-0070,webcam,SYN-FACE-02,left_eye,0.21289584056959043
SYN-W-0070,webcam,SYN-FACE-02,right_eye,0.1229779858607174
SYN-W-0070,webcam,SYN-FACE-02,nose,0.21180922106827352
SYN-W-0070,webcam,SYN-FACE-02,mouth,0.2657346137037606
SYN-W-0070,webcam,SYN-FACE-02,other,0.18658233879765795
SYN-W-0070,webcam,SYN-FACE-03,left_eye,0.2846117529714973
SYN-W-0070,webcam,SYN-FACE-03,right_eye,0.285429080633993
SYN-W-0070,webcam,SYN-FACE-03,nose,0.29404836555468494
SYN-W-0070,webcam,SYN-FACE-03,mouth,0.08831381469364426
SYN-W-0070,webcam,SYN-FACE-03,other,0.047596986146180555
SYN-W-0071,webcam,SYN-FACE-01,left_eye,0.16070508066276562
SYN-W-0071,webcam,SYN-FACE-01,right_eye,0.39004804436865237
SYN-W-0071,webcam,SYN-FACE-01,nose,0.3189675525877623
SYN-W-0071,webcam,SYN-FACE-01,mouth,0.0850183085049537
SYN-W-0071,webcam,SYN-FACE-01,other,0.04526101387586605
SYN-W-0071,webcam,SYN-FACE-02,left_eye,0.3619216467703545
SYN-W-0071,webcam,SYN-FACE-02,right_eye,0.2264490982938371
SYN-W-0071,webcam,SYN-FACE-02,nose,0.13597961977933348
SYN-W-0071,webcam,SYN-FACE-02,mouth,0.23175186262584674
SYN-W-0071,webcam,SYN-FACE-02,other,0.043897772530628154
SYN-W-0071,webcam,SYN-FACE-03,left_eye,0.24044027697042494
SYN-W-0071,webcam,SYN-FACE-03,right_eye,0.39202028780499737
SYN-W-0071,webcam,SYN-FACE-03,nose,0.10811937456964292
SYN-W-0071,webcam,SYN-FACE-03,mouth,0.18053569668528457
SYN-W-0071,webcam,SYN-FACE-03,other,0.07888436396965023
SYN-W-0072,webcam,SYN-FACE-01,left_eye,0.2796083394064575
SYN-W-0072,webcam,SYN-FACE-01,right_eye,0.27143653342935015
SYN-W-0072,webcam,SYN-FACE-01,nose,0.026456080876988187
SYN-W-0072,webcam,SYN-FACE-01,mouth,0.33813357915804326
SYN-W-0072,webcam,SYN-FACE-01,other,0.08436546712916083
SYN-W-0072,webcam,SYN-FACE-02,left_eye,0.22673021510009508
SYN-W-0072,webcam,SYN-FACE-02,right_eye,0.16376447365228086
SYN-W-0072,webcam,SYN-FACE-02,nose,0.28950507402337705
SYN-W-0072,webcam,SYN-FACE-02,mouth,0.17605780117853817
SYN-W-0072,webcam,SYN-FACE-02,other,0.14394243604570878
SYN-W-0072,webcam,SYN-FACE-03,left_eye,0.20313639187195084
SYN-W-0072,webcam,SYN-FACE-03,right_eye,0.28941056629271533
SYN-W-0072,webcam,SYN-FACE-03,nose,0.17138604833549564
SYN-W-0072,webcam,SYN-FACE-03,mouth,0.12425872435969788
SYN-W-0072,webcam,SYN-FACE-03,other,0.21180826914014034
SYN-W-0073,webcam,SYN-FACE-01,left_eye,0.29932948503916457
SYN-W-0073,webcam,SYN-FACE-01,right_eye,0.3424813806396019
SYN-W-0073,webcam,SYN-FACE-01,nose,0.28276558221122944
SYN-W-0073,webcam,SYN-FACE-01,mouth,0.07542355211000415
SYN-W-0073,webcam,SYN-FACE-01,other,0.0
SYN-W-0073,webcam,SYN-FACE-02,left_eye,0.44214693568175045
SYN-W-0073,webcam,SYN-FACE-02,right_eye,0.20439585729492657
SYN-W-0073,webcam,SYN-FACE-02,nose,0.13064360909048794
SYN-W-0073,webcam,SYN-FACE-02,mouth,0.22281359793283503
SYN-W-0073,webcam,SYN-FACE-02,other,0.0
SYN-W-0073,webcam,SYN-FACE-03,left_eye,0.32352104136463994
SYN-W-0073,webcam,SYN-FACE-03,right_eye,0.2002810616490658
SYN-W-0073,webcam,SYN-FACE-03,nose,0.10683248537508744
SYN-W-0073,webcam,SYN-FACE-03,mouth,0.18586191456454274
SYN-W-0073,webcam,SYN-FACE-03,other,0.1835034970466641
SYN-W-0074,webcam,SYN-FACE-01,left_eye,0.17234915086780128
SYN-W-0074,webcam,SYN-FACE-01,right_eye,0.20247475111993174
SYN-W-0074,webcam,SYN-FACE-01,nose,0.36565847375894805
SYN-W-0074,webcam,SYN-FACE-01,mouth,0.23565586474007322
SYN-W-0074,webcam,SYN-FACE-01,other,0.02386175951324569
SYN-W-0074,webcam,SYN-FACE-02,left_eye,0.07840584365036563
SYN-W-0074,webcam,SYN-FACE-02,right_eye,0.3468424844608312
SYN-W-0074,webcam,SYN-FACE-02,nose,0.16901862718861918
SYN-W-0074,webcam,SYN-FACE-02,mouth,0.34828517044119744
SYN-W-0074,webcam,SYN-FACE-02,other,0.05744787425898655
SYN-W-0074,webcam,SYN-FACE-03,left_eye,0.28828371254828017
SYN-W-0074,webcam,SYN-FACE-03,right_eye,0.08857835489356944
SYN-W-0074,webcam,SYN-FACE-03,nose,0.09214417333737104
SYN-W-0074,webcam,SYN-FACE-03,mouth,0.4426817883610099
SYN-W-0074,webcam,SYN-FACE-03,other,0.08831197085976941
SYN-W-0075,webcam,SYN-FACE-01,left_eye,0.16997283118085577
SYN-W-0075,webcam,SYN-FACE-01,right_eye,0.48292440879707754
SYN-W-0075,webcam,SYN-FACE-01,nose,0.06359200721520691
SYN-W-0075,webcam,SYN-FACE-01,mouth,0.2835107528068598
SYN-W-0075,webcam,SYN-FACE-01,other,0.0
SYN-W-0075,webcam,SYN-FACE-02,left_eye,0.07902134907077794
SYN-W-0075,webcam,SYN-FACE-02,right_eye,0.41110666452834
SYN-W-0075,webcam,SYN-FACE-02,nose,0.23621445206009284
SYN-W-0075,webcam,SYN-FACE-02,mouth,0.2450937215815672
SYN-W-0075,webcam,SYN-FACE-02,other,0.02856381275922203
SYN-W-0075,webcam,SYN-FACE-03,left_eye,0.21862650903680433
SYN-W-0075,webcam,SYN-FACE-03,right_eye,0.3984298754404672
SYN-W-0075,webcam,SYN-FACE-03,nose,0.17051799422624217
SYN-W-0075,webcam,SYN-FACE-03,mouth,0.2124256212964863
SYN-W-0075,webcam,SYN-FACE-03,other,0.0
SYN-W-0076,webcam,SYN-FACE-01,left_eye,0.26362547090990535
SYN-W-0076,webcam,SYN-FACE-01,right_eye,0.2975954060632043
SYN-W-0076,webcam,SYN-FACE-01,nose,0.097693343244119
SYN-W-0076,webcam,SYN-FACE-01,mouth,0.3117254577888854
SYN-W-0076,webcam,SYN-FACE-01,other,0.029360321993886045
SYN-W-0076,webcam,SYN-FACE-02,left_eye,0.26179781032446736
SYN-W-0076,webcam,SYN-FACE-02,right_eye,0.10056424419172935
SYN-W-0076,webcam,SYN-FACE-02,nose,0.09713070417537813
SYN-W-0076,webcam,SYN-FACE-02,mouth,0.41358220743079055
SYN-W-0076,webcam,SYN-FACE-02,other,0.1269250338776346
SYN-W-0076,webcam,SYN-FACE-03,left_eye,0.1999637087399226
SYN-W-0076,webcam,SYN-FACE-03,right_eye,0.19403016721469538
SYN-W-0076,webcam,SYN-FACE-03,nose,0.24456683701207532
SYN-W-0076,webcam,SYN-FACE-03,mouth,0.3614392870333067
SYN-W-0076,webcam,SYN-FACE-03,other,0.0
SYN-W-0077,webcam,SYN-FACE-01,left_eye,0.21643324392411323
SYN-W-0077,webcam,SYN-FACE-01,right_eye,0.26300481492175015
SYN-W-0077,webcam,SYN-FACE-01,nose,0.13570087080155668
SYN-W-0077,webcam,SYN-FACE-01,mouth,0.3280284470268551
SYN-W-0077,webcam,SYN-FACE-01,other,0.0568326233257248
SYN-W-0077,webcam,SYN-FACE-02,left_eye,0.19573338675689644
SYN-W-0077,webcam,SYN-FACE-02,right_eye,0.2847209582436431
SYN-W-0077,webcam,SYN-FACE-02,nose,0.22631026467544824
SYN-W-0077,webcam,SYN-FACE-02,mouth,0.2932353903240123
SYN-W-0077,webcam,SYN-FACE-02,other,0.0
SYN-W-0077,webcam,SYN-FACE-03,left_eye,0.3196921088000066
SYN-W-0077,webcam,SYN-FACE-03,right_eye,0.2609404688127168
SYN-W-0077,webcam,SYN-FACE-03,nose,0.10816874136516451
SYN-W-0077,webcam,SYN-FACE-03,mouth,0.18431244367315003
SYN-W-0077,webcam,SYN-FACE-03,other,0.126886237348962
SYN-W-0078,webcam,SYN-FACE-01,left_eye,0.2702462063998414
SYN-W-0078,webcam,SYN-FACE-01,right_eye,0.17934641025686351
SYN-W-0078,webcam,SYN-FACE-01,nose,0.2799983889256247
SYN-W-0078,webcam,SYN-FACE-01,mouth,0.18891638286092238
SYN-W-0078,webcam,SYN-FACE-01,other,0.08149261155674802
SYN-W-0078,webcam,SYN-FACE-02,left_eye,0.2767066858609592
SYN-W-0078,webcam,SYN-FACE-02,right_eye,0.3335268685009663
SYN-W-0078,webcam,SYN-FACE-02,nose,0.08915392789747653
SYN-W-0078,webcam,SYN-FACE-02,mouth,0.300612517740598
SYN-W-0078,webcam,SYN-FACE-02,other,0.0
SYN-W-0078,webcam,SYN-FACE-03,left_eye,0.39066607851213764
SYN-W-0078,webcam,SYN-FACE-03,right_eye,0.1252049914867687
SYN-W-0078,webcam,SYN-FACE-03,nose,0.22100881837922035
SYN-W-0078,webcam,SYN-FACE-03,mouth,0.23217719511402538
SYN-W-0078,webcam,SYN-FACE-03,other,0.030942916507847872
SYN-W-0079,webcam,SYN-FACE-01,left_eye,0.3300618856750618
SYN-W-0079,webcam,SYN-FACE-01,right_eye,0.18574554320827738
SYN-W-0079,webcam,SYN-FACE-01,nose,0.2733623797934175
SYN-W-0079,webcam,SYN-FACE-01,mouth,0.1736920646947838
SYN-W-0079,webcam,SYN-FACE-01,other,0.03713812662845959
SYN-W-0079,webcam,SYN-FACE-02,left_eye,0.2837243601905092
SYN-W-0079,webcam,SYN-FACE-02,right_eye,0.23933465843873994
SYN-W-0079,webcam,SYN-FACE-02,nose,0.13239236741027266
SYN-W-0079,webcam,SYN-FACE-02,mouth,0.15192255417936248
SYN-W-0079,webcam,SYN-FACE-02,other,0.1926260597811158
SYN-W-0079,webcam,SYN-FACE-03,left_eye,0.2710593729018174
SYN-W-0079,webcam,SYN-FACE-03,right_eye,0.3085249836160294
SYN-W-0079,webcam,SYN-FACE-03,nose,0.15045393315720715
SYN-W-0079,webcam,SYN-FACE-03,mouth,0.26996171032494604
SYN-W-0079,webcam,SYN-FACE-03,other,0.0
SYN-W-0080,webcam,SYN-FACE-01,left_eye,0.19060751382340588
SYN-W-0080,webcam,SYN-FACE-01,right_eye,0.21489710365943246
SYN-W-0080,webcam,SYN-FACE-01,nose,0.23175571367562034
SYN-W-0080,webcam,SYN-FACE-01,mouth,0.2566968281427941
SYN-W-0080,webcam,SYN-FACE-01,other,0.10604284069874721
SYN-W-0080,webcam,SYN-FACE-02,left_eye,0.024073148628173183
SYN-W-0080,webcam,SYN-FACE-02,right_eye,0.3162855001197397
SYN-W-0080,webcam,SYN-FACE-02,nose,0.23982838792772246
SYN-W-0080,webcam,SYN-FACE-02,mouth,0.35377534187079046
SYN-W-0080,webcam,SYN-FACE-02,other,0.06603762145357409
SYN-W-0080,webcam,SYN-FACE-03,left_eye,0.20247005593856238
SYN-W-0080,webcam,SYN-FACE-03,right_eye,0.24626792184471272
SYN-W-0080,webcam,SYN-FACE-03,nose,0.17944827840338665
SYN-W-0080,webcam,SYN-FACE-03,mouth,0.32563777521700704
SYN-W-0080,webcam,SYN-FACE-03,other,0.04617596859633118
SYN-W-0081,webcam,SYN-FACE-01,left_eye,0.37241370864994516
SYN-W-0081,webcam,SYN-FACE-01,right_eye,0.28244696834733357
SYN-W-0081,webcam,SYN-FACE-01,nose,0.08634696385873086
SYN-W-0081,webcam,SYN-FACE-01,mouth,0.19648558356627707
SYN-W-0081,webcam,SYN-FACE-01,other,0.0623067755777133
SYN-W-0081,webcam,SYN-FACE-02,left_eye,0.2977665605010927
SYN-W-0081,webcam,SYN-FACE-02,right_eye,0.11966370165037062
SYN-W-0081,webcam,SYN-FACE-02,nose,0.09984065384407388
SYN-W-0081,webcam,SYN-FACE-02,mouth,0.2767110962483583
SYN-W-0081,webcam,SYN-FACE-02,other,0.20601798775610444
SYN-W-0081,webcam,SYN-FACE-03,left_eye,0.2293673791681315
SYN-W-0081,webcam,SYN-FACE-03,right_eye,0.18291002271608398
SYN-W-0081,webcam,SYN-FACE-03,nose,0.2810361703546752
SYN-W-0081,webcam,SYN-FACE-03,mouth,0.3066864277611093
SYN-W-0081,webcam,SYN-FACE-03,other,0.0
SYN-W-0082,webcam,SYN-FACE-01,left_eye,0.2136018029423846
SYN-W-0082,webcam,SYN-FACE-01,right_eye,0.23283419841930372
SYN-W-0082,webcam,SYN-FACE-01,nose,0.2447153470143704
SYN-W-0082,webcam,SYN-FACE-01,mouth,0.09500787628101677
SYN-W-0082,webcam,SYN-FACE-01,other,0.2138407753429245
SYN-W-0082,webcam,SYN-FACE-02,left_eye,0.12381560149742121
SYN-W-0082,webcam,SYN-FACE-02,right_eye,0.2607698998841508
SYN-W-0082,webcam,SYN-FACE-02,nose,0.42357708126322896
SYN-W-0082,webcam,SYN-FACE-02,mouth,0.19183741735519905
SYN-W-0082,webcam,SYN-FACE-02,other,0.0
SYN-W-0082,webcam,SYN-FACE-03,left_eye,0.3095399701661516
SYN-W-0082,webcam,SYN-FACE-03,right_eye,0.19237794761881233
SYN-W-0082,webcam,SYN-FACE-03,nose,0.2647926846593067
SYN-W-0082,webcam,SYN-FACE-03,mouth,0.07425940415868455
SYN-W-0082,webcam,SYN-FACE-03,other,0.15902999339704468
SYN-W-0083,webcam,SYN-FACE-01,left_eye,0.2534754322443157
SYN-W-0083,webcam,SYN-FACE-01,right_eye,0.19035485584606276
SYN-W-0083,webcam,SYN-FACE-01,nose,0.3221515692789923
SYN-W-0083,webcam,SYN-FACE-01,mouth,0.1336162129670141
SYN-W-0083,webcam,SYN-FACE-01,other,0.1004019296636151
SYN-W-0083,webcam,SYN-FACE-02,left_eye,0.29104851014113825
SYN-W-0083,webcam,SYN-FACE-02,right_eye,0.2668664558766126
SYN-W-0083,webcam,SYN-FACE-02,nose,0.2620063361038614
SYN-W-0083,webcam,SYN-FACE-02,mouth,0.15170468838422613
SYN-W-0083,webcam,SYN-FACE-02,other,0.028374009494161617
SYN-W-0083,webcam,SYN-FACE-03,left_eye,0.2328023298019813
SYN-W-0083,webcam,SYN-FACE-03,right_eye,0.3527028273873272
SYN-W-0083,webcam,SYN-FACE-03,nose,0.14629354756182705
SYN-W-0083,webcam,SYN-FACE-03,mouth,0.21423818648712295
SYN-W-0083,webcam,SYN-FACE-03,other,0.05396310876174155
SYN-W-0084,webcam,SYN-FACE-01,left_eye,0.19041845529722443
SYN-W-0084,webcam,SYN-FACE-01,right_eye,0.45177307012711304
SYN-W-0084,webcam,SYN-FACE-01,nose,0.15506354295293823
SYN-W-0084,webcam,SYN-FACE-01,mouth,0.09168913934936493
SYN-W-0084,webcam,SYN-FACE-01,other,0.11105579227335935
SYN-W-0084,webcam,SYN-FACE-02,left_eye,0.24119797954695074
SYN-W-0084,webcam,SYN-FACE-02,right_eye,0.40327229414121246
SYN-W-0084,webcam,SYN-FACE-02,nose,0.0
SYN-W-0084,webcam,SYN-FACE-02,mouth,0.18341238385443234
SYN-W-0084,webcam,SYN-FACE-02,other,0.1721173424574045
SYN-W-0084,webcam,SYN-FACE-03,left_eye,0.22965439382917469
SYN-W-0084,webcam,SYN-FACE-03,right_eye,0.06789662461588605
SYN-W-0084,webcam,SYN-FACE-03,nose,0.155582293780482
SYN-W-0084,webcam,SYN-FACE-03,mouth,0.489708878387209
SYN-W-0084,webcam,SYN-FACE-03,other,0.057157809387248265
SYN-W-0085,webcam,SYN-FACE-01,left_eye,0.32188714404771174
SYN-W-0085,webcam,SYN-FACE-01,right_eye,0.10538049742300788
SYN-W-0085,webcam,SYN-FACE-01,nose,0.23649225489676934
SYN-W-0085,webcam,SYN-FACE-01,mouth,0.33624010363251106
SYN-W-0085,webcam,SYN-FACE-01,other,0.0
SYN-W-0085,webcam,SYN-FACE-02,left_eye,0.39272237342377403
SYN-W-0085,webcam,SYN-FACE-02,right_eye,0.16805033272383432
SYN-W-0085,webcam,SYN-FACE-02,nose,0.17899715912290579
SYN-W-0085,webcam,SYN-FACE-02,mouth,0.23055430488829953
SYN-W-0085,webcam,SYN-FACE-02,other,0.029675829841186403
SYN-W-0085,webcam,SYN-FACE-03,left_eye,0.5379502318151058
SYN-W-0085,webcam,SYN-FACE-03,right_eye,0.08730347750111456
SYN-W-0085,webcam,SYN-FACE-03,nose,0.20041908080915607
SYN-W-0085,webcam,SYN-FACE-03,mouth,0.12995938992213416
SYN-W-0085,webcam,SYN-FACE-03,other,0.04436781995248945
SYN-W-0086,webcam,SYN-FACE-01,left_eye,0.36232697752093923
SYN-W-0086,webcam,SYN-FACE-01,right_eye,0.15996226582467976
SYN-W-0086,webcam,SYN-FACE-01,nose,0.17992464707401432
SYN-W-0086,webcam,SYN-FACE-01,mouth,0.2528273780928572
SYN-W-0086,webcam,SYN-FACE-01,other,0.044958731487509514
SYN-W-0086,webcam,SYN-FACE-02,left_eye,0.2963585506849225
SYN-W-0086,webcam,SYN-FACE-02,right_eye,0.027156902172840405
SYN-W-0086,webcam,SYN-FACE-02,nose,0.16052388367288642
SYN-W-0086,webcam,SYN-FACE-02,mouth,0.4660640020163902
SYN-W-0086,webcam,SYN-FACE-02,other,0.04989666145296041
SYN-W-0086,webcam,SYN-FACE-03,left_eye,0.15239799583178956
SYN-W-0086,webcam,SYN-FACE-03,right_eye,0.04290193588095932
SYN-W-0086,webcam,SYN-FACE-03,nose,0.21781394921688346
SYN-W-0086,webcam,SYN-FACE-03,mouth,0.4617576044052941
SYN-W-0086,webcam,SYN-FACE-03,other,0.12512851466507358
SYN-W-0087,webcam,SYN-FACE-01,left_eye,0.1963945284168321
SYN-W-0087,webcam,SYN-FACE-01,right_eye,0.12801799488098545
SYN-W-0087,webcam,SYN-FACE-01,nose,0.35532917967601424
SYN-W-0087,webcam,SYN-FACE-01,mouth,0.29655122284117047
SYN-W-0087,webcam,SYN-FACE-01,other,0.023707074184997685
SYN-W-0087,webcam,SYN-FACE-02,left_eye,0.24725441200048276
SYN-W-0087,webcam,SYN-FACE-02,right_eye,0.2133340313484545
SYN-W-0087,webcam,SYN-FACE-02,nose,0.09192969553586687
SYN-W-0087,webcam,SYN-FACE-02,mouth,0.3259429806044786
SYN-W-0087,webcam,SYN-FACE-02,other,0.12153888051071719
SYN-W-0087,webcam,SYN-FACE-03,left_eye,0.12552431128651712
SYN-W-0087,webcam,SYN-FACE-03,right_eye,0.3437842806005487
SYN-W-0087,webcam,SYN-FACE-03,nose,0.1893753947138068
SYN-W-0087,webcam,SYN-FACE-03,mouth,0.2673141264578739
SYN-W-0087,webcam,SYN-FACE-03,other,0.07400188694125352
SYN-W-0088,webcam,SYN-FACE-01,left_eye,0.3287217466024343
SYN-W-0088,webcam,SYN-FACE-01,right_eye,0.22556655285554927
SYN-W-0088,webcam,SYN-FACE-01,nose,0.2654010667641479
SYN-W-0088,webcam,SYN-FACE-01,mouth,0.12668333902746065
SYN-W-0088,webcam,SYN-FACE-01,other,0.05362729475040798
SYN-W-0088,webcam,SYN-FACE-02,left_eye,0.05811739151932448
SYN-W-0088,webcam,SYN-FACE-02,right_eye,0.3953353201378604
SYN-W-0088,webcam,SYN-FACE-02,nose,0.30820036373566606
SYN-W-0088,webcam,SYN-FACE-02,mouth,0.18569431736626596
SYN-W-0088,webcam,SYN-FACE-02,other,0.05265260724088312
SYN-W-0088,webcam,SYN-FACE-03,left_eye,0.37514002100915284
SYN-W-0088,webcam,SYN-FACE-03,right_eye,0.2343903499987374
SYN-W-0088,webcam,SYN-FACE-03,nose,0.12994655091837884
SYN-W-0088,webcam,SYN-FACE-03,mouth,0.1406485198130602
SYN-W-0088,webcam,SYN-FACE-03,other,0.11987455826067073
SYN-W-0089,webcam,SYN-FACE-01,left_eye,0.2645336726724654
SYN-W-0089,webcam,SYN-FACE-01,right_eye,0.44559907079364824
SYN-W-0089,webcam,SYN-FACE-01,nose,0.08119732081354092
SYN-W-0089,webcam,SYN-FACE-01,mouth,0.16034454205842447
SYN-W-0089,webcam,SYN-FACE-01,other,0.04832539366192094
SYN-W-0089,webcam,SYN-FACE-02,left_eye,0.12731629890971974
SYN-W-0089,webcam,SYN-FACE-02,right_eye,0.14565573675178606
SYN-W-0089,webcam,SYN-FACE-02,nose,0.29453802457396816
SYN-W-0089,webcam,SYN-FACE-02,mouth,0.3284021569421845
SYN-W-0089,webcam,SYN-FACE-02,other,0.10408778282234157
SYN-W-0089,webcam,SYN-FACE-03,left_eye,0.18854459424839395
SYN-W-0089,webcam,SYN-FACE-03,right_eye,0.12949633768026786
SYN-W-0089,webcam,SYN-FACE-03,nose,0.3424431056432364
SYN-W-0089,webcam,SYN-FACE-03,mouth,0.22507797365673385
SYN-W-0089,webcam,SYN-FACE-03,other,0.11443798877136804
SYN-W-0090,webcam,SYN-FACE-01,left_eye,0.2760430342056744
SYN-W-0090,webcam,SYN-FACE-01,right_eye,0.4711682056922503
SYN-W-0090,webcam,SYN-FACE-01,nose,0.07179234482616462
SYN-W-0090,webcam,SYN-FACE-01,mouth,0.13326930490042316
SYN-W-0090,webcam,SYN-FACE-01,other,0.04772711037548757
SYN-W-0090,webcam,SYN-FACE-02,left_eye,0.09041943028433626
SYN-W-0090,webcam,SYN-FACE-02,right_eye,0.15617108876417318
SYN-W-0090,webcam,SYN-FACE-02,nose,0.22105570401135072
SYN-W-0090,webcam,SYN-FACE-02,mouth,0.3568544258529961
SYN-W-0090,webcam,SYN-FACE-02,other,0.17549935108714376
SYN-W-0090,webcam,SYN-FACE-03,left_eye,0.24040204183358777
SYN-W-0090,webcam,SYN-FACE-03,right_eye,0.14142590650918876
SYN-W-0090,webcam,SYN-FACE-03,nose,0.3226368948623651
SYN-W-0090,webcam,SYN-FACE-03,mouth,0.2955351567948584
SYN-W-0090,webcam,SYN-FACE-03,other,0.0
SYN-W-0091,webcam,SYN-FACE-01,left_eye,0.11780532142792301
SYN-W-0091,webcam,SYN-FACE-01,right_eye,0.2896294164499596
SYN-W-0091,webcam,SYN-FACE-01,nose,0.2535791224113839
SYN-W-0091,webcam,SYN-FACE-01,mouth,0.24260883428366298
SYN-W-0091,webcam,SYN-FACE-01,other,0.09637730542707056
SYN-W-0091,webcam,SYN-FACE-02,left_eye,0.2388267402454899
SYN-W-0091,webcam,SYN-FACE-02,right_eye,0.2989967923572293
SYN-W-0091,webcam,SYN-FACE-02,nose,0.11946718398248246
SYN-W-0091,webcam,SYN-FACE-02,mouth,0.21976605005023966
SYN-W-0091,webcam,SYN-FACE-02,other,0.12294323336455867
SYN-W-0091,webcam,SYN-FACE-03,left_eye,0.25571867984556584
SYN-W-0091,webcam,SYN-FACE-03,right_eye,0.40913611181864346
SYN-W-0091,webcam,SYN-FACE-03,nose,0.24848872250150364
SYN-W-0091,webcam,SYN-FACE-03,mouth,0.042515747234760703
SYN-W-0091,webcam,SYN-FACE-03,other,0.04414073859952635
SYN-W-0092,webcam,SYN-FACE-01,left_eye,0.34920065476842377
SYN-W-0092,webcam,SYN-FACE-01,right_eye,0.10428758207040265
SYN-W-0092,webcam,SYN-FACE-01,nose,0.20292950475268196
SYN-W-0092,webcam,SYN-FACE-01,mouth,0.19124000422239285
SYN-W-0092,webcam,SYN-FACE-01,other,0.15234225418609884
SYN-W-0092,webcam,SYN-FACE-02,left_eye,0.21456860682009493
SYN-W-0092,webcam,SYN-FACE-02,right_eye,0.2512393012292241
SYN-W-0092,webcam,SYN-FACE-02,nose,0.02379420524564605
SYN-W-0092,webcam,SYN-FACE-02,mouth,0.3548852085565884
SYN-W-0092,webcam,SYN-FACE-02,other,0.15551267814844655
SYN-W-0092,webcam,SYN-FACE-03,left_eye,0.2606307191000584
SYN-W-0092,webcam,SYN-FACE-03,right_eye,0.1820683981137908
SYN-W-0092,webcam,SYN-FACE-03,nose,0.08900471085379649
SYN-W-0092,webcam,SYN-FACE-03,mouth,0.32249923070223874
SYN-W-0092,webcam,SYN-FACE-03,other,0.14579694123011555
SYN-W-0093,webcam,SYN-FACE-01,left_eye,0.07865960232976209
SYN-W-0093,webcam,SYN-FACE-01,right_eye,0.3244486883661908
SYN-W-0093,webcam,SYN-FACE-01,nose,0.20824502564169647
SYN-W-0093,webcam,SYN-FACE-01,mouth,0.38864668366235067
SYN-W-0093,webcam,SYN-FACE-01,other,0.0
SYN-W-0093,webcam,SYN-FACE-02,left_eye,0.16726518279568445
SYN-W-0093,webcam,SYN-FACE-02,right_eye,0.09490458367655935
SYN-W-0093,webcam,SYN-FACE-02,nose,0.2257410146928073
SYN-W-0093,webcam,SYN-FACE-02,mouth,0.37876015344939945
SYN-W-0093,webcam,SYN-FACE-02,other,0.13332906538554937
SYN-W-0093,webcam,SYN-FACE-03,left_eye,0.2797720813111875
SYN-W-0093,webcam,SYN-FACE-03,right_eye,0.32100194549661054
SYN-W-0093,webcam,SYN-FACE-03,nose,0.07908199843611897
SYN-W-0093,webcam,SYN-FACE-03,mouth,0.20261541106644995
SYN-W-0093,webcam,SYN-FACE-03,other,0.11752856368963292
SYN-W-0094,webcam,SYN-FACE-01,left_eye,0.15335306642327381
SYN-W-0094,webcam,SYN-FACE-01,right_eye,0.22875582157607707
SYN-W-0094,webcam,SYN-FACE-01,nose,0.3599993273118601
SYN-W-0094,webcam,SYN-FACE-01,mouth,0.10386969389181354
SYN-W-0094,webcam,SYN-FACE-01,other,0.15402209079697554
SYN-W-0094,webcam,SYN-FACE-02,left_eye,0.18133836149075733
SYN-W-0094,webcam,SYN-FACE-02,right_eye,0.2087364319553621
SYN-W-0094,webcam,SYN-FACE-02,nose,0.17762867651812064
SYN-W-0094,webcam,SYN-FACE-02,mouth,0.3024344602662705
SYN-W-0094,webcam,SYN-FACE-02,other,0.12986206976948933
SYN-W-0094,webcam,SYN-FACE-03,left_eye,0.27195012655450895
SYN-W-0094,webcam,SYN-FACE-03,right_eye,0.31335142434907387
SYN-W-0094,webcam,SYN-FACE-03,nose,0.2715874355315544
SYN-W-0094,webcam,SYN-FACE-03,mouth,0.11608193313390786
SYN-W-0094,webcam,SYN-FACE-03,other,0.02702908043095489
SYN-W-0095,webcam,SYN-FACE-01,left_eye,0.12003100561590739
SYN-W-0095,webcam,SYN-FACE-01,right_eye,0.18506391291215177
SYN-W-0095,webcam,SYN-FACE-01,nose,0.30438356796144433
SYN-W-0095,webcam,SYN-FACE-01,mouth,0.30436573190333266
SYN-W-0095,webcam,SYN-FACE-01,other,0.08615578160716388
SYN-W-0095,webcam,SYN-FACE-02,left_eye,0.2767224112715868
SYN-W-0095,webcam,SYN-FACE-02,right_eye,0.2291378444108429
SYN-W-0095,webcam,SYN-FACE-02,nose,0.15119055758014938
SYN-W-0095,webcam,SYN-FACE-02,mouth,0.22563113153833309
SYN-W-0095,webcam,SYN-FACE-02,other,0.1173180551990878
SYN-W-0095,webcam,SYN-FACE-03,left_eye,0.21302260269556214
SYN-W-0095,webcam,SYN-FACE-03,right_eye,0.17613394231840543
SYN-W-0095,webcam,SYN-FACE-03,nose,0.2283803059558465
SYN-W-0095,webcam,SYN-FACE-03,mouth,0.27542784078065513
SYN-W-0095,webcam,SYN-FACE-03,other,0.10703530824953089
SYN-W-0096,webcam,SYN-FACE-01,left_eye,0.14628956797223933
SYN-W-0096,webcam,SYN-FACE-01,right_eye,0.09399543743626908
SYN-W-0096,webcam,SYN-FACE-01,nose,0.405703271508329
SYN-W-0096,webcam,SYN-FACE-01,mouth,0.260101713357762
SYN-W-0096,webcam,SYN-FACE-01,other,0.09391000972540052
SYN-W-0096,webcam,SYN-FACE-02,left_eye,0.32955396927411706
SYN-W-0096,webcam,SYN-FACE-02,right_eye,0.16825378666248847
SYN-W-0096,webcam,SYN-FACE-02,nose,0.18616215307022196
SYN-W-0096,webcam,SYN-FACE-02,mouth,0.2781632240415634
SYN-W-0096,webcam,SYN-FACE-02,other,0.03786686695160913
SYN-W-0096,webcam,SYN-FACE-03,left_eye,0.42008966595454283
SYN-W-0096,webcam,SYN-FACE-03,right_eye,0.07289918277442235
SYN-W-0096,webcam,SYN-FACE-03,nose,0.24300859869540214
SYN-W-0096,webcam,SYN-FACE-03,mouth,0.2362305909899398
SYN-W-0096,webcam,SYN-FACE-03,other,0.027771961585692877
SYN-W-0097,webcam,SYN-FACE-01,left_eye,0.18759732127713222
SYN-W-0097,webcam,SYN-FACE-01,right_eye,0.36257517925516436
SYN-W-0097,webcam,SYN-FACE-01,nose,0.08768281165903365
SYN-W-0097,webcam,SYN-FACE-01,mouth,0.33141273465272963
SYN-W-0097,webcam,SYN-FACE-01,other,0.03073195315594012
SYN-W-0097,webcam,SYN-FACE-02,left_eye,0.262700029263955
SYN-W-0097,webcam,SYN-FACE-02,right_eye,0.1615743985198265
SYN-W-0097,webcam,SYN-FACE-02,nose,0.21189640446288902
SYN-W-0097,webcam,SYN-FACE-02,mouth,0.3638291677533295
SYN-W-0097,webcam,SYN-FACE-02,other,0.0
SYN-W-0097,webcam,SYN-FACE-03,left_eye,0.22172701615154153
SYN-W-0097,webcam,SYN-FACE-03,right_eye,0.19657102827668457
SYN-W-0097,webcam,SYN-FACE-03,nose,0.2339080497227451
SYN-W-0097,webcam,SYN-FACE-03,mouth,0.34779390584902875
SYN-W-0097,webcam,SYN-FACE-03,other,0.0
SYN-W-0098,webcam,SYN-FACE-01,left_eye,0.2440994913704374
SYN-W-0098,webcam,SYN-FACE-01,right_eye,0.28493617118267345
SYN-W-0098,webcam,SYN-FACE-01,nose,0.29913463387805866
SYN-W-0098,webcam,SYN-FACE-01,mouth,0.17182970356883046
SYN-W-0098,webcam,SYN-FACE-01,other,0.0
SYN-W-0098,webcam,SYN-FACE-02,left_eye,0.03335245694899879
SYN-W-0098,webcam,SYN-FACE-02,right_eye,0.22248275514768476
SYN-W-0098,webcam,SYN-FACE-02,nose,0.22124509330061856
SYN-W-0098,webcam,SYN-FACE-02,mouth,0.4653003823474446
SYN-W-0098,webcam,SYN-FACE-02,other,0.05761931225525337
SYN-W-0098,webcam,SYN-FACE-03,left_eye,0.3918345201963244
SYN-W-0098,webcam,SYN-FACE-03,right_eye,0.24117365925969553
SYN-W-0098,webcam,SYN-FACE-03,nose,0.1102743616077482
SYN-W-0098,webcam,SYN-FACE-03,mouth,0.23505048447655913
SYN-W-0098,webcam,SYN-FACE-03,other,0.0216669744596728
SYN-W-0099,webcam,SYN-FACE-01,left_eye,0.3467455296197429
SYN-W-0099,webcam,SYN-FACE-01,right_eye,0.15574410751555465
SYN-W-0099,webcam,SYN-FACE-01,nose,0.3378976115232119
SYN-W-0099,webcam,SYN-FACE-01,mouth,0.1304458344960991
SYN-W-0099,webcam,SYN-FACE-01,other,0.029166916845391418
SYN-W-0099,webcam,SYN-FACE-02,left_eye,0.22386426977487897
SYN-W-0099,webcam,SYN-FACE-02,right_eye,0.21266474987806114
SYN-W-0099,webcam,SYN-FACE-02,nose,0.14091058015463018
SYN-W-0099,webcam,SYN-FACE-02,mouth,0.36270149025926035
SYN-W-0099,webcam,SYN-FACE-02,other,0.05985890993316937
SYN-W-0099,webcam,SYN-FACE-03,left_eye,0.37738929129551124
SYN-W-0099,webcam,SYN-FACE-03,right_eye,0.2888952362685039
SYN-W-0099,webcam,SYN-FACE-03,nose,0.2660937821277284
SYN-W-0099,webcam,SYN-FACE-03,mouth,0.06762169030825653
SYN-W-0099,webcam,SYN-FACE-03,other,0.0
SYN-W-0100,webcam,SYN-FACE-01,left_eye,0.2663871178519942
SYN-W-0100,webcam,SYN-FACE-01,right_eye,0.38166035386611435
SYN-W-0100,webcam,SYN-FACE-01,nose,0.14023255496002388
SYN-W-0100,webcam,SYN-FACE-01,mouth,0.1238285138421363
SYN-W-0100,webcam,SYN-FACE-01,other,0.0878914594797313
SYN-W-0100,webcam,SYN-FACE-02,left_eye,0.1622936039777629
SYN-W-0100,webcam,SYN-FACE-02,right_eye,0.31249345181555
SYN-W-0100,webcam,SYN-FACE-02,nose,0.11798742029421681
SYN-W-0100,webcam,SYN-FACE-02,mouth,0.40722552391247036
SYN-W-0100,webcam,SYN-FACE-02,other,0.0
SYN-W-0100,webcam,SYN-FACE-03,left_eye,0.2203809361444712
SYN-W-0100,webcam,SYN-FACE-03,right_eye,0.1803968675973867
SYN-W-0100,webcam,SYN-FACE-03,nose,0.16406044280111332
SYN-W-0100,webcam,SYN-FACE-03,mouth,0.3801483587456087
SYN-W-0100,webcam,SYN-FACE-03,other,0.055013394711419986
SYN-W-0101,webcam,SYN-FACE-01,left_eye,0.3921995897136131
SYN-W-0101,webcam,SYN-FACE-01,right_eye,0.12498847049046527
SYN-W-0101,webcam,SYN-FACE-01,nose,0.13662358577269346
SYN-W-0101,webcam,SYN-FACE-01,mouth,0.1945885492034589
SYN-W-0101,webcam,SYN-FACE-01,other,0.15159980481976928
SYN-W-0101,webcam,SYN-FACE-02,left_eye,0.22928974555630677
SYN-W-0101,webcam,SYN-FACE-02,right_eye,0.15879014488220378
SYN-W-0101,webcam,SYN-FACE-02,nose,0.21328006651089787
SYN-W-0101,webcam,SYN-FACE-02,mouth,0.22568886086847076
SYN-W-0101,webcam,SYN-FACE-02,other,0.17295118218212083
SYN-W-0101,webcam,SYN-FACE-03,left_eye,0.20858825076367077
SYN-W-0101,webcam,SYN-FACE-03,right_eye,0.24008337881500907
SYN-W-0101,webcam,SYN-FACE-03,nose,0.3723554390142068
SYN-W-0101,webcam,SYN-FACE-03,mouth,0.10468476863296097
SYN-W-0101,webcam,SYN-FACE-03,other,0.07428816277415229
SYN-W-0102,webcam,SYN-FACE-01,left_eye,0.16182979095863292
SYN-W-0102,webcam,SYN-FACE-01,right_eye,0.3557400032039594
SYN-W-0102,webcam,SYN-FACE-01,nose,0.27529398416269163
SYN-W-0102,webcam,SYN-FACE-01,mouth,0.1380927833197596
SYN-W-0102,webcam,SYN-FACE-01,other,0.06904343835495652
SYN-W-0102,webcam,SYN-FACE-02,left_eye,0.24933065217551859
SYN-W-0102,webcam,SYN-FACE-02,right_eye,0.08409053575330977
SYN-W-0102,webcam,SYN-FACE-02,nose,0.19675387505066866
SYN-W-0102,webcam,SYN-FACE-02,mouth,0.3905496969196663
SYN-W-0102,webcam,SYN-FACE-02,other,0.07927524010083663
SYN-W-0102,webcam,SYN-FACE-03,left_eye,0.15546846126189695
SYN-W-0102,webcam,SYN-FACE-03,right_eye,0.11401155087538917
SYN-W-0102,webcam,SYN-FACE-03,nose,0.4005708167717124
SYN-W-0102,webcam,SYN-FACE-03,mouth,0.3299491710910014
SYN-W-0102,webcam,SYN-FACE-03,other,0.0
SYN-W-0103,webcam,SYN-FACE-01,left_eye,0.0920469241478358
SYN-W-0103,webcam,SYN-FACE-01,right_eye,0.19808609819672954
SYN-W-0103,webcam,SYN-FACE-01,nose,0.14605541389909338
SYN-W-0103,webcam,SYN-FACE-01,mouth,0.30995133728251484
SYN-W-0103,webcam,SYN-FACE-01,other,0.2538602264738265
SYN-W-0103,webcam,SYN-FACE-02,left_eye,0.17644432850724276
SYN-W-0103,webcam,SYN-FACE-02,right_eye,0.161029220706944
SYN-W-0103,webcam,SYN-FACE-02,nose,0.2142185316074981
SYN-W-0103,webcam,SYN-FACE-02,mouth,0.3558593067721453
SYN-W-0103,webcam,SYN-FACE-02,other,0.09244861240616985
SYN-W-0103,webcam,SYN-FACE-03,left_eye,0.3438855852443422
SYN-W-0103,webcam,SYN-FACE-03,right_eye,0.24044907834635984
SYN-W-0103,webcam,SYN-FACE-03,nose,0.15096780364192783
SYN-W-0103,webcam,SYN-FACE-03,mouth,0.18520823765690353
SYN-W-0103,webcam,SYN-FACE-03,other,0.0794892951104666
SYN-W-0104,webcam,SYN-FACE-01,left_eye,0.08623883430030614
SYN-W-0104,webcam,SYN-FACE-01,right_eye,0.4152321831155049
SYN-W-0104,webcam,SYN-FACE-01,nose,0.29002300990980046
SYN-W-0104,webcam,SYN-FACE-01,mouth,0.12143661768511434
SYN-W-0104,webcam,SYN-FACE-01,other,0.08706935498927419
SYN-W-0104,webcam,SYN-FACE-02,left_eye,0.2966031055253078
SYN-W-0104,webcam,SYN-FACE-02,right_eye,0.1818662678382071
SYN-W-0104,webcam,SYN-FACE-02,nose,0.17380344994972421
SYN-W-0104,webcam,SYN-FACE-02,mouth,0.18485755573735538
SYN-W-0104,webcam,SYN-FACE-02,other,0.16286962094940557
SYN-W-0104,webcam,SYN-FACE-03,left_eye,0.42368614819959116
SYN-W-0104,webcam,SYN-FACE-03,right_eye,0.10597769858139594
SYN-W-0104,webcam,SYN-FACE-03,nose,0.24123869736732753
SYN-W-0104,webcam,SYN-FACE-03,mouth,0.1914217293431637
SYN-W-0104,webcam,SYN-FACE-03,other,0.03767572650852169
SYN-W-0105,webcam,SYN-FACE-01,left_eye,0.41358686831332137
SYN-W-0105,webcam,SYN-FACE-01,right_eye,0.28476445745671697
SYN-W-0105,webcam,SYN-FACE-01,nose,0.17125835486306148
SYN-W-0105,webcam,SYN-FACE-01,mouth,0.09375554362976177
SYN-W-0105,webcam,SYN-FACE-01,other,0.03663477573713843
SYN-W-0105,webcam,SYN-FACE-02,left_eye,0.12323273122285446
SYN-W-0105,webcam,SYN-FACE-02,right_eye,0.21780495394476357
SYN-W-0105,webcam,SYN-FACE-02,nose,0.16382086383555566
SYN-W-0105,webcam,SYN-FACE-02,mouth,0.3679239871454567
SYN-W-0105,webcam,SYN-FACE-02,other,0.1272174638513697
SYN-W-0105,webcam,SYN-FACE-03,left_eye,0.2724139950862692
SYN-W-0105,webcam,SYN-FACE-03,right_eye,0.2724408673597385
SYN-W-0105,webcam,SYN-FACE-03,nose,0.08468399421096531
SYN-W-0105,webcam,SYN-FACE-03,mouth,0.20531447324660745
SYN-W-0105,webcam,SYN-FACE-03,other,0.1651466700964196
SYN-W-0106,webcam,SYN-FACE-01,left_eye,0.5561174022703271
SYN-W-0106,webcam,SYN-FACE-01,right_eye,0.13674744121013283
SYN-W-0106,webcam,SYN-FACE-01,nose,0.06439590799941228
SYN-W-0106,webcam,SYN-FACE-01,mouth,0.2427392485201278
SYN-W-0106,webcam,SYN-FACE-01,other,0.0
SYN-W-0106,webcam,SYN-FACE-02,left_eye,0.32055252030776255
SYN-W-0106,webcam,SYN-FACE-02,right_eye,0.2435368786184522
SYN-W-0106,webcam,SYN-FACE-02,nose,0.2979866854859269
SYN-W-0106,webcam,SYN-FACE-02,mouth,0.1379239155878583
SYN-W-0106,webcam,SYN-FACE-02,other,0.0
SYN-W-0106,webcam,SYN-FACE-03,left_eye,0.18047966663960568
SYN-W-0106,webcam,SYN-FACE-03,right_eye,0.27166861763167827
SYN-W-0106,webcam,SYN-FACE-03,nose,0.28355914129822857
SYN-W-0106,webcam,SYN-FACE-03,mouth,0.24362024263406495
SYN-W-0106,webcam,SYN-FACE-03,other,0.020672331796422586
SYN-W-0107,webcam,SYN-FACE-01,left_eye,0.09630553112636739
SYN-W-0107,webcam,SYN-FACE-01,right_eye,0.20312406493270513
SYN-W-0107,webcam,SYN-FACE-01,nose,0.3675731291079933
SYN-W-0107,webcam,SYN-FACE-01,mouth,0.3329972748329343
SYN-W-0107,webcam,SYN-FACE-01,other,0.0
SYN-W-0107,webcam,SYN-FACE-02,left_eye,0.2734510690007485
SYN-W-0107,webcam,SYN-FACE-02,right_eye,0.1890586733091694
SYN-W-0107,webcam,SYN-FACE-02,nose,0.1545041921105643
SYN-W-0107,webcam,SYN-FACE-02,mouth,0.34838165774168905
SYN-W-0107,webcam,SYN-FACE-02,other,0.03460440783782874
SYN-W-0107,webcam,SYN-FACE-03,left_eye,0.05296848824745825
SYN-W-0107,webcam,SYN-FACE-03,right_eye,0.20122758207717586
SYN-W-0107,webcam,SYN-FACE-03,nose,0.31578099506570884
SYN-W-0107,webcam,SYN-FACE-03,mouth,0.39668218437227687
SYN-W-0107,webcam,SYN-FACE-03,other,0.033340750237380264
SYN-W-0108,webcam,SYN-FACE-01,left_eye,0.1848351907392589
SYN-W-0108,webcam,SYN-FACE-01,right_eye,0.08797149840101244
SYN-W-0108,webcam,SYN-FACE-01,nose,0.38673576328739745
SYN-W-0108,webcam,SYN-FACE-01,mouth,0.23099606318416993
SYN-W-0108,webcam,SYN-FACE-01,other,0.10946148438816125
SYN-W-0108,webcam,SYN-FACE-02,left_eye,0.211275599021362
SYN-W-0108,webcam,SYN-FACE-02,right_eye,0.14217257197198047
SYN-W-0108,webcam,SYN-FACE-02,nose,0.18307425688405676
SYN-W-0108,webcam,SYN-FACE-02,mouth,0.42407455336249045
SYN-W-0108,webcam,SYN-FACE-02,other,0.03940301876011031
SYN-W-0108,webcam,SYN-FACE-03,left_eye,0.3669719899644661
SYN-W-0108,webcam,SYN-FACE-03,right_eye,0.10406131115950198
SYN-W-0108,webcam,SYN-FACE-03,nose,0.17087071111179256
SYN-W-0108,webcam,SYN-FACE-03,mouth,0.26408309068448726
SYN-W-0108,webcam,SYN-FACE-03,other,0.09401289707975218
SYN-W-0109,webcam,SYN-FACE-01,left_eye,0.4036020251562611
SYN-W-0109,webcam,SYN-FACE-01,right_eye,0.22121912557259985
SYN-W-0109,webcam,SYN-FACE-01,nose,0.03814606016676042
SYN-W-0109,webcam,SYN-FACE-01,mouth,0.3370327891043787
SYN-W-0109,webcam,SYN-FACE-01,other,0.0
SYN-W-0109,webcam,SYN-FACE-02,left_eye,0.43980862568171447
SYN-W-0109,webcam,SYN-FACE-02,right_eye,0.1216493101505191
SYN-W-0109,webcam,SYN-FACE-02,nose,0.13134945254609165
SYN-W-0109,webcam,SYN-FACE-02,mouth,0.2042801946505391
SYN-W-0109,webcam,SYN-FACE-02,other,0.10291241697113576
SYN-W-0109,webcam,SYN-FACE-03,left_eye,0.0
SYN-W-0109,webcam,SYN-FACE-03,right_eye,0.4576340074354548
SYN-W-0109,webcam,SYN-FACE-03,nose,0.1154854818627077
SYN-W-0109,webcam,SYN-FACE-03,mouth,0.39334263366167005
SYN-W-0109,webcam,SYN-FACE-03,other,0.033537877040167356
SYN-W-0110,webcam,SYN-FACE-01,left_eye,0.31925931643353506
SYN-W-0110,webcam,SYN-FACE-01,right_eye,0.27039496998416307
SYN-W-0110,webcam,SYN-FACE-01,nose,0.10910935236072314
SYN-W-0110,webcam,SYN-FACE-01,mouth,0.30123636122157876
SYN-W-0110,webcam,SYN-FACE-01,other,0.0
SYN-W-0110,webcam,SYN-FACE-02,left_eye,0.16082816671320527
SYN-W-0110,webcam,SYN-FACE-02,right_eye,0.20682938836713
SYN-W-0110,webcam,SYN-FACE-02,nose,0.2374827750134118
SYN-W-0110,webcam,SYN-FACE-02,mouth,0.3530129550201741
SYN-W-0110,webcam,SYN-FACE-02,other,0.041846714886078794
SYN-W-0110,webcam,SYN-FACE-03,left_eye,0.24017125794899657
SYN-W-0110,webcam,SYN-FACE-03,right_eye,0.2843563517839039
SYN-W-0110,webcam,SYN-FACE-03,nose,0.3373586406144503
SYN-W-0110,webcam,SYN-FACE-03,mouth,0.10688894598819768
SYN-W-0110,webcam,SYN-FACE-03,other,0.031224803664451566
SYN-W-0111,webcam,SYN-FACE-01,left_eye,0.27614412034081065
SYN-W-0111,webcam,SYN-FACE-01,right_eye,0.3506414568051665
SYN-W-0111,webcam,SYN-FACE-01,nose,0.22140449866181172
SYN-W-0111,webcam,SYN-FACE-01,mouth,0.11683978016494742
SYN-W-0111,webcam,SYN-FACE-01,other,0.03497014402726376
SYN-W-0111,webcam,SYN-FACE-02,left_eye,0.2763484218509359
SYN-W-0111,webcam,SYN-FACE-02,right_eye,0.2610828122006704
SYN-W-0111,webcam,SYN-FACE-02,nose,0.1941980421774348
SYN-W-0111,webcam,SYN-FACE-02,mouth,0.19931584611403683
SYN-W-0111,webcam,SYN-FACE-02,other,0.06905487765692213
SYN-W-0111,webcam,SYN-FACE-03,left_eye,0.2059797691363393
SYN-W-0111,webcam,SYN-FACE-03,right_eye,0.27390216344911716
SYN-W-0111,webcam,SYN-FACE-03,nose,0.25672637939585075
SYN-W-0111,webcam,SYN-FACE-03,mouth,0.08270933571465815
SYN-W-0111,webcam,SYN-FACE-03,other,0.18068235230403457
SYN-W-0112,webcam,SYN-FACE-01,left_eye,0.30585329621989915
SYN-W-0112,webcam,SYN-FACE-01,right_eye,0.24561915257078157
SYN-W-0112,webcam,SYN-FACE-01,nose,0.08771468938014702
SYN-W-0112,webcam,SYN-FACE-01,mouth,0.3608128618291722
SYN-W-0112,webcam,SYN-FACE-01,other,0.0
SYN-W-0112,webcam,SYN-FACE-02,left_eye,0.26868044548775594
SYN-W-0112,webcam,SYN-FACE-02,right_eye,0.27719717789226755
SYN-W-0112,webcam,SYN-FACE-02,nose,0.16401610452819648
SYN-W-0112,webcam,SYN-FACE-02,mouth,0.20487828380969833
SYN-W-0112,webcam,SYN-FACE-02,other,0.08522798828208174
SYN-W-0112,webcam,SYN-FACE-03,left_eye,0.2921667987331656
SYN-W-0112,webcam,SYN-FACE-03,right_eye,0.2728752034547949
SYN-W-0112,webcam,SYN-FACE-03,nose,0.08723194518934864
SYN-W-0112,webcam,SYN-FACE-03,mouth,0.2399755638927055
SYN-W-0112,webcam,SYN-FACE-03,other,0.10775048872998547
SYN-W-0113,webcam,SYN-FACE-01,left_eye,0.09632100689059739
SYN-W-0113,webcam,SYN-FACE-01,right_eye,0.3875312198491099
SYN-W-0113,webcam,SYN-FACE-01,nose,0.209293885864582
SYN-W-0113,webcam,SYN-FACE-01,mouth,0.18961760782565107
SYN-W-0113,webcam,SYN-FACE-01,other,0.11723627957005961
SYN-W-0113,webcam,SYN-FACE-02,left_eye,0.13418618771360105
SYN-W-0113,webcam,SYN-FACE-02,right_eye,0.18502484893443016
SYN-W-0113,webcam,SYN-FACE-02,nose,0.12854684872170605
SYN-W-0113,webcam,SYN-FACE-02,mouth,0.4553658881534696
SYN-W-0113,webcam,SYN-FACE-02,other,0.09687622647679316
SYN-W-0113,webcam,SYN-FACE-03,left_eye,0.41563891853625307
SYN-W-0113,webcam,SYN-FACE-03,right_eye,0.18583018541278662
SYN-W-0113,webcam,SYN-FACE-03,nose,0.1957702319755771
SYN-W-0113,webcam,SYN-FACE-03,mouth,0.08894373295844103
SYN-W-0113,webcam,SYN-FACE-03,other,0.11381693111694209
SYN-W-0114,webcam,SYN-FACE-01,left_eye,0.34263839141378516
SYN-W-0114,webcam,SYN-FACE-01,right_eye,0.1711312212264456
SYN-W-0114,webcam,SYN-FACE-01,nose,0.12350037293783414
SYN-W-0114,webcam,SYN-FACE-01,mouth,0.29600722600431123
SYN-W-0114,webcam,SYN-FACE-01,other,0.06672278841762391
SYN-W-0114,webcam,SYN-FACE-02,left_eye,0.1692854896335944
SYN-W-0114,webcam,SYN-FACE-02,right_eye,0.23682216327742328
SYN-W-0114,webcam,SYN-FACE-02,nose,0.2612958309534757
SYN-W-0114,webcam,SYN-FACE-02,mouth,0.30014497530152984
SYN-W-0114,webcam,SYN-FACE-02,other,0.0324515408339767
SYN-W-0114,webcam,SYN-FACE-03,left_eye,0.5129375878290311
SYN-W-0114,webcam,SYN-FACE-03,right_eye,0.1749997698747812
SYN-W-0114,webcam,SYN-FACE-03,nose,0.17890127868384437
SYN-W-0114,webcam,SYN-FACE-03,mouth,0.13316136361234324
SYN-W-0114,webcam,SYN-FACE-03,other,0.0
SYN-W-0115,webcam,SYN-FACE-01,left_eye,0.30208483373252476
SYN-W-0115,webcam,SYN-FACE-01,right_eye,0.2000523180968069
SYN-W-0115,webcam,SYN-FACE-01,nose,0.3687263623008492
SYN-W-0115,webcam,SYN-FACE-01,mouth,0.08902182251755802
SYN-W-0115,webcam,SYN-FACE-01,other,0.04011466335226109
SYN-W-0115,webcam,SYN-FACE-02,left_eye,0.06767904953564204
SYN-W-0115,webcam,SYN-FACE-02,right_eye,0.30521014236807165
SYN-W-0115,webcam,SYN-FACE-02,nose,0.18251976722940785
SYN-W-0115,webcam,SYN-FACE-02,mouth,0.35899799943287075
SYN-W-0115,webcam,SYN-FACE-02,other,0.0855930414340076
SYN-W-0115,webcam,SYN-FACE-03,left_eye,0.12936631902568393
SYN-W-0115,webcam,SYN-FACE-03,right_eye,0.37122349146070677
SYN-W-0115,webcam,SYN-FACE-03,nose,0.40737005754303984
SYN-W-0115,webcam,SYN-FACE-03,mouth,0.0
SYN-W-0115,webcam,SYN-FACE-03,other,0.09204013197056939
SYN-W-0116,webcam,SYN-FACE-01,left_eye,0.33957654949819094
SYN-W-0116,webcam,SYN-FACE-01,right_eye,0.3015739845453006
SYN-W-0116,webcam,SYN-FACE-01,nose,0.15840979166426442
SYN-W-0116,webcam,SYN-FACE-01,mouth,0.08065275267863484
SYN-W-0116,webcam,SYN-FACE-01,other,0.11978692161360927
SYN-W-0116,webcam,SYN-FACE-02,left_eye,0.18583766558317374
SYN-W-0116,webcam,SYN-FACE-02,right_eye,0.28131606909990753
SYN-W-0116,webcam,SYN-FACE-02,nose,0.20334827271020542
SYN-W-0116,webcam,SYN-FACE-02,mouth,0.3294979926067133
SYN-W-0116,webcam,SYN-FACE-02,other,0.0
SYN-W-0116,webcam,SYN-FACE-03,left_eye,0.3278639673858088
SYN-W-0116,webcam,SYN-FACE-03,right_eye,0.22864427471314264
SYN-W-0116,webcam,SYN-FACE-03,nose,0.22247434574245312
SYN-W-0116,webcam,SYN-FACE-03,mouth,0.08987046083795881
SYN-W-0116,webcam,SYN-FACE-03,other,0.13114695132063667
SYN-W-0117,webcam,SYN-FACE-01,left_eye,0.39472154147722815
SYN-W-0117,webcam,SYN-FACE-01,right_eye,0.15659503297227947
SYN-W-0117,webcam,SYN-FACE-01,nose,0.16846588563209886
SYN-W-0117,webcam,SYN-FACE-01,mouth,0.28021753991839354
SYN-W-0117,webcam,SYN-FACE-01,other,0.0
SYN-W-0117,webcam,SYN-FACE-02,left_eye,0.1253444568564154
SYN-W-0117,webcam,SYN-FACE-02,right_eye,0.1113272391764603
SYN-W-0117,webcam,SYN-FACE-02,nose,0.3154804670682258
SYN-W-0117,webcam,SYN-FACE-02,mouth,0.3861380140752165
SYN-W-0117,webcam,SYN-FACE-02,other,0.06170982282368208
SYN-W-0117,webcam,SYN-FACE-03,left_eye,0.5600152152978698
SYN-W-0117,webcam,SYN-FACE-03,right_eye,0.13670514505294273
SYN-W-0117,webcam,SYN-FACE-03,nose,0.12974130770106673
SYN-W-0117,webcam,SYN-FACE-03,mouth,0.041187792885750724
SYN-W-0117,webcam,SYN-FACE-03,other,0.13235053906237002
SYN-W-0118,webcam,SYN-FACE-01,left_eye,0.07851785570207649
SYN-W-0118,webcam,SYN-FACE-01,right_eye,0.16479529632854192
SYN-W-0118,webcam,SYN-FACE-01,nose,0.30613313501587935
SYN-W-0118,webcam,SYN-FACE-01,mouth,0.4505537129535022
SYN-W-0118,webcam,SYN-FACE-01,other,0.0
SYN-W-0118,webcam,SYN-FACE-02,left_eye,0.2286981738350832
SYN-W-0118,webcam,SYN-FACE-02,right_eye,0.15146080097010833
SYN-W-0118,webcam,SYN-FACE-02,nose,0.09205901972272433
SYN-W-0118,webcam,SYN-FACE-02,mouth,0.3432925907461378
SYN-W-0118,webcam,SYN-FACE-02,other,0.1844894147259463
SYN-W-0118,webcam,SYN-FACE-03,left_eye,0.09577152015675898
SYN-W-0118,webcam,SYN-FACE-03,right_eye,0.206630586187517
SYN-W-0118,webcam,SYN-FACE-03,nose,0.19123362377795475
SYN-W-0118,webcam,SYN-FACE-03,mouth,0.3393081348308002
SYN-W-0118,webcam,SYN-FACE-03,other,0.16705613504696912
SYN-W-0119,webcam,SYN-FACE-01,left_eye,0.268698468674516
SYN-W-0119,webcam,SYN-FACE-01,right_eye,0.3380564375895404
SYN-W-0119,webcam,SYN-FACE-01,nose,0.08681050789408591
SYN-W-0119,webcam,SYN-FACE-01,mouth,0.2482205789173345
SYN-W-0119,webcam,SYN-FACE-01,other,0.058214006924523165
SYN-W-0119,webcam,SYN-FACE-02,left_eye,0.1432345126966285
SYN-W-0119,webcam,SYN-FACE-02,right_eye,0.1534851462519378
SYN-W-0119,webcam,SYN-FACE-02,nose,0.2810558269991974
SYN-W-0119,webcam,SYN-FACE-02,mouth,0.4222245140522362
SYN-W-0119,webcam,SYN-FACE-02,other,0.0
SYN-W-0119,webcam,SYN-FACE-03,left_eye,0.13813575588728005
SYN-W-0119,webcam,SYN-FACE-03,right_eye,0.04293321868436217
SYN-W-0119,webcam,SYN-FACE-03,nose,0.4605417427495337
SYN-W-0119,webcam,SYN-FACE-03,mouth,0.2953246384074456
SYN-W-0119,webcam,SYN-FACE-03,other,0.06306464427137842
SYN-W-0120,webcam,SYN-FACE-01,left_eye,0.12690604527677155
SYN-W-0120,webcam,SYN-FACE-01,right_eye,0.26737050125282047
SYN-W-0120,webcam,SYN-FACE-01,nose,0.05998431278321961
SYN-W-0120,webcam,SYN-FACE-01,mouth,0.24283879789517382
SYN-W-0120,webcam,SYN-FACE-01,other,0.30290034279201455
SYN-W-0120,webcam,SYN-FACE-02,left_eye,0.3474584154903708
SYN-W-0120,webcam,SYN-FACE-02,right_eye,0.0680256420565387
SYN-W-0120,webcam,SYN-FACE-02,nose,0.1960317264441698
SYN-W-0120,webcam,SYN-FACE-02,mouth,0.27053728078216727
SYN-W-0120,webcam,SYN-FACE-02,other,0.11794693522675338
SYN-W-0120,webcam,SYN-FACE-03,left_eye,0.23268224541654087
SYN-W-0120,webcam,SYN-FACE-03,right_eye,0.3155371690688378
SYN-W-0120,webcam,SYN-FACE-03,nose,0.2551954916884547
SYN-W-0120,webcam,SYN-FACE-03,mouth,0.11389499573917705
SYN-W-0120,webcam,SYN-FACE-03,other,0.08269009808698963
SYN-W-0121,webcam,SYN-FACE-01,left_eye,0.22195493628544155
SYN-W-0121,webcam,SYN-FACE-01,right_eye,0.3040744427755603
SYN-W-0121,webcam,SYN-FACE-01,nose,0.32698586990368916
SYN-W-0121,webcam,SYN-FACE-01,mouth,0.09994001973799202
SYN-W-0121,webcam,SYN-FACE-01,other,0.04704473129731704
SYN-W-0121,webcam,SYN-FACE-02,left_eye,0.05488434196214857
SYN-W-0121,webcam,SYN-FACE-02,right_eye,0.28410089657182536
SYN-W-0121,webcam,SYN-FACE-02,nose,0.3594635471589766
SYN-W-0121,webcam,SYN-FACE-02,mouth,0.2404776950414864
SYN-W-0121,webcam,SYN-FACE-02,other,0.06107351926556313
SYN-W-0121,webcam,SYN-FACE-03,left_eye,0.3110882774284325
SYN-W-0121,webcam,SYN-FACE-03,right_eye,0.19412486670128415
SYN-W-0121,webcam,SYN-FACE-03,nose,0.16338027318624557
SYN-W-0121,webcam,SYN-FACE-03,mouth,0.3314065826840378
SYN-W-0121,webcam,SYN-FACE-03,other,0.0
SYN-W-0122,webcam,SYN-FACE-01,left_eye,0.2461512257468024
SYN-W-0122,webcam,SYN-FACE-01,right_eye,0.21369987927425205
SYN-W-0122,webcam,SYN-FACE-01,nose,0.13336767568219768
SYN-W-0122,webcam,SYN-FACE-01,mouth,0.4067812192967479
SYN-W-0122,webcam,SYN-FACE-01,other,0.0
SYN-W-0122,webcam,SYN-FACE-02,left_eye,0.0919743736724478
SYN-W-0122,webcam,SYN-FACE-02,right_eye,0.2783176509460073
SYN-W-0122,webcam,SYN-FACE-02,nose,0.1577468169315592
SYN-W-0122,webcam,SYN-FACE-02,mouth,0.4040938525053706
SYN-W-0122,webcam,SYN-FACE-02,other,0.06786730594461513
SYN-W-0122,webcam,SYN-FACE-03,left_eye,0.14972304784081528
SYN-W-0122,webcam,SYN-FACE-03,right_eye,0.23365286346093278
SYN-W-0122,webcam,SYN-FACE-03,nose,0.13200858265760898
SYN-W-0122,webcam,SYN-FACE-03,mouth,0.32950929409587143
SYN-W-0122,webcam,SYN-FACE-03,other,0.15510621194477145
SYN-W-0123,webcam,SYN-FACE-01,left_eye,0.24454530584739792
SYN-W-0123,webcam,SYN-FACE-01,right_eye,0.06310193842112172
SYN-W-0123,webcam,SYN-FACE-01,nose,0.17868041262715748
SYN-W-0123,webcam,SYN-FACE-01,mouth,0.44238382150151345
SYN-W-0123,webcam,SYN-FACE-01,other,0.07128852160280942
SYN-W-0123,webcam,SYN-FACE-02,left_eye,0.17839960984022182
SYN-W-0123,webcam,SYN-FACE-02,right_eye,0.12530594344209686
SYN-W-0123,webcam,SYN-FACE-02,nose,0.22516927651390423
SYN-W-0123,webcam,SYN-FACE-02,mouth,0.38357434178728733
SYN-W-0123,webcam,SYN-FACE-02,other,0.08755082841648963
SYN-W-0123,webcam,SYN-FACE-03,left_eye,0.3802352309325681
SYN-W-0123,webcam,SYN-FACE-03,right_eye,0.17885859944205063
SYN-W-0123,webcam,SYN-FACE-03,nose,0.3115616485275641
SYN-W-0123,webcam,SYN-FACE-03,mouth,0.09809961713194024
SYN-W-0123,webcam,SYN-FACE-03,other,0.031244903965876977
SYN-W-0124,webcam,SYN-FACE-01,left_eye,0.21486966689244735
SYN-W-0124,webcam,SYN-FACE-01,right_eye,0.2586294191819411
SYN-W-0124,webcam,SYN-FACE-01,nose,0.28189966620610957
SYN-W-0124,webcam,SYN-FACE-01,mouth,0.1737281478150746
SYN-W-0124,webcam,SYN-FACE-01,other,0.07087309990442733
SYN-W-0124,webcam,SYN-FACE-02,left_eye,0.27260724328919267
SYN-W-0124,webcam,SYN-FACE-02,right_eye,0.2580081421336519
SYN-W-0124,webcam,SYN-FACE-02,nose,0.17111753055067527
SYN-W-0124,webcam,SYN-FACE-02,mouth,0.14687276096244817
SYN-W-0124,webcam,SYN-FACE-02,other,0.15139432306403194
SYN-W-0124,webcam,SYN-FACE-03,left_eye,0.31117856074910794
SYN-W-0124,webcam,SYN-FACE-03,right_eye,0.1713581989697734
SYN-W-0124,webcam,SYN-FACE-03,nose,0.3138946418133174
SYN-W-0124,webcam,SYN-FACE-03,mouth,0.05186994139496908
SYN-W-0124,webcam,SYN-FACE-03,other,0.1516986570728322
SYN-W-0125,webcam,SYN-FACE-01,left_eye,0.2085297321684444
SYN-W-0125,webcam,SYN-FACE-01,right_eye,0.3116270645141362
SYN-W-0125,webcam,SYN-FACE-01,nose,0.18273446584663666
SYN-W-0125,webcam,SYN-FACE-01,mouth,0.19336224225271612
SYN-W-0125,webcam,SYN-FACE-01,other,0.10374649521806661
SYN-W-0125,webcam,SYN-FACE-02,left_eye,0.2558283968070038
SYN-W-0125,webcam,SYN-FACE-02,right_eye,0.20955599616965837
SYN-W-0125,webcam,SYN-FACE-02,nose,0.27575258628507726
SYN-W-0125,webcam,SYN-FACE-02,mouth,0.22310591718104025
SYN-W-0125,webcam,SYN-FACE-02,other,0.03575710355722038
SYN-W-0125,webcam,SYN-FACE-03,left_eye,0.13244318681522022
SYN-W-0125,webcam,SYN-FACE-03,right_eye,0.4606164946614238
SYN-W-0125,webcam,SYN-FACE-03,nose,0.250278163427749
SYN-W-0125,webcam,SYN-FACE-03,mouth,0.1240128456064365
SYN-W-0125,webcam,SYN-FACE-03,other,0.032649309489170476
SYN-W-0126,webcam,SYN-FACE-01,left_eye,0.22998189432809277
SYN-W-0126,webcam,SYN-FACE-01,right_eye,0.3638160607488898
SYN-W-0126,webcam,SYN-FACE-01,nose,0.09934254997608251
SYN-W-0126,webcam,SYN-FACE-01,mouth,0.21735615236911754
SYN-W-0126,webcam,SYN-FACE-01,other,0.08950334257781739
SYN-W-0126,webcam,SYN-FACE-02,left_eye,0.19569897487873825
SYN-W-0126,webcam,SYN-FACE-02,right_eye,0.20319406546176025
SYN-W-0126,webcam,SYN-FACE-02,nose,0.13646008830029335
SYN-W-0126,webcam,SYN-FACE-02,mouth,0.44166345629061243
SYN-W-0126,webcam,SYN-FACE-02,other,0.022983415068595737
SYN-W-0126,webcam,SYN-FACE-03,left_eye,0.201133639749198
SYN-W-0126,webcam,SYN-FACE-03,right_eye,0.23095706702191798
SYN-W-0126,webcam,SYN-FACE-03,nose,0.1693922447608383
SYN-W-0126,webcam,SYN-FACE-03,mouth,0.2626905637788771
SYN-W-0126,webcam,SYN-FACE-03,other,0.1358264846891686
SYN-W-0127,webcam,SYN-FACE-01,left_eye,0.4714585816582776
SYN-W-0127,webcam,SYN-FACE-01,right_eye,0.1156079099476331
SYN-W-0127,webcam,SYN-FACE-01,nose,0.15988733512971728
SYN-W-0127,webcam,SYN-FACE-01,mouth,0.09566616924927522
SYN-W-0127,webcam,SYN-FACE-01,other,0.1573800040150967
SYN-W-0127,webcam,SYN-FACE-02,left_eye,0.2541797658105024
SYN-W-0127,webcam,SYN-FACE-02,right_eye,0.1974241563332155
SYN-W-0127,webcam,SYN-FACE-02,nose,0.057038629809714775
SYN-W-0127,webcam,SYN-FACE-02,mouth,0.49135744804656734
SYN-W-0127,webcam,SYN-FACE-02,other,0.0
SYN-W-0127,webcam,SYN-FACE-03,left_eye,0.2214550042520312
SYN-W-0127,webcam,SYN-FACE-03,right_eye,0.2626433294895675
SYN-W-0127,webcam,SYN-FACE-03,nose,0.2690193062796039
SYN-W-0127,webcam,SYN-FACE-03,mouth,0.18020409562585404
SYN-W-0127,webcam,SYN-FACE-03,other,0.06667826435294331
SYN-W-0128,webcam,SYN-FACE-01,left_eye,0.24652726343330283
SYN-W-0128,webcam,SYN-FACE-01,right_eye,0.28054970050963995
SYN-W-0128,webcam,SYN-FACE-01,nose,0.21440858284242767
SYN-W-0128,webcam,SYN-FACE-01,mouth,0.25851445321462957
SYN-W-0128,webcam,SYN-FACE-01,other,0.0
SYN-W-0128,webcam,SYN-FACE-02,left_eye,0.15790329198422937
SYN-W-0128,webcam,SYN-FACE-02,right_eye,0.12845741028963256
SYN-W-0128,webcam,SYN-FACE-02,nose,0.09075319385371605
SYN-W-0128,webcam,SYN-FACE-02,mouth,0.35731385929946224
SYN-W-0128,webcam,SYN-FACE-02,other,0.26557224457295975
SYN-W-0128,webcam,SYN-FACE-03,left_eye,0.2922875649189632
SYN-W-0128,webcam,SYN-FACE-03,right_eye,0.4128019797293876
SYN-W-0128,webcam,SYN-FACE-03,nose,0.10545464697234118
SYN-W-0128,webcam,SYN-FACE-03,mouth,0.14956406138257794
SYN-W-0128,webcam,SYN-FACE-03,other,0.0398917469967302
SYN-W-0129,webcam,SYN-FACE-01,left_eye,0.2979794517852157
SYN-W-0129,webcam,SYN-FACE-01,right_eye,0.5160921738878936
SYN-W-0129,webcam,SYN-FACE-01,nose,0.09292024836787491
SYN-W-0129,webcam,SYN-FACE-01,mouth,0.04305848111698015
SYN-W-0129,webcam,SYN-FACE-01,other,0.04994964484203564
SYN-W-0129,webcam,SYN-FACE-02,left_eye,0.33802419645644194
SYN-W-0129,webcam,SYN-FACE-02,right_eye,0.25101243135386747
SYN-W-0129,webcam,SYN-FACE-02,nose,0.12813002340627766
SYN-W-0129,webcam,SYN-FACE-02,mouth,0.2481476372137198
SYN-W-0129,webcam,SYN-FACE-02,other,0.03468571156969313
SYN-W-0129,webcam,SYN-FACE-03,left_eye,0.2830060401185277
SYN-W-0129,webcam,SYN-FACE-03,right_eye,0.2513301968655004
SYN-W-0129,webcam,SYN-FACE-03,nose,0.23629189275842008
SYN-W-0129,webcam,SYN-FACE-03,mouth,0.20095003104585973
SYN-W-0129,webcam,SYN-FACE-03,other,0.028421839211692036
SYN-W-0130,webcam,SYN-FACE-01,left_eye,0.22100476593116736
SYN-W-0130,webcam,SYN-FACE-01,right_eye,0.18527102611013752
SYN-W-0130,webcam,SYN-FACE-01,nose,0.2313233422628223
SYN-W-0130,webcam,SYN-FACE-01,mouth,0.23920141862478356
SYN-W-0130,webcam,SYN-FACE-01,other,0.12319944707108933
SYN-W-0130,webcam,SYN-FACE-02,left_eye,0.08669580075839077
SYN-W-0130,webcam,SYN-FACE-02,right_eye,0.2702452623670251
SYN-W-0130,webcam,SYN-FACE-02,nose,0.19350037063706038
SYN-W-0130,webcam,SYN-FACE-02,mouth,0.4083285765781558
SYN-W-0130,webcam,SYN-FACE-02,other,0.04122998965936784
SYN-W-0130,webcam,SYN-FACE-03,left_eye,0.41277819262517557
SYN-W-0130,webcam,SYN-FACE-03,right_eye,0.03878030473187694
SYN-W-0130,webcam,SYN-FACE-03,nose,0.16626405707882672
SYN-W-0130,webcam,SYN-FACE-03,mouth,0.3821774455641207
SYN-W-0130,webcam,SYN-FACE-03,other,0.0
SYN-W-0131,webcam,SYN-FACE-01,left_eye,0.11552356831061147
SYN-W-0131,webcam,SYN-FACE-01,right_eye,0.36434561902324036
SYN-W-0131,webcam,SYN-FACE-01,nose,0.2029907621326224
SYN-W-0131,webcam,SYN-FACE-01,mouth,0.29172456305800876
SYN-W-0131,webcam,SYN-FACE-01,other,0.02541548747551699
SYN-W-0131,webcam,SYN-FACE-02,left_eye,0.11166694113036765
SYN-W-0131,webcam,SYN-FACE-02,right_eye,0.27334132250390997
SYN-W-0131,webcam,SYN-FACE-02,nose,0.2133428140181708
SYN-W-0131,webcam,SYN-FACE-02,mouth,0.31241649057034465
SYN-W-0131,webcam,SYN-FACE-02,other,0.08923243177720697
SYN-W-0131,webcam,SYN-FACE-03,left_eye,0.21315164403545236
SYN-W-0131,webcam,SYN-FACE-03,right_eye,0.20475168778735436
SYN-W-0131,webcam,SYN-FACE-03,nose,0.30539786099010513
SYN-W-0131,webcam,SYN-FACE-03,mouth,0.1712190979007025
SYN-W-0131,webcam,SYN-FACE-03,other,0.10547970928638564
SYN-W-0132,webcam,SYN-FACE-01,left_eye,0.26139805543587297
SYN-W-0132,webcam,SYN-FACE-01,right_eye,0.37131622963832267
SYN-W-0132,webcam,SYN-FACE-01,nose,0.04080236264233191
SYN-W-0132,webcam,SYN-FACE-01,mouth,0.3264833522834725
SYN-W-0132,webcam,SYN-FACE-01,other,0.0
SYN-W-0132,webcam,SYN-FACE-02,left_eye,0.1335338737519796
SYN-W-0132,webcam,SYN-FACE-02,right_eye,0.05719182427867759
SYN-W-0132,webcam,SYN-FACE-02,nose,0.17774138352959773
SYN-W-0132,webcam,SYN-FACE-02,mouth,0.48380388200438634
SYN-W-0132,webcam,SYN-FACE-02,other,0.14772903643535878
SYN-W-0132,webcam,SYN-FACE-03,left_eye,0.34152379218031165
SYN-W-0132,webcam,SYN-FACE-03,right_eye,0.11247230888655464
SYN-W-0132,webcam,SYN-FACE-03,nose,0.22679192781370114
SYN-W-0132,webcam,SYN-FACE-03,mouth,0.15506103257804157
SYN-W-0132,webcam,SYN-FACE-03,other,0.16415093854139104
SYN-W-0133,webcam,SYN-FACE-01,left_eye,0.28302783224940575
SYN-W-0133,webcam,SYN-FACE-01,right_eye,0.1862578094359983
SYN-W-0133,webcam,SYN-FACE-01,nose,0.39282847723039277
SYN-W-0133,webcam,SYN-FACE-01,mouth,0.0969270651638921
SYN-W-0133,webcam,SYN-FACE-01,other,0.04095881592031112
SYN-W-0133,webcam,SYN-FACE-02,left_eye,0.19980458804943624
SYN-W-0133,webcam,SYN-FACE-02,right_eye,0.2754350934007383
SYN-W-0133,webcam,SYN-FACE-02,nose,0.05990362489922686
SYN-W-0133,webcam,SYN-FACE-02,mouth,0.3932084366603045
SYN-W-0133,webcam,SYN-FACE-02,other,0.07164825699029416
SYN-W-0133,webcam,SYN-FACE-03,left_eye,0.2519029770670428
SYN-W-0133,webcam,SYN-FACE-03,right_eye,0.1648068706319552
SYN-W-0133,webcam,SYN-FACE-03,nose,0.20684815081769056
SYN-W-0133,webcam,SYN-FACE-03,mouth,0.2593765388161178
SYN-W-0133,webcam,SYN-FACE-03,other,0.11706546266719364
SYN-W-0134,webcam,SYN-FACE-01,left_eye,0.2636840604153599
SYN-W-0134,webcam,SYN-FACE-01,right_eye,0.24722086548338087
SYN-W-0134,webcam,SYN-FACE-01,nose,0.15429573812531003
SYN-W-0134,webcam,SYN-FACE-01,mouth,0.17062980023673352
SYN-W-0134,webcam,SYN-FACE-01,other,0.16416953573921564
SYN-W-0134,webcam,SYN-FACE-02,left_eye,0.13541650691758342
SYN-W-0134,webcam,SYN-FACE-02,right_eye,0.36274543790458347
SYN-W-0134,webcam,SYN-FACE-02,nose,0.10679528931638305
SYN-W-0134,webcam,SYN-FACE-02,mouth,0.37224546921578017
SYN-W-0134,webcam,SYN-FACE-02,other,0.022797296645670036
SYN-W-0134,webcam,SYN-FACE-03,left_eye,0.3763427925414765
SYN-W-0134,webcam,SYN-FACE-03,right_eye,0.17771369869675854
SYN-W-0134,webcam,SYN-FACE-03,nose,0.2493310794695728
SYN-W-0134,webcam,SYN-FACE-03,mouth,0.15981373400734222
SYN-W-0134,webcam,SYN-FACE-03,other,0.036798695284849865
SYN-W-0135,webcam,SYN-FACE-01,left_eye,0.1252579276281477
SYN-W-0135,webcam,SYN-FACE-01,right_eye,0.24970504167358676
SYN-W-0135,webcam,SYN-FACE-01,nose,0.19537848039050484
SYN-W-0135,webcam,SYN-FACE-01,mouth,0.2811481868402573
SYN-W-0135,webcam,SYN-FACE-01,other,0.1485103634675034
SYN-W-0135,webcam,SYN-FACE-02,left_eye,0.14688247145154093
SYN-W-0135,webcam,SYN-FACE-02,right_eye,0.3573199268873748
SYN-W-0135,webcam,SYN-FACE-02,nose,0.06637706714642196
SYN-W-0135,webcam,SYN-FACE-02,mouth,0.2784420771937172
SYN-W-0135,webcam,SYN-FACE-02,other,0.150978457320945
SYN-W-0135,webcam,SYN-FACE-03,left_eye,0.11985240470799707
SYN-W-0135,webcam,SYN-FACE-03,right_eye,0.28720676711750154
SYN-W-0135,webcam,SYN-FACE-03,nose,0.25375338727176694
SYN-W-0135,webcam,SYN-FACE-03,mouth,0.3391874409027345
SYN-W-0135,webcam,SYN-FACE-03,other,0.0
SYN-W-0136,webcam,SYN-FACE-01,left_eye,0.16261361694732798
SYN-W-0136,webcam,SYN-FACE-01,right_eye,0.3738339536774726
SYN-W-0136,webcam,SYN-FACE-01,nose,0.29362181040832164
SYN-W-0136,webcam,SYN-FACE-01,mouth,0.1386346717041855
SYN-W-0136,webcam,SYN-FACE-01,other,0.03129594726269222
SYN-W-0136,webcam,SYN-FACE-02,left_eye,0.32669600987522796
SYN-W-0136,webcam,SYN-FACE-02,right_eye,0.22731555074240936
SYN-W-0136,webcam,SYN-FACE-02,nose,0.26042805469526314
SYN-W-0136,webcam,SYN-FACE-02,mouth,0.18556038468709948
SYN-W-0136,webcam,SYN-FACE-02,other,0.0
SYN-W-0136,webcam,SYN-FACE-03,left_eye,0.22520340120803137
SYN-W-0136,webcam,SYN-FACE-03,right_eye,0.17190985471481157
SYN-W-0136,webcam,SYN-FACE-03,nose,0.15246792759456154
SYN-W-0136,webcam,SYN-FACE-03,mouth,0.3653343781844747
SYN-W-0136,webcam,SYN-FACE-03,other,0.0850844382981208
SYN-W-0137,webcam,SYN-FACE-01,left_eye,0.1938189440385705
SYN-W-0137,webcam,SYN-FACE-01,right_eye,0.3616816549646589
SYN-W-0137,webcam,SYN-FACE-01,nose,0.13425640280371082
SYN-W-0137,webcam,SYN-FACE-01,mouth,0.26458808755720215
SYN-W-0137,webcam,SYN-FACE-01,other,0.04565491063585763
SYN-W-0137,webcam,SYN-FACE-02,left_eye,0.3779978582996716
SYN-W-0137,webcam,SYN-FACE-02,right_eye,0.16268775759943668
SYN-W-0137,webcam,SYN-FACE-02,nose,0.23367337044757816
SYN-W-0137,webcam,SYN-FACE-02,mouth,0.18070582054679757
SYN-W-0137,webcam,SYN-FACE-02,other,0.04493519310651608
SYN-W-0137,webcam,SYN-FACE-03,left_eye,0.10442538400954515
SYN-W-0137,webcam,SYN-FACE-03,right_eye,0.33298864946962364
SYN-W-0137,webcam,SYN-FACE-03,nose,0.28058314419191654
SYN-W-0137,webcam,SYN-FACE-03,mouth,0.28200282232891466
SYN-W-0137,webcam,SYN-FACE-03,other,0.0
SYN-W-0138,webcam,SYN-FACE-01,left_eye,0.2584815216938234
SYN-W-0138,webcam,SYN-FACE-01,right_eye,0.24429839277987095
SYN-W-0138,webcam,SYN-FACE-01,nose,0.10204111447747584
SYN-W-0138,webcam,SYN-FACE-01,mouth,0.32605090056500025
SYN-W-0138,webcam,SYN-FACE-01,other,0.0691280704838296
SYN-W-0138,webcam,SYN-FACE-02,left_eye,0.1725451439967899
SYN-W-0138,webcam,SYN-FACE-02,right_eye,0.3038356152619809
SYN-W-0138,webcam,SYN-FACE-02,nose,0.05181665543576322
SYN-W-0138,webcam,SYN-FACE-02,mouth,0.39712153561285607
SYN-W-0138,webcam,SYN-FACE-02,other,0.07468104969260998
SYN-W-0138,webcam,SYN-FACE-03,left_eye,0.2366636109726587
SYN-W-0138,webcam,SYN-FACE-03,right_eye,0.35431201819723007
SYN-W-0138,webcam,SYN-FACE-03,nose,0.1814952608113187
SYN-W-0138,webcam,SYN-FACE-03,mouth,0.1890982939578828
SYN-W-0138,webcam,SYN-FACE-03,other,0.03843081606090973
SYN-W-0139,webcam,SYN-FACE-01,left_eye,0.10124449292759957
SYN-W-0139,webcam,SYN-FACE-01,right_eye,0.09200464925792456
SYN-W-0139,webcam,SYN-FACE-01,nose,0.5303612411166307
SYN-W-0139,webcam,SYN-FACE-01,mouth,0.2483982034002704
SYN-W-0139,webcam,SYN-FACE-01,other,0.027991413297574718
SYN-W-0139,webcam,SYN-FACE-02,left_eye,0.11788452464944442
SYN-W-0139,webcam,SYN-FACE-02,right_eye,0.2872941600455888
SYN-W-0139,webcam,SYN-FACE-02,nose,0.1744540722769665
SYN-W-0139,webcam,SYN-FACE-02,mouth,0.28229603475487264
SYN-W-0139,webcam,SYN-FACE-02,other,0.1380712082731277
SYN-W-0139,webcam,SYN-FACE-03,left_eye,0.32945149109516303
SYN-W-0139,webcam,SYN-FACE-03,right_eye,0.18657274861120635
SYN-W-0139,webcam,SYN-FACE-03,nose,0.15116294475523043
SYN-W-0139,webcam,SYN-FACE-03,mouth,0.31021921707294314
SYN-W-0139,webcam,SYN-FACE-03,other,0.02259359846545711
SYN-W-0140,webcam,SYN-FACE-01,left_eye,0.2723996377845431
SYN-W-0140,webcam,SYN-FACE-01,right_eye,0.3165604160269058
SYN-W-0140,webcam,SYN-FACE-01,nose,0.19732608459451936
SYN-W-0140,webcam,SYN-FACE-01,mouth,0.15997297851853742
SYN-W-0140,webcam,SYN-FACE-01,other,0.05374088307549429
SYN-W-0140,webcam,SYN-FACE-02,left_eye,0.26801846574726645
SYN-W-0140,webcam,SYN-FACE-02,right_eye,0.13097871126991648
SYN-W-0140,webcam,SYN-FACE-02,nose,0.2286416653116911
SYN-W-0140,webcam,SYN-FACE-02,mouth,0.27522883998870606
SYN-W-0140,webcam,SYN-FACE-02,other,0.09713231768241987
SYN-W-0140,webcam,SYN-FACE-03,left_eye,0.16076641473998993
SYN-W-0140,webcam,SYN-FACE-03,right_eye,0.31541391704512256
SYN-W-0140,webcam,SYN-FACE-03,nose,0.1350313036420246
SYN-W-0140,webcam,SYN-FACE-03,mouth,0.30905672034655185
SYN-W-0140,webcam,SYN-FACE-03,other,0.07973164422631103
SYN-W-0141,webcam,SYN-FACE-01,left_eye,0.37873336214959774
SYN-W-0141,webcam,SYN-FACE-01,right_eye,0.2032117510921704
SYN-W-0141,webcam,SYN-FACE-01,nose,0.141963241786278
SYN-W-0141,webcam,SYN-FACE-01,mouth,0.25662812074172303
SYN-W-0141,webcam,SYN-FACE-01,other,0.019463524230230896
SYN-W-0141,webcam,SYN-FACE-02,left_eye,0.2533982157773021
SYN-W-0141,webcam,SYN-FACE-02,right_eye,0.1259565796133611
SYN-W-0141,webcam,SYN-FACE-02,nose,0.13745163224413276
SYN-W-0141,webcam,SYN-FACE-02,mouth,0.34687073050046935
SYN-W-0141,webcam,SYN-FACE-02,other,0.13632284186473467
SYN-W-0141,webcam,SYN-FACE-03,left_eye,0.26529045564294523
SYN-W-0141,webcam,SYN-FACE-03,right_eye,0.27738206584405095
SYN-W-0141,webcam,SYN-FACE-03,nose,0.1976633731256698
SYN-W-0141,webcam,SYN-FACE-03,mouth,0.11307121032791195
SYN-W-0141,webcam,SYN-FACE-03,other,0.14659289505942205
SYN-W-0142,webcam,SYN-FACE-01,left_eye,0.12252260322788347
SYN-W-0142,webcam,SYN-FACE-01,right_eye,0.25396647995734756
SYN-W-0142,webcam,SYN-FACE-01,nose,0.24822938793444144
SYN-W-0142,webcam,SYN-FACE-01,mouth,0.26464987082907454
SYN-W-0142,webcam,SYN-FACE-01,other,0.11063165805125295
SYN-W-0142,webcam,SYN-FACE-02,left_eye,0.2530465402376576
SYN-W-0142,webcam,SYN-FACE-02,right_eye,0.31170807561744224
SYN-W-0142,webcam,SYN-FACE-02,nose,0.11456348217483611
SYN-W-0142,webcam,SYN-FACE-02,mouth,0.29601323174871125
SYN-W-0142,webcam,SYN-FACE-02,other,0.024668670221352808
SYN-W-0142,webcam,SYN-FACE-03,left_eye,0.3197671641523858
SYN-W-0142,webcam,SYN-FACE-03,right_eye,0.32122804853740944
SYN-W-0142,webcam,SYN-FACE-03,nose,0.09340517014950162
SYN-W-0142,webcam,SYN-FACE-03,mouth,0.24640619981378442
SYN-W-0142,webcam,SYN-FACE-03,other,0.019193417346918727
SYN-W-0143,webcam,SYN-FACE-01,left_eye,0.289921388463766
SYN-W-0143,webcam,SYN-FACE-01,right_eye,0.38718254639275385
SYN-W-0143,webcam,SYN-FACE-01,nose,0.13753666684283394
SYN-W-0143,webcam,SYN-FACE-01,mouth,0.11305212000346648
SYN-W-0143,webcam,SYN-FACE-01,other,0.0723072782971798
SYN-W-0143,webcam,SYN-FACE-02,left_eye,0.38164831143492417
SYN-W-0143,webcam,SYN-FACE-02,right_eye,0.2170892978805257
SYN-W-0143,webcam,SYN-FACE-02,nose,0.1900123578195765
SYN-W-0143,webcam,SYN-FACE-02,mouth,0.06467728507198116
SYN-W-0143,webcam,SYN-FACE-02,other,0.14657274779299245
SYN-W-0143,webcam,SYN-FACE-03,left_eye,0.216848649833665
SYN-W-0143,webcam,SYN-FACE-03,right_eye,0.34487834130255324
SYN-W-0143,webcam,SYN-FACE-03,nose,0.29567546542232126
SYN-W-0143,webcam,SYN-FACE-03,mouth,0.14259754344146056
SYN-W-0143,webcam,SYN-FACE-03,other,0.0
SYN-W-0144,webcam,SYN-FACE-01,left_eye,0.3857135502397865
SYN-W-0144,webcam,SYN-FACE-01,right_eye,0.14073177371834558
SYN-W-0144,webcam,SYN-FACE-01,nose,0.2072889582583513
SYN-W-0144,webcam,SYN-FACE-01,mouth,0.26626571778351654
SYN-W-0144,webcam,SYN-FACE-01,other,0.0
SYN-W-0144,webcam,SYN-FACE-02,left_eye,0.6094107138443556
SYN-W-0144,webcam,SYN-FACE-02,right_eye,0.13226813993655878
SYN-W-0144,webcam,SYN-FACE-02,nose,0.045529865931517505
SYN-W-0144,webcam,SYN-FACE-02,mouth,0.212791280287568
SYN-W-0144,webcam,SYN-FACE-02,other,0.0
SYN-W-0144,webcam,SYN-FACE-03,left_eye,0.15848045255141271
SYN-W-0144,webcam,SYN-FACE-03,right_eye,0.2529813771187333
SYN-W-0144,webcam,SYN-FACE-03,nose,0.11138666811253324
SYN-W-0144,webcam,SYN-FACE-03,mouth,0.36413620060275587
SYN-W-0144,webcam,SYN-FACE-03,other,0.11301530161456484
SYN-W-0145,webcam,SYN-FACE-01,left_eye,0.22129784006502506
SYN-W-0145,webcam,SYN-FACE-01,right_eye,0.2190912630927313
SYN-W-0145,webcam,SYN-FACE-01,nose,0.18687551007927866
SYN-W-0145,webcam,SYN-FACE-01,mouth,0.3333897372847571
SYN-W-0145,webcam,SYN-FACE-01,other,0.03934564947820786
SYN-W-0145,webcam,SYN-FACE-02,left_eye,0.2589967581567187
SYN-W-0145,webcam,SYN-FACE-02,right_eye,0.18542115411864288
SYN-W-0145,webcam,SYN-FACE-02,nose,0.30200811602894845
SYN-W-0145,webcam,SYN-FACE-02,mouth,0.25357397169568996
SYN-W-0145,webcam,SYN-FACE-02,other,0.0
SYN-W-0145,webcam,SYN-FACE-03,left_eye,0.6639376191227789
SYN-W-0145,webcam,SYN-FACE-03,right_eye,0.07039447033159144
SYN-W-0145,webcam,SYN-FACE-03,nose,0.16314669581129454
SYN-W-0145,webcam,SYN-FACE-03,mouth,0.0
SYN-W-0145,webcam,SYN-FACE-03,other,0.10252121473433516
SYN-W-0146,webcam,SYN-FACE-01,left_eye,0.2469989911337857
SYN-W-0146,webcam,SYN-FACE-01,right_eye,0.40260958400894303
SYN-W-0146,webcam,SYN-FACE-01,nose,0.024034275162069407
SYN-W-0146,webcam,SYN-FACE-01,mouth,0.23944801029513513
SYN-W-0146,webcam,SYN-FACE-01,other,0.08690913940006671
SYN-W-0146,webcam,SYN-FACE-02,left_eye,0.10877254227043741
SYN-W-0146,webcam,SYN-FACE-02,right_eye,0.15915500497336307
SYN-W-0146,webcam,SYN-FACE-02,nose,0.2491671796944258
SYN-W-0146,webcam,SYN-FACE-02,mouth,0.29858925474977355
SYN-W-0146,webcam,SYN-FACE-02,other,0.18431601831200015
SYN-W-0146,webcam,SYN-FACE-03,left_eye,0.37731571841328526
SYN-W-0146,webcam,SYN-FACE-03,right_eye,0.30186066263211697
SYN-W-0146,webcam,SYN-FACE-03,nose,0.12270480704490921
SYN-W-0146,webcam,SYN-FACE-03,mouth,0.1106373159754559
SYN-W-0146,webcam,SYN-FACE-03,other,0.08748149593423263
SYN-W-0147,webcam,SYN-FACE-01,left_eye,0.314377769477282
SYN-W-0147,webcam,SYN-FACE-01,right_eye,0.12315562348508742
SYN-W-0147,webcam,SYN-FACE-01,nose,0.2638213711161222
SYN-W-0147,webcam,SYN-FACE-01,mouth,0.2986452359215083
SYN-W-0147,webcam,SYN-FACE-01,other,0.0
SYN-W-0147,webcam,SYN-FACE-02,left_eye,0.24043941932117738
SYN-W-0147,webcam,SYN-FACE-02,right_eye,0.2816851823009773
SYN-W-0147,webcam,SYN-FACE-02,nose,0.0
SYN-W-0147,webcam,SYN-FACE-02,mouth,0.3248562516172507
SYN-W-0147,webcam,SYN-FACE-02,other,0.15301914676059475
SYN-W-0147,webcam,SYN-FACE-03,left_eye,0.2548719900800379
SYN-W-0147,webcam,SYN-FACE-03,right_eye,0.2345589544792051
SYN-W-0147,webcam,SYN-FACE-03,nose,0.09739754619492179
SYN-W-0147,webcam,SYN-FACE-03,mouth,0.3265183109080749
SYN-W-0147,webcam,SYN-FACE-03,other,0.08665319833776022
SYN-W-0148,webcam,SYN-FACE-01,left_eye,0.17460386931129654
SYN-W-0148,webcam,SYN-FACE-01,right_eye,0.40789629615641904
SYN-W-0148,webcam,SYN-FACE-01,nose,0.25334137050437516
SYN-W-0148,webcam,SYN-FACE-01,mouth,0.12578313699184746
SYN-W-0148,webcam,SYN-FACE-01,other,0.03837532703606173
SYN-W-0148,webcam,SYN-FACE-02,left_eye,0.15778781287323035
SYN-W-0148,webcam,SYN-FACE-02,right_eye,0.22693305082303747
SYN-W-0148,webcam,SYN-FACE-02,nose,0.30438672443338693
SYN-W-0148,webcam,SYN-FACE-02,mouth,0.3108924118703453
SYN-W-0148,webcam,SYN-FACE-02,other,0.0
SYN-W-0148,webcam,SYN-FACE-03,left_eye,0.24634599671128216
SYN-W-0148,webcam,SYN-FACE-03,right_eye,0.1250312056846743
SYN-W-0148,webcam,SYN-FACE-03,nose,0.39141889756534887
SYN-W-0148,webcam,SYN-FACE-03,mouth,0.12608090721061585
SYN-W-0148,webcam,SYN-FACE-03,other,0.11112299282807896
SYN-W-0149,webcam,SYN-FACE-01,left_eye,0.35207167450501864
SYN-W-0149,webcam,SYN-FACE-01,right_eye,0.2558642235754694
SYN-W-0149,webcam,SYN-FACE-01,nose,0.15889097471823738
SYN-W-0149,webcam,SYN-FACE-01,mouth,0.19207999395788453
SYN-W-0149,webcam,SYN-FACE-01,other,0.04109313324339008
SYN-W-0149,webcam,SYN-FACE-02,left_eye,0.1406280115618333
SYN-W-0149,webcam,SYN-FACE-02,right_eye,0.13474581541162647
SYN-W-0149,webcam,SYN-FACE-02,nose,0.41066283897172146
SYN-W-0149,webcam,SYN-FACE-02,mouth,0.29347778190187473
SYN-W-0149,webcam,SYN-FACE-02,other,0.020485552152944116
SYN-W-0149,webcam,SYN-FACE-03,left_eye,0.46411009974796913
SYN-W-0149,webcam,SYN-FACE-03,right_eye,0.15899509058009015
SYN-W-0149,webcam,SYN-FACE-03,nose,0.21450244349644848
SYN-W-0149,webcam,SYN-FACE-03,mouth,0.018859925005251563
SYN-W-0149,webcam,SYN-FACE-03,other,0.14353244117024075
SYN-W-0150,webcam,SYN-FACE-01,left_eye,0.2074089157903527
SYN-W-0150,webcam,SYN-FACE-01,right_eye,0.2450551089457116
SYN-W-0150,webcam,SYN-FACE-01,nose,0.2502938338639525
SYN-W-0150,webcam,SYN-FACE-01,mouth,0.2494612460670895
SYN-W-0150,webcam,SYN-FACE-01,other,0.04778089533289371
SYN-W-0150,webcam,SYN-FACE-02,left_eye,0.1322078927844179
SYN-W-0150,webcam,SYN-FACE-02,right_eye,0.4080018992921074
SYN-W-0150,webcam,SYN-FACE-02,nose,0.18282612886596045
SYN-W-0150,webcam,SYN-FACE-02,mouth,0.24082746312762504
SYN-W-0150,webcam,SYN-FACE-02,other,0.03613661592988927
SYN-W-0150,webcam,SYN-FACE-03,left_eye,0.4469776493072956
SYN-W-0150,webcam,SYN-FACE-03,right_eye,0.0639238622040861
SYN-W-0150,webcam,SYN-FACE-03,nose,0.23496667329090984
SYN-W-0150,webcam,SYN-FACE-03,mouth,0.2235008160454747
SYN-W-0150,webcam,SYN-FACE-03,other,0.030630999152233673
SYN-W-0151,webcam,SYN-FACE-01,left_eye,0.3405524588989841
SYN-W-0151,webcam,SYN-FACE-01,right_eye,0.02534679162299757
SYN-W-0151,webcam,SYN-FACE-01,nose,0.18093151593916174
SYN-W-0151,webcam,SYN-FACE-01,mouth,0.3281236050233196
SYN-W-0151,webcam,SYN-FACE-01,other,0.12504562851553694
SYN-W-0151,webcam,SYN-FACE-02,left_eye,0.27531078697868333
SYN-W-0151,webcam,SYN-FACE-02,right_eye,0.1262377508189838
SYN-W-0151,webcam,SYN-FACE-02,nose,0.20191362049536157
SYN-W-0151,webcam,SYN-FACE-02,mouth,0.3965378417069713
SYN-W-0151,webcam,SYN-FACE-02,other,0.0
SYN-W-0151,webcam,SYN-FACE-03,left_eye,0.35535936176597815
SYN-W-0151,webcam,SYN-FACE-03,right_eye,0.02867216861607482
SYN-W-0151,webcam,SYN-FACE-03,nose,0.4391809398452164
SYN-W-0151,webcam,SYN-FACE-03,mouth,0.12840389621098972
SYN-W-0151,webcam,SYN-FACE-03,other,0.04838363356174089
SYN-W-0152,webcam,SYN-FACE-01,left_eye,0.12209866944578797
SYN-W-0152,webcam,SYN-FACE-01,right_eye,0.3595125944449584
SYN-W-0152,webcam,SYN-FACE-01,nose,0.24528258738008757
SYN-W-0152,webcam,SYN-FACE-01,mouth,0.15235445921134538
SYN-W-0152,webcam,SYN-FACE-01,other,0.12075168951782064
SYN-W-0152,webcam,SYN-FACE-02,left_eye,0.06855159840585429
SYN-W-0152,webcam,SYN-FACE-02,right_eye,0.3972252007370364
SYN-W-0152,webcam,SYN-FACE-02,nose,0.22919482833946253
SYN-W-0152,webcam,SYN-FACE-02,mouth,0.2746001275857865
SYN-W-0152,webcam,SYN-FACE-02,other,0.03042824493186026
SYN-W-0152,webcam,SYN-FACE-03,left_eye,0.25329282849688617
SYN-W-0152,webcam,SYN-FACE-03,right_eye,0.17611769458008406
SYN-W-0152,webcam,SYN-FACE-03,nose,0.28969515640296895
SYN-W-0152,webcam,SYN-FACE-03,mouth,0.1321737386258146
SYN-W-0152,webcam,SYN-FACE-03,other,0.14872058189424622
SYN-W-0153,webcam,SYN-FACE-01,left_eye,0.3630498692638884
SYN-W-0153,webcam,SYN-FACE-01,right_eye,0.28768987614047675
SYN-W-0153,webcam,SYN-FACE-01,nose,0.13338877196566357
SYN-W-0153,webcam,SYN-FACE-01,mouth,0.17861150807223106
SYN-W-0153,webcam,SYN-FACE-01,other,0.03725997455774022
SYN-W-0153,webcam,SYN-FACE-02,left_eye,0.03797705362963672
SYN-W-0153,webcam,SYN-FACE-02,right_eye,0.15327040358829455
SYN-W-0153,webcam,SYN-FACE-02,nose,0.31892287166594613
SYN-W-0153,webcam,SYN-FACE-02,mouth,0.48982967111612263
SYN-W-0153,webcam,SYN-FACE-02,other,0.0
SYN-W-0153,webcam,SYN-FACE-03,left_eye,0.3403192658447582
SYN-W-0153,webcam,SYN-FACE-03,right_eye,0.21420345164812832
SYN-W-0153,webcam,SYN-FACE-03,nose,0.30177512659184164
SYN-W-0153,webcam,SYN-FACE-03,mouth,0.07076005427445414
SYN-W-0153,webcam,SYN-FACE-03,other,0.07294210164081767
SYN-W-0154,webcam,SYN-FACE-01,left_eye,0.1543831821732382
SYN-W-0154,webcam,SYN-FACE-01,right_eye,0.1605010753188251
SYN-W-0154,webcam,SYN-FACE-01,nose,0.26140563189618976
SYN-W-0154,webcam,SYN-FACE-01,mouth,0.38372025360233286
SYN-W-0154,webcam,SYN-FACE-01,other,0.03998985700941406
SYN-W-0154,webcam,SYN-FACE-02,left_eye,0.19624341651717278
SYN-W-0154,webcam,SYN-FACE-02,right_eye,0.06574252363532067
SYN-W-0154,webcam,SYN-FACE-02,nose,0.1400413967212496
SYN-W-0154,webcam,SYN-FACE-02,mouth,0.4949703088064664
SYN-W-0154,webcam,SYN-FACE-02,other,0.10300235431979059
SYN-W-0154,webcam,SYN-FACE-03,left_eye,0.10812929702083904
SYN-W-0154,webcam,SYN-FACE-03,right_eye,0.35163056096051
SYN-W-0154,webcam,SYN-FACE-03,nose,0.280064293444405
SYN-W-0154,webcam,SYN-FACE-03,mouth,0.16585307622616804
SYN-W-0154,webcam,SYN-FACE-03,other,0.0943227723480779
SYN-W-0155,webcam,SYN-FACE-01,left_eye,0.48737191590558765
SYN-W-0155,webcam,SYN-FACE-01,right_eye,0.15231919656331125
SYN-W-0155,webcam,SYN-FACE-01,nose,0.09867061314077355
SYN-W-0155,webcam,SYN-FACE-01,mouth,0.21216595271757566
SYN-W-0155,webcam,SYN-FACE-01,other,0.049472321672751854
SYN-W-0155,webcam,SYN-FACE-02,left_eye,0.2370870296762526
SYN-W-0155,webcam,SYN-FACE-02,right_eye,0.21622093392924996
SYN-W-0155,webcam,SYN-FACE-02,nose,0.40346125657116927
SYN-W-0155,webcam,SYN-FACE-02,mouth,0.14323077982332824
SYN-W-0155,webcam,SYN-FACE-02,other,0.0
SYN-W-0155,webcam,SYN-FACE-03,left_eye,0.20626339025296364
SYN-W-0155,webcam,SYN-FACE-03,right_eye,0.20246590012135718
SYN-W-0155,webcam,SYN-FACE-03,nose,0.1903409280168712
SYN-W-0155,webcam,SYN-FACE-03,mouth,0.17612408214508807
SYN-W-0155,webcam,SYN-FACE-03,other,0.22480569946371992
SYN-W-0156,webcam,SYN-FACE-01,left_eye,0.2935974497683229
SYN-W-0156,webcam,SYN-FACE-01,right_eye,0.2925381126119323
SYN-W-0156,webcam,SYN-FACE-01,nose,0.21663284038410352
SYN-W-0156,webcam,SYN-FACE-01,mouth,0.13646096267219515
SYN-W-0156,webcam,SYN-FACE-01,other,0.06077063456344606
SYN-W-0156,webcam,SYN-FACE-02,left_eye,0.07587743887206648
SYN-W-0156,webcam,SYN-FACE-02,right_eye,0.24897987916426922
SYN-W-0156,webcam,SYN-FACE-02,nose,0.15876903214413293
SYN-W-0156,webcam,SYN-FACE-02,mouth,0.5163736498195313
SYN-W-0156,webcam,SYN-FACE-02,other,0.0
SYN-W-0156,webcam,SYN-FACE-03,left_eye,0.30352253917463223
SYN-W-0156,webcam,SYN-FACE-03,right_eye,0.23091944315169294
SYN-W-0156,webcam,SYN-FACE-03,nose,0.031830215533926114
SYN-W-0156,webcam,SYN-FACE-03,mouth,0.3598068030534782
SYN-W-0156,webcam,SYN-FACE-03,other,0.07392099908627058
SYN-W-0157,webcam,SYN-FACE-01,left_eye,0.402686977794442
SYN-W-0157,webcam,SYN-FACE-01,right_eye,0.1619459260435987
SYN-W-0157,webcam,SYN-FACE-01,nose,0.2045029585379491
SYN-W-0157,webcam,SYN-FACE-01,mouth,0.15492834020663965
SYN-W-0157,webcam,SYN-FACE-01,other,0.07593579741737065
SYN-W-0157,webcam,SYN-FACE-02,left_eye,0.15355025598780728
SYN-W-0157,webcam,SYN-FACE-02,right_eye,0.11718151480536705
SYN-W-0157,webcam,SYN-FACE-02,nose,0.29667770826655515
SYN-W-0157,webcam,SYN-FACE-02,mouth,0.43259052094027056
SYN-W-0157,webcam,SYN-FACE-02,other,0.0
SYN-W-0157,webcam,SYN-FACE-03,left_eye,0.5016500007962027
SYN-W-0157,webcam,SYN-FACE-03,right_eye,0.14483231228319393
SYN-W-0157,webcam,SYN-FACE-03,nose,0.1808124993819511
SYN-W-0157,webcam,SYN-FACE-03,mouth,0.13864018190485383
SYN-W-0157,webcam,SYN-FACE-03,other,0.03406500563379857
SYN-W-0158,webcam,SYN-FACE-01,left_eye,0.3836963053338275
SYN-W-0158,webcam,SYN-FACE-01,right_eye,0.36184519657043196
SYN-W-0158,webcam,SYN-FACE-01,nose,0.04233431493957878
SYN-W-0158,webcam,SYN-FACE-01,mouth,0.1321666812253795
SYN-W-0158,webcam,SYN-FACE-01,other,0.0799575019307822
SYN-W-0158,webcam,SYN-FACE-02,left_eye,0.2579482449598688
SYN-W-0158,webcam,SYN-FACE-02,right_eye,0.32465775704744976
SYN-W-0158,webcam,SYN-FACE-02,nose,0.0
SYN-W-0158,webcam,SYN-FACE-02,mouth,0.2702761533782141
SYN-W-0158,webcam,SYN-FACE-02,other,0.14711784461446742
SYN-W-0158,webcam,SYN-FACE-03,left_eye,0.4939333822916938
SYN-W-0158,webcam,SYN-FACE-03,right_eye,0.204135687850344
SYN-W-0158,webcam,SYN-FACE-03,nose,0.213549450072376
SYN-W-0158,webcam,SYN-FACE-03,mouth,0.08838147978558619
SYN-W-0158,webcam,SYN-FACE-03,other,0.0
SYN-W-0159,webcam,SYN-FACE-01,left_eye,0.3921292926113217
SYN-W-0159,webcam,SYN-FACE-01,right_eye,0.1319386193417423
SYN-W-0159,webcam,SYN-FACE-01,nose,0.11149246752911773
SYN-W-0159,webcam,SYN-FACE-01,mouth,0.3390602698839382
SYN-W-0159,webcam,SYN-FACE-01,other,0.025379350633880013
SYN-W-0159,webcam,SYN-FACE-02,left_eye,0.39411421570160904
SYN-W-0159,webcam,SYN-FACE-02,right_eye,0.15748958813815744
SYN-W-0159,webcam,SYN-FACE-02,nose,0.19285187461222245
SYN-W-0159,webcam,SYN-FACE-02,mouth,0.25554432154801104
SYN-W-0159,webcam,SYN-FACE-02,other,0.0
SYN-W-0159,webcam,SYN-FACE-03,left_eye,0.2561397070258963
SYN-W-0159,webcam,SYN-FACE-03,right_eye,0.1812765792986365
SYN-W-0159,webcam,SYN-FACE-03,nose,0.10896732474886783
SYN-W-0159,webcam,SYN-FACE-03,mouth,0.45361638892659945
SYN-W-0159,webcam,SYN-FACE-03,other,0.0
SYN-W-0160,webcam,SYN-FACE-01,left_eye,0.2566218236474981
SYN-W-0160,webcam,SYN-FACE-01,right_eye,0.1683291370893238
SYN-W-0160,webcam,SYN-FACE-01,nose,0.09695033628961924
SYN-W-0160,webcam,SYN-FACE-01,mouth,0.35958722807656507
SYN-W-0160,webcam,SYN-FACE-01,other,0.11851147489699378
SYN-W-0160,webcam,SYN-FACE-02,left_eye,0.2831315380863723
SYN-W-0160,webcam,SYN-FACE-02,right_eye,0.18939479644179263
SYN-W-0160,webcam,SYN-FACE-02,nose,0.10489790680551522
SYN-W-0160,webcam,SYN-FACE-02,mouth,0.3030911957189743
SYN-W-0160,webcam,SYN-FACE-02,other,0.11948456294734557
SYN-W-0160,webcam,SYN-FACE-03,left_eye,0.2933292787111651
SYN-W-0160,webcam,SYN-FACE-03,right_eye,0.1831986673088203
SYN-W-0160,webcam,SYN-FACE-03,nose,0.12100472750654258
SYN-W-0160,webcam,SYN-FACE-03,mouth,0.1940051212281724
SYN-W-0160,webcam,SYN-FACE-03,other,0.20846220524529968
SYN-W-0161,webcam,SYN-FACE-01,left_eye,0.13886260058977506
SYN-W-0161,webcam,SYN-FACE-01,right_eye,0.22638779422138047
SYN-W-0161,webcam,SYN-FACE-01,nose,0.32783158850713434
SYN-W-0161,webcam,SYN-FACE-01,mouth,0.19669828557050983
SYN-W-0161,webcam,SYN-FACE-01,other,0.11021973111120022
SYN-W-0161,webcam,SYN-FACE-02,left_eye,0.29710149508528716
SYN-W-0161,webcam,SYN-FACE-02,right_eye,0.11369128649505125
SYN-W-0161,webcam,SYN-FACE-02,nose,0.33188812791658434
SYN-W-0161,webcam,SYN-FACE-02,mouth,0.15390181215182927
SYN-W-0161,webcam,SYN-FACE-02,other,0.10341727835124795
SYN-W-0161,webcam,SYN-FACE-03,left_eye,0.33055279839148893
SYN-W-0161,webcam,SYN-FACE-03,right_eye,0.2243818241327477
SYN-W-0161,webcam,SYN-FACE-03,nose,0.142265688138628
SYN-W-0161,webcam,SYN-FACE-03,mouth,0.3027996893371353
SYN-W-0161,webcam,SYN-FACE-03,other,0.0
SYN-W-0162,webcam,SYN-FACE-01,left_eye,0.0
SYN-W-0162,webcam,SYN-FACE-01,right_eye,0.34783900896371706
SYN-W-0162,webcam,SYN-FACE-01,nose,0.2109765074381561
SYN-W-0162,webcam,SYN-FACE-01,mouth,0.28089619826266377
SYN-W-0162,webcam,SYN-FACE-01,other,0.16028828533546313
SYN-W-0162,webcam,SYN-FACE-02,left_eye,0.2732588106916553
SYN-W-0162,webcam,SYN-FACE-02,right_eye,0.16761889883340508
SYN-W-0162,webcam,SYN-FACE-02,nose,0.04208336352478023
SYN-W-0162,webcam,SYN-FACE-02,mouth,0.43781991110359825
SYN-W-0162,webcam,SYN-FACE-02,other,0.07921901584656107
SYN-W-0162,webcam,SYN-FACE-03,left_eye,0.3714022846214028
SYN-W-0162,webcam,SYN-FACE-03,right_eye,0.24654565124925218
SYN-W-0162,webcam,SYN-FACE-03,nose,0.20507441175841917
SYN-W-0162,webcam,SYN-FACE-03,mouth,0.10930200339511238
SYN-W-0162,webcam,SYN-FACE-03,other,0.06767564897581345
SYN-W-0163,webcam,SYN-FACE-01,left_eye,0.14269398933266222
SYN-W-0163,webcam,SYN-FACE-01,right_eye,0.48354881534149496
SYN-W-0163,webcam,SYN-FACE-01,nose,0.14398580268232739
SYN-W-0163,webcam,SYN-FACE-01,mouth,0.07577602866283975
SYN-W-0163,webcam,SYN-FACE-01,other,0.1539953639806758
SYN-W-0163,webcam,SYN-FACE-02,left_eye,0.2273673924073244
SYN-W-0163,webcam,SYN-FACE-02,right_eye,0.14826899721346629
SYN-W-0163,webcam,SYN-FACE-02,nose,0.35158668675758553
SYN-W-0163,webcam,SYN-FACE-02,mouth,0.2349775795287749
SYN-W-0163,webcam,SYN-FACE-02,other,0.03779934409284884
SYN-W-0163,webcam,SYN-FACE-03,left_eye,0.33592582207962013
SYN-W-0163,webcam,SYN-FACE-03,right_eye,0.1752397241257162
SYN-W-0163,webcam,SYN-FACE-03,nose,0.19336952406148242
SYN-W-0163,webcam,SYN-FACE-03,mouth,0.246868473252912
SYN-W-0163,webcam,SYN-FACE-03,other,0.048596456480269175
SYN-W-0164,webcam,SYN-FACE-01,left_eye,0.08019123529500838
SYN-W-0164,webcam,SYN-FACE-01,right_eye,0.13800616918242584
SYN-W-0164,webcam,SYN-FACE-01,nose,0.47751530912673257
SYN-W-0164,webcam,SYN-FACE-01,mouth,0.21452917133736388
SYN-W-0164,webcam,SYN-FACE-01,other,0.08975811505846942
SYN-W-0164,webcam,SYN-FACE-02,left_eye,0.35621773620407515
SYN-W-0164,webcam,SYN-FACE-02,right_eye,0.2713216429060106
SYN-W-0164,webcam,SYN-FACE-02,nose,0.19817085117230515
SYN-W-0164,webcam,SYN-FACE-02,mouth,0.11006257694972314
SYN-W-0164,webcam,SYN-FACE-02,other,0.06422719276788602
SYN-W-0164,webcam,SYN-FACE-03,left_eye,0.2119505968637604
SYN-W-0164,webcam,SYN-FACE-03,right_eye,0.3753111776614137
SYN-W-0164,webcam,SYN-FACE-03,nose,0.24510188720862236
SYN-W-0164,webcam,SYN-FACE-03,mouth,0.08801427466271967
SYN-W-0164,webcam,SYN-FACE-03,other,0.07962206360348385
SYN-W-0165,webcam,SYN-FACE-01,left_eye,0.280977900141401
SYN-W-0165,webcam,SYN-FACE-01,right_eye,0.26594842106909733
SYN-W-0165,webcam,SYN-FACE-01,nose,0.24289545000730717
SYN-W-0165,webcam,SYN-FACE-01,mouth,0.16823447611103146
SYN-W-0165,webcam,SYN-FACE-01,other,0.041943752671162994
SYN-W-0165,webcam,SYN-FACE-02,left_eye,0.14577849750432118
SYN-W-0165,webcam,SYN-FACE-02,right_eye,0.47067520420414616
SYN-W-0165,webcam,SYN-FACE-02,nose,0.0942771335495117
SYN-W-0165,webcam,SYN-FACE-02,mouth,0.19521599413702984
SYN-W-0165,webcam,SYN-FACE-02,other,0.09405317060499122
SYN-W-0165,webcam,SYN-FACE-03,left_eye,0.3669996392019339
SYN-W-0165,webcam,SYN-FACE-03,right_eye,0.15966634269823196
SYN-W-0165,webcam,SYN-FACE-03,nose,0.24245973892064204
SYN-W-0165,webcam,SYN-FACE-03,mouth,0.15644227355682908
SYN-W-0165,webcam,SYN-FACE-03,other,0.074432005622363
SYN-W-0166,webcam,SYN-FACE-01,left_eye,0.3584008772296756
SYN-W-0166,webcam,SYN-FACE-01,right_eye,0.3637891578291111
SYN-W-0166,webcam,SYN-FACE-01,nose,0.08787958783870074
SYN-W-0166,webcam,SYN-FACE-01,mouth,0.16745743849521402
SYN-W-0166,webcam,SYN-FACE-01,other,0.022472938607298498
SYN-W-0166,webcam,SYN-FACE-02,left_eye,0.23640215991003846
SYN-W-0166,webcam,SYN-FACE-02,right_eye,0.17511843592783563
SYN-W-0166,webcam,SYN-FACE-02,nose,0.3739931187262522
SYN-W-0166,webcam,SYN-FACE-02,mouth,0.0976013620843302
SYN-W-0166,webcam,SYN-FACE-02,other,0.11688492335154348
SYN-W-0166,webcam,SYN-FACE-03,left_eye,0.30215193711814625
SYN-W-0166,webcam,SYN-FACE-03,right_eye,0.07519444875162153
SYN-W-0166,webcam,SYN-FACE-03,nose,0.22826201924245265
SYN-W-0166,webcam,SYN-FACE-03,mouth,0.25457234446594856
SYN-W-0166,webcam,SYN-FACE-03,other,0.13981925042183105
SYN-W-0167,webcam,SYN-FACE-01,left_eye,0.3376183069190582
SYN-W-0167,webcam,SYN-FACE-01,right_eye,0.2365187091118373
SYN-W-0167,webcam,SYN-FACE-01,nose,0.13627472539750551
SYN-W-0167,webcam,SYN-FACE-01,mouth,0.23558483919913492
SYN-W-0167,webcam,SYN-FACE-01,other,0.054003419372464084
SYN-W-0167,webcam,SYN-FACE-02,left_eye,0.06876417635247047
SYN-W-0167,webcam,SYN-FACE-02,right_eye,0.2401891201038892
SYN-W-0167,webcam,SYN-FACE-02,nose,0.12727980774545763
SYN-W-0167,webcam,SYN-FACE-02,mouth,0.3606630150317651
SYN-W-0167,webcam,SYN-FACE-02,other,0.2031038807664175
SYN-W-0167,webcam,SYN-FACE-03,left_eye,0.3463676089500528
SYN-W-0167,webcam,SYN-FACE-03,right_eye,0.1848645012187483
SYN-W-0167,webcam,SYN-FACE-03,nose,0.18771460023147002
SYN-W-0167,webcam,SYN-FACE-03,mouth,0.1708238337715484
SYN-W-0167,webcam,SYN-FACE-03,other,0.11022945582818053
SYN-W-0168,webcam,SYN-FACE-01,left_eye,0.3308490439945348
SYN-W-0168,webcam,SYN-FACE-01,right_eye,0.1425382506047418
SYN-W-0168,webcam,SYN-FACE-01,nose,0.0
SYN-W-0168,webcam,SYN-FACE-01,mouth,0.3301613032636037
SYN-W-0168,webcam,SYN-FACE-01,other,0.19645140213711965
SYN-W-0168,webcam,SYN-FACE-02,left_eye,0.19483660611822715
SYN-W-0168,webcam,SYN-FACE-02,right_eye,0.16985990982819169
SYN-W-0168,webcam,SYN-FACE-02,nose,0.10984352925859772
SYN-W-0168,webcam,SYN-FACE-02,mouth,0.4428310059959506
SYN-W-0168,webcam,SYN-FACE-02,other,0.08262894879903285
SYN-W-0168,webcam,SYN-FACE-03,left_eye,0.40274081127582506
SYN-W-0168,webcam,SYN-FACE-03,right_eye,0.17043349779645234
SYN-W-0168,webcam,SYN-FACE-03,nose,0.0867453355635744
SYN-W-0168,webcam,SYN-FACE-03,mouth,0.15836783576265676
SYN-W-0168,webcam,SYN-FACE-03,other,0.18171251960149143
SYN-W-0169,webcam,SYN-FACE-01,left_eye,0.2998452394765326
SYN-W-0169,webcam,SYN-FACE-01,right_eye,0.2698112845907184
SYN-W-0169,webcam,SYN-FACE-01,nose,0.10432179611824166
SYN-W-0169,webcam,SYN-FACE-01,mouth,0.1503332941480369
SYN-W-0169,webcam,SYN-FACE-01,other,0.1756883856664705
SYN-W-0169,webcam,SYN-FACE-02,left_eye,0.38384300235489777
SYN-W-0169,webcam,SYN-FACE-02,right_eye,0.14985636713468087
SYN-W-0169,webcam,SYN-FACE-02,nose,0.07415635721585682
SYN-W-0169,webcam,SYN-FACE-02,mouth,0.35315191355569403
SYN-W-0169,webcam,SYN-FACE-02,other,0.03899235973887051
SYN-W-0169,webcam,SYN-FACE-03,left_eye,0.1783758041970245
SYN-W-0169,webcam,SYN-FACE-03,right_eye,0.2903845814811105
SYN-W-0169,webcam,SYN-FACE-03,nose,0.24926901653269778
SYN-W-0169,webcam,SYN-FACE-03,mouth,0.2534919667369571
SYN-W-0169,webcam,SYN-FACE-03,other,0.028478631052209984
SYN-W-0170,webcam,SYN-FACE-01,left_eye,0.3984924646670531
SYN-W-0170,webcam,SYN-FACE-01,right_eye,0.2933455622950761
SYN-W-0170,webcam,SYN-FACE-01,nose,0.11358332111129006
SYN-W-0170,webcam,SYN-FACE-01,mouth,0.1801180906032696
SYN-W-0170,webcam,SYN-FACE-01,other,0.0144605613233111
SYN-W-0170,webcam,SYN-FACE-02,left_eye,0.2025234036529747
SYN-W-0170,webcam,SYN-FACE-02,right_eye,0.20781006875085622
SYN-W-0170,webcam,SYN-FACE-02,nose,0.2792907094309157
SYN-W-0170,webcam,SYN-FACE-02,mouth,0.2240905469493713
SYN-W-0170,webcam,SYN-FACE-02,other,0.08628527121588211
SYN-W-0170,webcam,SYN-FACE-03,left_eye,0.29873103071182083
SYN-W-0170,webcam,SYN-FACE-03,right_eye,0.2638392768018724
SYN-W-0170,webcam,SYN-FACE-03,nose,0.29278156464453936
SYN-W-0170,webcam,SYN-FACE-03,mouth,0.09810658027115018
SYN-W-0170,webcam,SYN-FACE-03,other,0.04654154757061723
SYN-W-0171,webcam,SYN-FACE-01,left_eye,0.4041604278631169
SYN-W-0171,webcam,SYN-FACE-01,right_eye,0.1751639255001205
SYN-W-0171,webcam,SYN-FACE-01,nose,0.22524687655719627
SYN-W-0171,webcam,SYN-FACE-01,mouth,0.19542877007956624
SYN-W-0171,webcam,SYN-FACE-01,other,0.0
SYN-W-0171,webcam,SYN-FACE-02,left_eye,0.28440149682556615
SYN-W-0171,webcam,SYN-FACE-02,right_eye,0.17081036569206323
SYN-W-0171,webcam,SYN-FACE-02,nose,0.3222416668125264
SYN-W-0171,webcam,SYN-FACE-02,mouth,0.16522749712428436
SYN-W-0171,webcam,SYN-FACE-02,other,0.05731897354555984
SYN-W-0171,webcam,SYN-FACE-03,left_eye,0.3470291740845236
SYN-W-0171,webcam,SYN-FACE-03,right_eye,0.06121725671668307
SYN-W-0171,webcam,SYN-FACE-03,nose,0.3127898542494911
SYN-W-0171,webcam,SYN-FACE-03,mouth,0.2789637149493023
SYN-W-0171,webcam,SYN-FACE-03,other,0.0
SYN-W-0172,webcam,SYN-FACE-01,left_eye,0.260231722788016
SYN-W-0172,webcam,SYN-FACE-01,right_eye,0.1492142704171914
SYN-W-0172,webcam,SYN-FACE-01,nose,0.21634154039329864
SYN-W-0172,webcam,SYN-FACE-01,mouth,0.31163908702770254
SYN-W-0172,webcam,SYN-FACE-01,other,0.06257337937379151
SYN-W-0172,webcam,SYN-FACE-02,left_eye,0.2116454130860138
SYN-W-0172,webcam,SYN-FACE-02,right_eye,0.3172561709339902
SYN-W-0172,webcam,SYN-FACE-02,nose,0.13184291841657922
SYN-W-0172,webcam,SYN-FACE-02,mouth,0.3392554975634168
SYN-W-0172,webcam,SYN-FACE-02,other,0.0
SYN-W-0172,webcam,SYN-FACE-03,left_eye,0.17399522090271152
SYN-W-0172,webcam,SYN-FACE-03,right_eye,0.2129210294837295
SYN-W-0172,webcam,SYN-FACE-03,nose,0.18206987187252624
SYN-W-0172,webcam,SYN-FACE-03,mouth,0.2678618894578484
SYN-W-0172,webcam,SYN-FACE-03,other,0.16315198828318425
SYN-W-0173,webcam,SYN-FACE-01,left_eye,0.15899779428104255
SYN-W-0173,webcam,SYN-FACE-01,right_eye,0.10945469230286278
SYN-W-0173,webcam,SYN-FACE-01,nose,0.34258605954191046
SYN-W-0173,webcam,SYN-FACE-01,mouth,0.29568854254970944
SYN-W-0173,webcam,SYN-FACE-01,other,0.09327291132447471
SYN-W-0173,webcam,SYN-FACE-02,left_eye,0.2758367633988646
SYN-W-0173,webcam,SYN-FACE-02,right_eye,0.2291874094267448
SYN-W-0173,webcam,SYN-FACE-02,nose,0.09457898832424472
SYN-W-0173,webcam,SYN-FACE-02,mouth,0.28471113787937397
SYN-W-0173,webcam,SYN-FACE-02,other,0.11568570097077183
SYN-W-0173,webcam,SYN-FACE-03,left_eye,0.37833413394401644
SYN-W-0173,webcam,SYN-FACE-03,right_eye,0.10030866346336288
SYN-W-0173,webcam,SYN-FACE-03,nose,0.34710705206305165
SYN-W-0173,webcam,SYN-FACE-03,mouth,0.17425015052956916
SYN-W-0173,webcam,SYN-FACE-03,other,0.0
SYN-W-0174,webcam,SYN-FACE-01,left_eye,0.21868446485759124
SYN-W-0174,webcam,SYN-FACE-01,right_eye,0.29185420258677136
SYN-W-0174,webcam,SYN-FACE-01,nose,0.16949311997279717
SYN-W-0174,webcam,SYN-FACE-01,mouth,0.2822089968837446
SYN-W-0174,webcam,SYN-FACE-01,other,0.03775921569909565
SYN-W-0174,webcam,SYN-FACE-02,left_eye,0.29299000882392434
SYN-W-0174,webcam,SYN-FACE-02,right_eye,0.09174490709803483
SYN-W-0174,webcam,SYN-FACE-02,nose,0.09351615507870856
SYN-W-0174,webcam,SYN-FACE-02,mouth,0.46116833254473766
SYN-W-0174,webcam,SYN-FACE-02,other,0.06058059645459464
SYN-W-0174,webcam,SYN-FACE-03,left_eye,0.22135105069909158
SYN-W-0174,webcam,SYN-FACE-03,right_eye,0.2932726931557886
SYN-W-0174,webcam,SYN-FACE-03,nose,0.16700063511881
SYN-W-0174,webcam,SYN-FACE-03,mouth,0.2647499349991128
SYN-W-0174,webcam,SYN-FACE-03,other,0.0536256860271971
SYN-W-0175,webcam,SYN-FACE-01,left_eye,0.2855797843179377
SYN-W-0175,webcam,SYN-FACE-01,right_eye,0.25417287734010685
SYN-W-0175,webcam,SYN-FACE-01,nose,0.37284619939418934
SYN-W-0175,webcam,SYN-FACE-01,mouth,0.08740113894776615
SYN-W-0175,webcam,SYN-FACE-01,other,0.0
SYN-W-0175,webcam,SYN-FACE-02,left_eye,0.11588765978729305
SYN-W-0175,webcam,SYN-FACE-02,right_eye,0.4154967081302722
SYN-W-0175,webcam,SYN-FACE-02,nose,0.12867164683459625
SYN-W-0175,webcam,SYN-FACE-02,mouth,0.3399439852478386
SYN-W-0175,webcam,SYN-FACE-02,other,0.0
SYN-W-0175,webcam,SYN-FACE-03,left_eye,0.2417284403376015
SYN-W-0175,webcam,SYN-FACE-03,right_eye,0.18489670785303322
SYN-W-0175,webcam,SYN-FACE-03,nose,0.22576392065836076
SYN-W-0175,webcam,SYN-FACE-03,mouth,0.20607883314615352
SYN-W-0175,webcam,SYN-FACE-03,other,0.14153209800485098
SYN-W-0176,webcam,SYN-FACE-01,left_eye,0.4853768794276423
SYN-W-0176,webcam,SYN-FACE-01,right_eye,0.08839640135501084
SYN-W-0176,webcam,SYN-FACE-01,nose,0.32827355538664754
SYN-W-0176,webcam,SYN-FACE-01,mouth,0.09795316383069937
SYN-W-0176,webcam,SYN-FACE-01,other,0.0
SYN-W-0176,webcam,SYN-FACE-02,left_eye,0.11663904906851356
SYN-W-0176,webcam,SYN-FACE-02,right_eye,0.3851501169863541
SYN-W-0176,webcam,SYN-FACE-02,nose,0.1587286060538058
SYN-W-0176,webcam,SYN-FACE-02,mouth,0.22441023432771776
SYN-W-0176,webcam,SYN-FACE-02,other,0.11507199356360884
SYN-W-0176,webcam,SYN-FACE-03,left_eye,0.28051917102130697
SYN-W-0176,webcam,SYN-FACE-03,right_eye,0.17087693882770133
SYN-W-0176,webcam,SYN-FACE-03,nose,0.2428100584921357
SYN-W-0176,webcam,SYN-FACE-03,mouth,0.22975003443955144
SYN-W-0176,webcam,SYN-FACE-03,other,0.07604379721930465
SYN-W-0177,webcam,SYN-FACE-01,left_eye,0.24618181190197547
SYN-W-0177,webcam,SYN-FACE-01,right_eye,0.2514962916091331
SYN-W-0177,webcam,SYN-FACE-01,nose,0.14153775288673526
SYN-W-0177,webcam,SYN-FACE-01,mouth,0.2625463148842178
SYN-W-0177,webcam,SYN-FACE-01,other,0.09823782871793825
SYN-W-0177,webcam,SYN-FACE-02,left_eye,0.1324151206477033
SYN-W-0177,webcam,SYN-FACE-02,right_eye,0.21177563617783535
SYN-W-0177,webcam,SYN-FACE-02,nose,0.3299529222863528
SYN-W-0177,webcam,SYN-FACE-02,mouth,0.24663441263513175
SYN-W-0177,webcam,SYN-FACE-02,other,0.07922190825297674
SYN-W-0177,webcam,SYN-FACE-03,left_eye,0.348664208096465
SYN-W-0177,webcam,SYN-FACE-03,right_eye,0.1538698672418119
SYN-W-0177,webcam,SYN-FACE-03,nose,0.10507863842464878
SYN-W-0177,webcam,SYN-FACE-03,mouth,0.29341026568385736
SYN-W-0177,webcam,SYN-FACE-03,other,0.09897702055321698
SYN-W-0178,webcam,SYN-FACE-01,left_eye,0.08503962794326603
SYN-W-0178,webcam,SYN-FACE-01,right_eye,0.25910622061837396
SYN-W-0178,webcam,SYN-FACE-01,nose,0.22569878733249546
SYN-W-0178,webcam,SYN-FACE-01,mouth,0.4301553641058646
SYN-W-0178,webcam,SYN-FACE-01,other,0.0
SYN-W-0178,webcam,SYN-FACE-02,left_eye,0.31132123591781186
SYN-W-0178,webcam,SYN-FACE-02,right_eye,0.16235760519785727
SYN-W-0178,webcam,SYN-FACE-02,nose,0.14129747348772256
SYN-W-0178,webcam,SYN-FACE-02,mouth,0.2664380526349398
SYN-W-0178,webcam,SYN-FACE-02,other,0.11858563276166853
SYN-W-0178,webcam,SYN-FACE-03,left_eye,0.08225689248384709
SYN-W-0178,webcam,SYN-FACE-03,right_eye,0.3843725039840478
SYN-W-0178,webcam,SYN-FACE-03,nose,0.1743203494870268
SYN-W-0178,webcam,SYN-FACE-03,mouth,0.30630391800295076
SYN-W-0178,webcam,SYN-FACE-03,other,0.05274633604212753
SYN-W-0179,webcam,SYN-FACE-01,left_eye,0.138016369045776
SYN-W-0179,webcam,SYN-FACE-01,right_eye,0.3014728944825148
SYN-W-0179,webcam,SYN-FACE-01,nose,0.08378580041420206
SYN-W-0179,webcam,SYN-FACE-01,mouth,0.3765685634911619
SYN-W-0179,webcam,SYN-FACE-01,other,0.10015637256634535
SYN-W-0179,webcam,SYN-FACE-02,left_eye,0.0
SYN-W-0179,webcam,SYN-FACE-02,right_eye,0.35789839653204153
SYN-W-0179,webcam,SYN-FACE-02,nose,0.30638893698227676
SYN-W-0179,webcam,SYN-FACE-02,mouth,0.26325753141281216
SYN-W-0179,webcam,SYN-FACE-02,other,0.07245513507286952
SYN-W-0179,webcam,SYN-FACE-03,left_eye,0.32330526193322123
SYN-W-0179,webcam,SYN-FACE-03,right_eye,0.2169836643338668
SYN-W-0179,webcam,SYN-FACE-03,nose,0.15552359292086448
SYN-W-0179,webcam,SYN-FACE-03,mouth,0.17840725246689243
SYN-W-0179,webcam,SYN-FACE-03,other,0.12578022834515515
SYN-W-0180,webcam,SYN-FACE-01,left_eye,0.490120915333201
SYN-W-0180,webcam,SYN-FACE-01,right_eye,0.2552871902637365
SYN-W-0180,webcam,SYN-FACE-01,nose,0.11423825121517796
SYN-W-0180,webcam,SYN-FACE-01,mouth,0.125104095351973
SYN-W-0180,webcam,SYN-FACE-01,other,0.015249547835911582
SYN-W-0180,webcam,SYN-FACE-02,left_eye,0.2411079815986692
SYN-W-0180,webcam,SYN-FACE-02,right_eye,0.14468001274870423
SYN-W-0180,webcam,SYN-FACE-02,nose,0.2436209298768297
SYN-W-0180,webcam,SYN-FACE-02,mouth,0.2708652090624803
SYN-W-0180,webcam,SYN-FACE-02,other,0.09972586671331651
SYN-W-0180,webcam,SYN-FACE-03,left_eye,0.15573715714505876
SYN-W-0180,webcam,SYN-FACE-03,right_eye,0.23786328722433528
SYN-W-0180,webcam,SYN-FACE-03,nose,0.13576365210707228
SYN-W-0180,webcam,SYN-FACE-03,mouth,0.26510945998749924
SYN-W-0180,webcam,SYN-FACE-03,other,0.20552644353603447
SYN-W-0181,webcam,SYN-FACE-01,left_eye,0.1651016731744551
SYN-W-0181,webcam,SYN-FACE-01,right_eye,0.3377740605455425
SYN-W-0181,webcam,SYN-FACE-01,nose,0.1859430727888015
SYN-W-0181,webcam,SYN-FACE-01,mouth,0.31118119349120094
SYN-W-0181,webcam,SYN-FACE-01,other,0.0
SYN-W-0181,webcam,SYN-FACE-02,left_eye,0.1380215888290874
SYN-W-0181,webcam,SYN-FACE-02,right_eye,0.18662269257658592
SYN-W-0181,webcam,SYN-FACE-02,nose,0.26758873169992237
SYN-W-0181,webcam,SYN-FACE-02,mouth,0.29496363777269974
SYN-W-0181,webcam,SYN-FACE-02,other,0.11280334912170462
SYN-W-0181,webcam,SYN-FACE-03,left_eye,0.3890251237740303
SYN-W-0181,webcam,SYN-FACE-03,right_eye,0.2601436275744973
SYN-W-0181,webcam,SYN-FACE-03,nose,0.26359096534726795
SYN-W-0181,webcam,SYN-FACE-03,mouth,0.02948569371545808
SYN-W-0181,webcam,SYN-FACE-03,other,0.057754589588746255
SYN-W-0182,webcam,SYN-FACE-01,left_eye,0.23784390841574218
SYN-W-0182,webcam,SYN-FACE-01,right_eye,0.22262731083504098
SYN-W-0182,webcam,SYN-FACE-01,nose,0.23689409548958149
SYN-W-0182,webcam,SYN-FACE-01,mouth,0.19317979753183867
SYN-W-0182,webcam,SYN-FACE-01,other,0.10945488772779667
SYN-W-0182,webcam,SYN-FACE-02,left_eye,0.15269305505333441
SYN-W-0182,webcam,SYN-FACE-02,right_eye,0.24189593039583795
SYN-W-0182,webcam,SYN-FACE-02,nose,0.14948468444147253
SYN-W-0182,webcam,SYN-FACE-02,mouth,0.4559263301093552
SYN-W-0182,webcam,SYN-FACE-02,other,0.0
SYN-W-0182,webcam,SYN-FACE-03,left_eye,0.5322599085547838
SYN-W-0182,webcam,SYN-FACE-03,right_eye,0.1248047003982871
SYN-W-0182,webcam,SYN-FACE-03,nose,0.22520266100923098
SYN-W-0182,webcam,SYN-FACE-03,mouth,0.0699278863612546
SYN-W-0182,webcam,SYN-FACE-03,other,0.04780484367644354
SYN-W-0183,webcam,SYN-FACE-01,left_eye,0.19580399681173363
SYN-W-0183,webcam,SYN-FACE-01,right_eye,0.23700039042695212
SYN-W-0183,webcam,SYN-FACE-01,nose,0.24014852947804918
SYN-W-0183,webcam,SYN-FACE-01,mouth,0.2124986499073592
SYN-W-0183,webcam,SYN-FACE-01,other,0.11454843337590591
SYN-W-0183,webcam,SYN-FACE-02,left_eye,0.22893086974217886
SYN-W-0183,webcam,SYN-FACE-02,right_eye,0.3556136724902304
SYN-W-0183,webcam,SYN-FACE-02,nose,0.18031544529246143
SYN-W-0183,webcam,SYN-FACE-02,mouth,0.1493682451180133
SYN-W-0183,webcam,SYN-FACE-02,other,0.0857717673571161
SYN-W-0183,webcam,SYN-FACE-03,left_eye,0.19945199767362995
SYN-W-0183,webcam,SYN-FACE-03,right_eye,0.19914111925385736
SYN-W-0183,webcam,SYN-FACE-03,nose,0.2282526490687191
SYN-W-0183,webcam,SYN-FACE-03,mouth,0.32730702754292723
SYN-W-0183,webcam,SYN-FACE-03,other,0.04584720646086637
SYN-W-0184,webcam,SYN-FACE-01,left_eye,0.26678127259465767
SYN-W-0184,webcam,SYN-FACE-01,right_eye,0.19894159945891357
SYN-W-0184,webcam,SYN-FACE-01,nose,0.31247935102665575
SYN-W-0184,webcam,SYN-FACE-01,mouth,0.22179777691977307
SYN-W-0184,webcam,SYN-FACE-01,other,0.0
SYN-W-0184,webcam,SYN-FACE-02,left_eye,0.21988885175414824
SYN-W-0184,webcam,SYN-FACE-02,right_eye,0.32365591963372525
SYN-W-0184,webcam,SYN-FACE-02,nose,0.025327269823498564
SYN-W-0184,webcam,SYN-FACE-02,mouth,0.32103444737875597
SYN-W-0184,webcam,SYN-FACE-02,other,0.11009351140987196
SYN-W-0184,webcam,SYN-FACE-03,left_eye,0.4271301593757284
SYN-W-0184,webcam,SYN-FACE-03,right_eye,0.151521551908324
SYN-W-0184,webcam,SYN-FACE-03,nose,0.1534769367252021
SYN-W-0184,webcam,SYN-FACE-03,mouth,0.12433651545521889
SYN-W-0184,webcam,SYN-FACE-03,other,0.14353483653552662
SYN-W-0185,webcam,SYN-FACE-01,left_eye,0.29042755901685907
SYN-W-0185,webcam,SYN-FACE-01,right_eye,0.3151958790434584
SYN-W-0185,webcam,SYN-FACE-01,nose,0.1551053919668025
SYN-W-0185,webcam,SYN-FACE-01,mouth,0.20614633615487343
SYN-W-0185,webcam,SYN-FACE-01,other,0.033124833818006516
SYN-W-0185,webcam,SYN-FACE-02,left_eye,0.2604515806408377
SYN-W-0185,webcam,SYN-FACE-02,right_eye,0.08459960906453728
SYN-W-0185,webcam,SYN-FACE-02,nose,0.41300635269902686
SYN-W-0185,webcam,SYN-FACE-02,mouth,0.1832829495329882
SYN-W-0185,webcam,SYN-FACE-02,other,0.05865950806261006
SYN-W-0185,webcam,SYN-FACE-03,left_eye,0.17929714241678926
SYN-W-0185,webcam,SYN-FACE-03,right_eye,0.14080548322420974
SYN-W-0185,webcam,SYN-FACE-03,nose,0.2169165396189485
SYN-W-0185,webcam,SYN-FACE-03,mouth,0.18300120996954714
SYN-W-0185,webcam,SYN-FACE-03,other,0.27997962477050536
SYN-W-0186,webcam,SYN-FACE-01,left_eye,0.0967699745987265
SYN-W-0186,webcam,SYN-FACE-01,right_eye,0.2535559626301297
SYN-W-0186,webcam,SYN-FACE-01,nose,0.45226070534879304
SYN-W-0186,webcam,SYN-FACE-01,mouth,0.17502621863209372
SYN-W-0186,webcam,SYN-FACE-01,other,0.022387138790257013
SYN-W-0186,webcam,SYN-FACE-02,left_eye,0.17322328046263943
SYN-W-0186,webcam,SYN-FACE-02,right_eye,0.15141942169063524
SYN-W-0186,webcam,SYN-FACE-02,nose,0.11629659525449317
SYN-W-0186,webcam,SYN-FACE-02,mouth,0.44043215793028645
SYN-W-0186,webcam,SYN-FACE-02,other,0.11862854466194571
SYN-W-0186,webcam,SYN-FACE-03,left_eye,0.22490644925228134
SYN-W-0186,webcam,SYN-FACE-03,right_eye,0.22017882442721665
SYN-W-0186,webcam,SYN-FACE-03,nose,0.1038875487591559
SYN-W-0186,webcam,SYN-FACE-03,mouth,0.36181993493172077
SYN-W-0186,webcam,SYN-FACE-03,other,0.08920724262962533
SYN-W-0187,webcam,SYN-FACE-01,left_eye,0.2187163458990496
SYN-W-0187,webcam,SYN-FACE-01,right_eye,0.35408815263166626
SYN-W-0187,webcam,SYN-FACE-01,nose,0.15709213993059346
SYN-W-0187,webcam,SYN-FACE-01,mouth,0.11570492196327063
SYN-W-0187,webcam,SYN-FACE-01,other,0.15439843957542002
SYN-W-0187,webcam,SYN-FACE-02,left_eye,0.15386362231518858
SYN-W-0187,webcam,SYN-FACE-02,right_eye,0.2091455499032797
SYN-W-0187,webcam,SYN-FACE-02,nose,0.36606445855051084
SYN-W-0187,webcam,SYN-FACE-02,mouth,0.21225437925937024
SYN-W-0187,webcam,SYN-FACE-02,other,0.058671989971650663
SYN-W-0187,webcam,SYN-FACE-03,left_eye,0.18646890437855376
SYN-W-0187,webcam,SYN-FACE-03,right_eye,0.10520649655710464
SYN-W-0187,webcam,SYN-FACE-03,nose,0.18340356435457456
SYN-W-0187,webcam,SYN-FACE-03,mouth,0.4278424394982987
SYN-W-0187,webcam,SYN-FACE-03,other,0.09707859521146828
SYN-W-0188,webcam,SYN-FACE-01,left_eye,0.23856572234003068
SYN-W-0188,webcam,SYN-FACE-01,right_eye,0.21381820482779867
SYN-W-0188,webcam,SYN-FACE-01,nose,0.18653128610567415
SYN-W-0188,webcam,SYN-FACE-01,mouth,0.22278820714712372
SYN-W-0188,webcam,SYN-FACE-01,other,0.13829657957937277
SYN-W-0188,webcam,SYN-FACE-02,left_eye,0.2959201144979538
SYN-W-0188,webcam,SYN-FACE-02,right_eye,0.23880120171127409
SYN-W-0188,webcam,SYN-FACE-02,nose,0.09711117046059993
SYN-W-0188,webcam,SYN-FACE-02,mouth,0.3402567649816241
SYN-W-0188,webcam,SYN-FACE-02,other,0.027910748348548006
SYN-W-0188,webcam,SYN-FACE-03,left_eye,0.4572537447810303
SYN-W-0188,webcam,SYN-FACE-03,right_eye,0.14424918108890775
SYN-W-0188,webcam,SYN-FACE-03,nose,0.2376384087471786
SYN-W-0188,webcam,SYN-FACE-03,mouth,0.1323513333807912
SYN-W-0188,webcam,SYN-FACE-03,other,0.028507332002092208
SYN-W-0189,webcam,SYN-FACE-01,left_eye,0.18061427979420397
SYN-W-0189,webcam,SYN-FACE-01,right_eye,0.12566370764850082
SYN-W-0189,webcam,SYN-FACE-01,nose,0.4533178619345654
SYN-W-0189,webcam,SYN-FACE-01,mouth,0.19460686638935723
SYN-W-0189,webcam,SYN-FACE-01,other,0.045797284233372614
SYN-W-0189,webcam,SYN-FACE-02,left_eye,0.10948069890645983
SYN-W-0189,webcam,SYN-FACE-02,right_eye,0.15750450754140372
SYN-W-0189,webcam,SYN-FACE-02,nose,0.2437203157820002
SYN-W-0189,webcam,SYN-FACE-02,mouth,0.3042818426403114
SYN-W-0189,webcam,SYN-FACE-02,other,0.18501263512982483
SYN-W-0189,webcam,SYN-FACE-03,left_eye,0.3460292754632807
SYN-W-0189,webcam,SYN-FACE-03,right_eye,0.2875928628160167
SYN-W-0189,webcam,SYN-FACE-03,nose,0.24914114875777418
SYN-W-0189,webcam,SYN-FACE-03,mouth,0.04173337731815354
SYN-W-0189,webcam,SYN-FACE-03,other,0.07550333564477488
SYN-W-0190,webcam,SYN-FACE-01,left_eye,0.22552364982542172
SYN-W-0190,webcam,SYN-FACE-01,right_eye,0.27198325805365386
SYN-W-0190,webcam,SYN-FACE-01,nose,0.09287964331286115
SYN-W-0190,webcam,SYN-FACE-01,mouth,0.2760393155097604
SYN-W-0190,webcam,SYN-FACE-01,other,0.13357413329830287
SYN-W-0190,webcam,SYN-FACE-02,left_eye,0.11041102659197959
SYN-W-0190,webcam,SYN-FACE-02,right_eye,0.202307520449228
SYN-W-0190,webcam,SYN-FACE-02,nose,0.2234629915776195
SYN-W-0190,webcam,SYN-FACE-02,mouth,0.41558406609625786
SYN-W-0190,webcam,SYN-FACE-02,other,0.04823439528491496
SYN-W-0190,webcam,SYN-FACE-03,left_eye,0.22267601140884946
SYN-W-0190,webcam,SYN-FACE-03,right_eye,0.5083613412477461
SYN-W-0190,webcam,SYN-FACE-03,nose,0.1988330674651938
SYN-W-0190,webcam,SYN-FACE-03,mouth,0.07012957987821052
SYN-W-0190,webcam,SYN-FACE-03,other,0.0
SYN-W-0191,webcam,SYN-FACE-01,left_eye,0.19363439535029447
SYN-W-0191,webcam,SYN-FACE-01,right_eye,0.19250442475443597
SYN-W-0191,webcam,SYN-FACE-01,nose,0.14896618520391036
SYN-W-0191,webcam,SYN-FACE-01,mouth,0.3441946137528324
SYN-W-0191,webcam,SYN-FACE-01,other,0.12070038093852675
SYN-W-0191,webcam,SYN-FACE-02,left_eye,0.2027154116158319
SYN-W-0191,webcam,SYN-FACE-02,right_eye,0.22707255244163022
SYN-W-0191,webcam,SYN-FACE-02,nose,0.24490207964506583
SYN-W-0191,webcam,SYN-FACE-02,mouth,0.2962150421192811
SYN-W-0191,webcam,SYN-FACE-02,other,0.029094914178190955
SYN-W-0191,webcam,SYN-FACE-03,left_eye,0.24273637828252614
SYN-W-0191,webcam,SYN-FACE-03,right_eye,0.11842528779545437
SYN-W-0191,webcam,SYN-FACE-03,nose,0.22436026656671015
SYN-W-0191,webcam,SYN-FACE-03,mouth,0.3539919822745392
SYN-W-0191,webcam,SYN-FACE-03,other,0.06048608508077015
SYN-W-0192,webcam,SYN-FACE-01,left_eye,0.2486592290857315
SYN-W-0192,webcam,SYN-FACE-01,right_eye,0.3914119035651868
SYN-W-0192,webcam,SYN-FACE-01,nose,0.06918859807185775
SYN-W-0192,webcam,SYN-FACE-01,mouth,0.17144110960865827
SYN-W-0192,webcam,SYN-FACE-01,other,0.1192991596685656
SYN-W-0192,webcam,SYN-FACE-02,left_eye,0.22705651913288488
SYN-W-0192,webcam,SYN-FACE-02,right_eye,0.3503631405126597
SYN-W-0192,webcam,SYN-FACE-02,nose,0.28866693196971216
SYN-W-0192,webcam,SYN-FACE-02,mouth,0.04823314658831274
SYN-W-0192,webcam,SYN-FACE-02,other,0.08568026179643047
SYN-W-0192,webcam,SYN-FACE-03,left_eye,0.2573375604451005
SYN-W-0192,webcam,SYN-FACE-03,right_eye,0.36502452355719983
SYN-W-0192,webcam,SYN-FACE-03,nose,0.10061984295835823
SYN-W-0192,webcam,SYN-FACE-03,mouth,0.2052160474377353
SYN-W-0192,webcam,SYN-FACE-03,other,0.0718020256016062
SYN-W-0193,webcam,SYN-FACE-01,left_eye,0.325233056678442
SYN-W-0193,webcam,SYN-FACE-01,right_eye,0.10756250010511666
SYN-W-0193,webcam,SYN-FACE-01,nose,0.02714046377185631
SYN-W-0193,webcam,SYN-FACE-01,mouth,0.2974249792481556
SYN-W-0193,webcam,SYN-FACE-01,other,0.24263900019642945
SYN-W-0193,webcam,SYN-FACE-02,left_eye,0.2867622818755209
SYN-W-0193,webcam,SYN-FACE-02,right_eye,0.27594810164230316
SYN-W-0193,webcam,SYN-FACE-02,nose,0.04096517522288564
SYN-W-0193,webcam,SYN-FACE-02,mouth,0.3963244412592903
SYN-W-0193,webcam,SYN-FACE-02,other,0.0
SYN-W-0193,webcam,SYN-FACE-03,left_eye,0.14642245581363736
SYN-W-0193,webcam,SYN-FACE-03,right_eye,0.2850070310481103
SYN-W-0193,webcam,SYN-FACE-03,nose,0.42409511917731096
SYN-W-0193,webcam,SYN-FACE-03,mouth,0.10167729120495508
SYN-W-0193,webcam,SYN-FACE-03,other,0.04279810275598636
SYN-W-0194,webcam,SYN-FACE-01,left_eye,0.13724656350308978
SYN-W-0194,webcam,SYN-FACE-01,right_eye,0.15753086140055172
SYN-W-0194,webcam,SYN-FACE-01,nose,0.2889312092131295
SYN-W-0194,webcam,SYN-FACE-01,mouth,0.33319292441108245
SYN-W-0194,webcam,SYN-FACE-01,other,0.08309844147214662
SYN-W-0194,webcam,SYN-FACE-02,left_eye,0.14517951119551395
SYN-W-0194,webcam,SYN-FACE-02,right_eye,0.32671853296625986
SYN-W-0194,webcam,SYN-FACE-02,nose,0.1012114709449982
SYN-W-0194,webcam,SYN-FACE-02,mouth,0.32185178229215855
SYN-W-0194,webcam,SYN-FACE-02,other,0.10503870260106947
SYN-W-0194,webcam,SYN-FACE-03,left_eye,0.32153963986769707
SYN-W-0194,webcam,SYN-FACE-03,right_eye,0.2828083006118826
SYN-W-0194,webcam,SYN-FACE-03,nose,0.21363500604435232
SYN-W-0194,webcam,SYN-FACE-03,mouth,0.0
SYN-W-0194,webcam,SYN-FACE-03,other,0.182017053476068
SYN-W-0195,webcam,SYN-FACE-01,left_eye,0.19339411079747515
SYN-W-0195,webcam,SYN-FACE-01,right_eye,0.30172000201319155
SYN-W-0195,webcam,SYN-FACE-01,nose,0.33192260508509075
SYN-W-0195,webcam,SYN-FACE-01,mouth,0.06835631024251405
SYN-W-0195,webcam,SYN-FACE-01,other,0.10460697186172851
SYN-W-0195,webcam,SYN-FACE-02,left_eye,0.11687399271269186
SYN-W-0195,webcam,SYN-FACE-02,right_eye,0.32633768591188655
SYN-W-0195,webcam,SYN-FACE-02,nose,0.0389086531580226
SYN-W-0195,webcam,SYN-FACE-02,mouth,0.35802759296748765
SYN-W-0195,webcam,SYN-FACE-02,other,0.15985207524991132
SYN-W-0195,webcam,SYN-FACE-03,left_eye,0.3099249636165196
SYN-W-0195,webcam,SYN-FACE-03,right_eye,0.35595316746241046
SYN-W-0195,webcam,SYN-FACE-03,nose,0.2626847408563569
SYN-W-0195,webcam,SYN-FACE-03,mouth,0.050827078471604906
SYN-W-0195,webcam,SYN-FACE-03,other,0.020610049593108203
SYN-W-0196,webcam,SYN-FACE-01,left_eye,0.1669215714000666
SYN-W-0196,webcam,SYN-FACE-01,right_eye,0.49529006688044847
SYN-W-0196,webcam,SYN-FACE-01,nose,0.20346353196150377
SYN-W-0196,webcam,SYN-FACE-01,mouth,0.06378931443153824
SYN-W-0196,webcam,SYN-FACE-01,other,0.07053551532644292
SYN-W-0196,webcam,SYN-FACE-02,left_eye,0.20378207305969384
SYN-W-0196,webcam,SYN-FACE-02,right_eye,0.21677224684090812
SYN-W-0196,webcam,SYN-FACE-02,nose,0.07149701885828817
SYN-W-0196,webcam,SYN-FACE-02,mouth,0.4808475100365971
SYN-W-0196,webcam,SYN-FACE-02,other,0.027101151204512782
SYN-W-0196,webcam,SYN-FACE-03,left_eye,0.11550647074152688
SYN-W-0196,webcam,SYN-FACE-03,right_eye,0.3182442349821384
SYN-W-0196,webcam,SYN-FACE-03,nose,0.3210986220402895
SYN-W-0196,webcam,SYN-FACE-03,mouth,0.1703929189164266
SYN-W-0196,webcam,SYN-FACE-03,other,0.07475775331961872
SYN-W-0197,webcam,SYN-FACE-01,left_eye,0.32086326516210656
SYN-W-0197,webcam,SYN-FACE-01,right_eye,0.19579712644265884
SYN-W-0197,webcam,SYN-FACE-01,nose,0.13976944099319158
SYN-W-0197,webcam,SYN-FACE-01,mouth,0.343570167402043
SYN-W-0197,webcam,SYN-FACE-01,other,0.0
SYN-W-0197,webcam,SYN-FACE-02,left_eye,0.12189240352219728
SYN-W-0197,webcam,SYN-FACE-02,right_eye,0.2341616131565026
SYN-W-0197,webcam,SYN-FACE-02,nose,0.13247621667959952
SYN-W-0197,webcam,SYN-FACE-02,mouth,0.4114190233254721
SYN-W-0197,webcam,SYN-FACE-02,other,0.10005074331622862
SYN-W-0197,webcam,SYN-FACE-03,left_eye,0.2214671670950928
SYN-W-0197,webcam,SYN-FACE-03,right_eye,0.37026186501129255
SYN-W-0197,webcam,SYN-FACE-03,nose,0.2598939745201991
SYN-W-0197,webcam,SYN-FACE-03,mouth,0.06210143244097395
SYN-W-0197,webcam,SYN-FACE-03,other,0.08627556093244164
SYN-W-0198,webcam,SYN-FACE-01,left_eye,0.058815830060954345
SYN-W-0198,webcam,SYN-FACE-01,right_eye,0.33063095905896595
SYN-W-0198,webcam,SYN-FACE-01,nose,0.38539708299967557
SYN-W-0198,webcam,SYN-FACE-01,mouth,0.09406492427900473
SYN-W-0198,webcam,SYN-FACE-01,other,0.13109120360139942
SYN-W-0198,webcam,SYN-FACE-02,left_eye,0.24588477811758735
SYN-W-0198,webcam,SYN-FACE-02,right_eye,0.4515189860229833
SYN-W-0198,webcam,SYN-FACE-02,nose,0.21700773763603393
SYN-W-0198,webcam,SYN-FACE-02,mouth,0.04189624814591195
SYN-W-0198,webcam,SYN-FACE-02,other,0.043692250077483535
SYN-W-0198,webcam,SYN-FACE-03,left_eye,0.1879676184239087
SYN-W-0198,webcam,SYN-FACE-03,right_eye,0.4767411556326226
SYN-W-0198,webcam,SYN-FACE-03,nose,0.16100721516543826
SYN-W-0198,webcam,SYN-FACE-03,mouth,0.17428401077803043
SYN-W-0198,webcam,SYN-FACE-03,other,0.0
SYN-W-0199,webcam,SYN-FACE-01,left_eye,0.41266136554353805
SYN-W-0199,webcam,SYN-FACE-01,right_eye,0.06253242387917307
SYN-W-0199,webcam,SYN-FACE-01,nose,0.37205302554037856
SYN-W-0199,webcam,SYN-FACE-01,mouth,0.12533836900762252
SYN-W-0199,webcam,SYN-FACE-01,other,0.027414816029287782
SYN-W-0199,webcam,SYN-FACE-02,left_eye,0.3711669604569305
SYN-W-0199,webcam,SYN-FACE-02,right_eye,0.09880687265597929
SYN-W-0199,webcam,SYN-FACE-02,nose,0.1795402932269256
SYN-W-0199,webcam,SYN-FACE-02,mouth,0.3066936479859244
SYN-W-0199,webcam,SYN-FACE-02,other,0.04379222567424018
SYN-W-0199,webcam,SYN-FACE-03,left_eye,0.25047296322036156
SYN-W-0199,webcam,SYN-FACE-03,right_eye,0.29400754780965715
SYN-W-0199,webcam,SYN-FACE-03,nose,0.10770163805257463
SYN-W-0199,webcam,SYN-FACE-03,mouth,0.2979050243756703
SYN-W-0199,webcam,SYN-FACE-03,other,0.049912826541736434
SYN-W-0200,webcam,SYN-FACE-01,left_eye,0.15297255532992154
SYN-W-0200,webcam,SYN-FACE-01,right_eye,0.549963603552711
SYN-W-0200,webcam,SYN-FACE-01,nose,0.23805782065719813
SYN-W-0200,webcam,SYN-FACE-01,mouth,0.059006020460169346
SYN-W-0200,webcam,SYN-FACE-01,other,0.0
SYN-W-0200,webcam,SYN-FACE-02,left_eye,0.17819192548722285
SYN-W-0200,webcam,SYN-FACE-02,right_eye,0.3618429472705797
SYN-W-0200,webcam,SYN-FACE-02,nose,0.03275528669172105
SYN-W-0200,webcam,SYN-FACE-02,mouth,0.25628947462956153
SYN-W-0200,webcam,SYN-FACE-02,other,0.17092036592091495
SYN-W-0200,webcam,SYN-FACE-03,left_eye,0.2067693085957947
SYN-W-0200,webcam,SYN-FACE-03,right_eye,0.23375348525555653
SYN-W-0200,webcam,SYN-FACE-03,nose,0.25695381636237397
SYN-W-0200,webcam,SYN-FACE-03,mouth,0.23156835143779944
SYN-W-0200,webcam,SYN-FACE-03,other,0.0709550383484753
SYN-W-0201,webcam,SYN-FACE-01,left_eye,0.21303319857298422
SYN-W-0201,webcam,SYN-FACE-01,right_eye,0.4251857356905995
SYN-W-0201,webcam,SYN-FACE-01,nose,0.09046325788348333
SYN-W-0201,webcam,SYN-FACE-01,mouth,0.14015649945562014
SYN-W-0201,webcam,SYN-FACE-01,other,0.1311613083973128
SYN-W-0201,webcam,SYN-FACE-02,left_eye,0.20008420254417084
SYN-W-0201,webcam,SYN-FACE-02,right_eye,0.39324732651591193
SYN-W-0201,webcam,SYN-FACE-02,nose,0.08378642852997968
SYN-W-0201,webcam,SYN-FACE-02,mouth,0.2772173772603867
SYN-W-0201,webcam,SYN-FACE-02,other,0.045664665149550865
SYN-W-0201,webcam,SYN-FACE-03,left_eye,0.23882886108594772
SYN-W-0201,webcam,SYN-FACE-03,right_eye,0.27036282269703715
SYN-W-0201,webcam,SYN-FACE-03,nose,0.19660868851647081
SYN-W-0201,webcam,SYN-FACE-03,mouth,0.24140918076539328
SYN-W-0201,webcam,SYN-FACE-03,other,0.05279044693515095
SYN-W-0202,webcam,SYN-FACE-01,left_eye,0.4379445613605694
SYN-W-0202,webcam,SYN-FACE-01,right_eye,0.20290828656998805
SYN-W-0202,webcam,SYN-FACE-01,nose,0.21092801832105174
SYN-W-0202,webcam,SYN-FACE-01,mouth,0.12161377350524327
SYN-W-0202,webcam,SYN-FACE-01,other,0.02660536024314759
SYN-W-0202,webcam,SYN-FACE-02,left_eye,0.028285825584159863
SYN-W-0202,webcam,SYN-FACE-02,right_eye,0.20501716993808083
SYN-W-0202,webcam,SYN-FACE-02,nose,0.19721748548121185
SYN-W-0202,webcam,SYN-FACE-02,mouth,0.3912075263071641
SYN-W-0202,webcam,SYN-FACE-02,other,0.17827199268938343
SYN-W-0202,webcam,SYN-FACE-03,left_eye,0.4307226046603041
SYN-W-0202,webcam,SYN-FACE-03,right_eye,0.11812318230365719
SYN-W-0202,webcam,SYN-FACE-03,nose,0.2922774572464701
SYN-W-0202,webcam,SYN-FACE-03,mouth,0.1588767557895687
SYN-W-0202,webcam,SYN-FACE-03,other,0.0
SYN-W-0203,webcam,SYN-FACE-01,left_eye,0.12073122766877886
SYN-W-0203,webcam,SYN-FACE-01,right_eye,0.31204812232544243
SYN-W-0203,webcam,SYN-FACE-01,nose,0.049186649745794335
SYN-W-0203,webcam,SYN-FACE-01,mouth,0.33693528162984765
SYN-W-0203,webcam,SYN-FACE-01,other,0.18109871863013663
SYN-W-0203,webcam,SYN-FACE-02,left_eye,0.1369557769363971
SYN-W-0203,webcam,SYN-FACE-02,right_eye,0.11347344196649442
SYN-W-0203,webcam,SYN-FACE-02,nose,0.40013733203747626
SYN-W-0203,webcam,SYN-FACE-02,mouth,0.23511017193452846
SYN-W-0203,webcam,SYN-FACE-02,other,0.11432327712510379
SYN-W-0203,webcam,SYN-FACE-03,left_eye,0.1570440623325011
SYN-W-0203,webcam,SYN-FACE-03,right_eye,0.3304354528432078
SYN-W-0203,webcam,SYN-FACE-03,nose,0.2868201040561608
SYN-W-0203,webcam,SYN-FACE-03,mouth,0.1646642498404885
SYN-W-0203,webcam,SYN-FACE-03,other,0.0610361309276418
SYN-W-0204,webcam,SYN-FACE-01,left_eye,0.2063669835191644
SYN-W-0204,webcam,SYN-FACE-01,right_eye,0.23054658349480114
SYN-W-0204,webcam,SYN-FACE-01,nose,0.25416404344465277
SYN-W-0204,webcam,SYN-FACE-01,mouth,0.20347635747124124
SYN-W-0204,webcam,SYN-FACE-01,other,0.10544603207014042
SYN-W-0204,webcam,SYN-FACE-02,left_eye,0.09145167597480208
SYN-W-0204,webcam,SYN-FACE-02,right_eye,0.45470218354603315
SYN-W-0204,webcam,SYN-FACE-02,nose,0.27064504396153183
SYN-W-0204,webcam,SYN-FACE-02,mouth,0.1567712483518443
SYN-W-0204,webcam,SYN-FACE-02,other,0.026429848165788642
SYN-W-0204,webcam,SYN-FACE-03,left_eye,0.26908584510656386
SYN-W-0204,webcam,SYN-FACE-03,right_eye,0.37009785504693854
SYN-W-0204,webcam,SYN-FACE-03,nose,0.15914112231191682
SYN-W-0204,webcam,SYN-FACE-03,mouth,0.1746958994083259
SYN-W-0204,webcam,SYN-FACE-03,other,0.026979278126254842
SYN-W-0205,webcam,SYN-FACE-01,left_eye,0.1463162551502556
SYN-W-0205,webcam,SYN-FACE-01,right_eye,0.498830255229328
SYN-W-0205,webcam,SYN-FACE-01,nose,0.18786278139629864
SYN-W-0205,webcam,SYN-FACE-01,mouth,0.16699070822411774
SYN-W-0205,webcam,SYN-FACE-01,other,0.0
SYN-W-0205,webcam,SYN-FACE-02,left_eye,0.25969552200958645
SYN-W-0205,webcam,SYN-FACE-02,right_eye,0.26305140539635646
SYN-W-0205,webcam,SYN-FACE-02,nose,0.20236612399890308
SYN-W-0205,webcam,SYN-FACE-02,mouth,0.274886948595154
SYN-W-0205,webcam,SYN-FACE-02,other,0.0
SYN-W-0205,webcam,SYN-FACE-03,left_eye,0.3531945198217822
SYN-W-0205,webcam,SYN-FACE-03,right_eye,0.12544514351871836
SYN-W-0205,webcam,SYN-FACE-03,nose,0.2698538220701171
SYN-W-0205,webcam,SYN-FACE-03,mouth,0.09248790489557639
SYN-W-0205,webcam,SYN-FACE-03,other,0.15901860969380602
SYN-W-0206,webcam,SYN-FACE-01,left_eye,0.45516693538369474
SYN-W-0206,webcam,SYN-FACE-01,right_eye,0.3379665782052615
SYN-W-0206,webcam,SYN-FACE-01,nose,0.021310336875014504
SYN-W-0206,webcam,SYN-FACE-01,mouth,0.157979166360331
SYN-W-0206,webcam,SYN-FACE-01,other,0.027576983175698306
SYN-W-0206,webcam,SYN-FACE-02,left_eye,0.47077986748055006
SYN-W-0206,webcam,SYN-FACE-02,right_eye,0.2366703394997076
SYN-W-0206,webcam,SYN-FACE-02,nose,0.16858509825123297
SYN-W-0206,webcam,SYN-FACE-02,mouth,0.09374609884515439
SYN-W-0206,webcam,SYN-FACE-02,other,0.030218595923355053
SYN-W-0206,webcam,SYN-FACE-03,left_eye,0.27716425455267807
SYN-W-0206,webcam,SYN-FACE-03,right_eye,0.2318863897299003
SYN-W-0206,webcam,SYN-FACE-03,nose,0.17049211022074898
SYN-W-0206,webcam,SYN-FACE-03,mouth,0.1441482850427834
SYN-W-0206,webcam,SYN-FACE-03,other,0.17630896045388925
SYN-W-0207,webcam,SYN-FACE-01,left_eye,0.23332405320203203
SYN-W-0207,webcam,SYN-FACE-01,right_eye,0.3369102417758841
SYN-W-0207,webcam,SYN-FACE-01,nose,0.1356866770384053
SYN-W-0207,webcam,SYN-FACE-01,mouth,0.2706218061146076
SYN-W-0207,webcam,SYN-FACE-01,other,0.02345722186907094
SYN-W-0207,webcam,SYN-FACE-02,left_eye,0.0700659349021243
SYN-W-0207,webcam,SYN-FACE-02,right_eye,0.2578518479346071
SYN-W-0207,webcam,SYN-FACE-02,nose,0.28996884933162514
SYN-W-0207,webcam,SYN-FACE-02,mouth,0.27180996051621414
SYN-W-0207,webcam,SYN-FACE-02,other,0.11030340731542933
SYN-W-0207,webcam,SYN-FACE-03,left_eye,0.02211772228501034
SYN-W-0207,webcam,SYN-FACE-03,right_eye,0.5798955139055249
SYN-W-0207,webcam,SYN-FACE-03,nose,0.3218228042806068
SYN-W-0207,webcam,SYN-FACE-03,mouth,0.053503553563204846
SYN-W-0207,webcam,SYN-FACE-03,other,0.0226604059656533
SYN-W-0208,webcam,SYN-FACE-01,left_eye,0.3196945646738135
SYN-W-0208,webcam,SYN-FACE-01,right_eye,0.11277169285614859
SYN-W-0208,webcam,SYN-FACE-01,nose,0.32779967297831214
SYN-W-0208,webcam,SYN-FACE-01,mouth,0.23973406949172568
SYN-W-0208,webcam,SYN-FACE-01,other,0.0
SYN-W-0208,webcam,SYN-FACE-02,left_eye,0.298522745574627
SYN-W-0208,webcam,SYN-FACE-02,right_eye,0.0665243843712031
SYN-W-0208,webcam,SYN-FACE-02,nose,0.26291694992302966
SYN-W-0208,webcam,SYN-FACE-02,mouth,0.3261523990080863
SYN-W-0208,webcam,SYN-FACE-02,other,0.04588352112305391
SYN-W-0208,webcam,SYN-FACE-03,left_eye,0.50233333613954
SYN-W-0208,webcam,SYN-FACE-03,right_eye,0.08781342825851107
SYN-W-0208,webcam,SYN-FACE-03,nose,0.14271261712549108
SYN-W-0208,webcam,SYN-FACE-03,mouth,0.24697686352325177
SYN-W-0208,webcam,SYN-FACE-03,other,0.020163754953206152
SYN-W-0209,webcam,SYN-FACE-01,left_eye,0.366171413031421
SYN-W-0209,webcam,SYN-FACE-01,right_eye,0.11277098331055867
SYN-W-0209,webcam,SYN-FACE-01,nose,0.1719692777018205
SYN-W-0209,webcam,SYN-FACE-01,mouth,0.28342162526725384
SYN-W-0209,webcam,SYN-FACE-01,other,0.06566670068894608
SYN-W-0209,webcam,SYN-FACE-02,left_eye,0.3283737760736865
SYN-W-0209,webcam,SYN-FACE-02,right_eye,0.050797608465544875
SYN-W-0209,webcam,SYN-FACE-02,nose,0.0908861459357093
SYN-W-0209,webcam,SYN-FACE-02,mouth,0.40048954869711034
SYN-W-0209,webcam,SYN-FACE-02,other,0.12945292082794907
SYN-W-0209,webcam,SYN-FACE-03,left_eye,0.23945224458916878
SYN-W-0209,webcam,SYN-FACE-03,right_eye,0.17192220525189897
SYN-W-0209,webcam,SYN-FACE-03,nose,0.20935634767029845
SYN-W-0209,webcam,SYN-FACE-03,mouth,0.24551169240268894
SYN-W-0209,webcam,SYN-FACE-03,other,0.13375751008594494
SYN-W-0210,webcam,SYN-FACE-01,left_eye,0.1466215124182919
SYN-W-0210,webcam,SYN-FACE-01,right_eye,0.38540639307524144
SYN-W-0210,webcam,SYN-FACE-01,nose,0.0886322897171684
SYN-W-0210,webcam,SYN-FACE-01,mouth,0.35141822814869
SYN-W-0210,webcam,SYN-FACE-01,other,0.027921576640608278
SYN-W-0210,webcam,SYN-FACE-02,left_eye,0.23950798995208056
SYN-W-0210,webcam,SYN-FACE-02,right_eye,0.1737737030400268
SYN-W-0210,webcam,SYN-FACE-02,nose,0.18669089202459152
SYN-W-0210,webcam,SYN-FACE-02,mouth,0.3181282667186078
SYN-W-0210,webcam,SYN-FACE-02,other,0.08189914826469329
SYN-W-0210,webcam,SYN-FACE-03,left_eye,0.337660156717923
SYN-W-0210,webcam,SYN-FACE-03,right_eye,0.2137152837211319
SYN-W-0210,webcam,SYN-FACE-03,nose,0.2075374199403623
SYN-W-0210,webcam,SYN-FACE-03,mouth,0.06679156694642914
SYN-W-0210,webcam,SYN-FACE-03,other,0.17429557267415366
SYN-W-0211,webcam,SYN-FACE-01,left_eye,0.22886290893675007
SYN-W-0211,webcam,SYN-FACE-01,right_eye,0.238086320826823
SYN-W-0211,webcam,SYN-FACE-01,nose,0.2220340696342478
SYN-W-0211,webcam,SYN-FACE-01,mouth,0.07608122508037823
SYN-W-0211,webcam,SYN-FACE-01,other,0.2349354755218009
SYN-W-0211,webcam,SYN-FACE-02,left_eye,0.14428241166486275
SYN-W-0211,webcam,SYN-FACE-02,right_eye,0.2885083429020724
SYN-W-0211,webcam,SYN-FACE-02,nose,0.21505796484036818
SYN-W-0211,webcam,SYN-FACE-02,mouth,0.2950405176227102
SYN-W-0211,webcam,SYN-FACE-02,other,0.05711076296998637
SYN-W-0211,webcam,SYN-FACE-03,left_eye,0.48907144789741236
SYN-W-0211,webcam,SYN-FACE-03,right_eye,0.1262852721605146
SYN-W-0211,webcam,SYN-FACE-03,nose,0.15553293213098246
SYN-W-0211,webcam,SYN-FACE-03,mouth,0.15409881809765125
SYN-W-0211,webcam,SYN-FACE-03,other,0.07501152971343927
SYN-W-0212,webcam,SYN-FACE-01,left_eye,0.2745608747513389
SYN-W-0212,webcam,SYN-FACE-01,right_eye,0.30357169824277025
SYN-W-0212,webcam,SYN-FACE-01,nose,0.1837566794635582
SYN-W-0212,webcam,SYN-FACE-01,mouth,0.13635888964764095
SYN-W-0212,webcam,SYN-FACE-01,other,0.10175185789469181
SYN-W-0212,webcam,SYN-FACE-02,left_eye,0.01922800434394544
SYN-W-0212,webcam,SYN-FACE-02,right_eye,0.16742574054583534
SYN-W-0212,webcam,SYN-FACE-02,nose,0.24220390310413106
SYN-W-0212,webcam,SYN-FACE-02,mouth,0.44060424305749973
SYN-W-0212,webcam,SYN-FACE-02,other,0.13053810894858844
SYN-W-0212,webcam,SYN-FACE-03,left_eye,0.24113491896134473
SYN-W-0212,webcam,SYN-FACE-03,right_eye,0.3099916969511741
SYN-W-0212,webcam,SYN-FACE-03,nose,0.24130401075302957
SYN-W-0212,webcam,SYN-FACE-03,mouth,0.12991421721511096
SYN-W-0212,webcam,SYN-FACE-03,other,0.07765515611934067
SYN-W-0213,webcam,SYN-FACE-01,left_eye,0.21405583372375214
SYN-W-0213,webcam,SYN-FACE-01,right_eye,0.20583518559348102
SYN-W-0213,webcam,SYN-FACE-01,nose,0.26937630250732936
SYN-W-0213,webcam,SYN-FACE-01,mouth,0.21888323026985904
SYN-W-0213,webcam,SYN-FACE-01,other,0.09184944790557852
SYN-W-0213,webcam,SYN-FACE-02,left_eye,0.21115143935359307
SYN-W-0213,webcam,SYN-FACE-02,right_eye,0.2063032357913791
SYN-W-0213,webcam,SYN-FACE-02,nose,0.21242847549282054
SYN-W-0213,webcam,SYN-FACE-02,mouth,0.3265584605994284
SYN-W-0213,webcam,SYN-FACE-02,other,0.04355838876277894
SYN-W-0213,webcam,SYN-FACE-03,left_eye,0.40430973543027543
SYN-W-0213,webcam,SYN-FACE-03,right_eye,0.13979038189474552
SYN-W-0213,webcam,SYN-FACE-03,nose,0.15835644633817725
SYN-W-0213,webcam,SYN-FACE-03,mouth,0.26127704650926764
SYN-W-0213,webcam,SYN-FACE-03,other,0.036266389827534155
SYN-W-0214,webcam,SYN-FACE-01,left_eye,0.2861175517987146
SYN-W-0214,webcam,SYN-FACE-01,right_eye,0.19440139201672352
SYN-W-0214,webcam,SYN-FACE-01,nose,0.3050524244544674
SYN-W-0214,webcam,SYN-FACE-01,mouth,0.1110219225122684
SYN-W-0214,webcam,SYN-FACE-01,other,0.10340670921782605
SYN-W-0214,webcam,SYN-FACE-02,left_eye,0.3217782700638903
SYN-W-0214,webcam,SYN-FACE-02,right_eye,0.18661237470549558
SYN-W-0214,webcam,SYN-FACE-02,nose,0.06450355371090286
SYN-W-0214,webcam,SYN-FACE-02,mouth,0.36944973902743805
SYN-W-0214,webcam,SYN-FACE-02,other,0.05765606249227316
SYN-W-0214,webcam,SYN-FACE-03,left_eye,0.294831683202524
SYN-W-0214,webcam,SYN-FACE-03,right_eye,0.191952844044241
SYN-W-0214,webcam,SYN-FACE-03,nose,0.23842256091641253
SYN-W-0214,webcam,SYN-FACE-03,mouth,0.21436221612158857
SYN-W-0214,webcam,SYN-FACE-03,other,0.060430695715233844
SYN-W-0215,webcam,SYN-FACE-01,left_eye,0.2705001226119917
SYN-W-0215,webcam,SYN-FACE-01,right_eye,0.22090405778794953
SYN-W-0215,webcam,SYN-FACE-01,nose,0.16463590330583094
SYN-W-0215,webcam,SYN-FACE-01,mouth,0.34395991629422784
SYN-W-0215,webcam,SYN-FACE-01,other,0.0
SYN-W-0215,webcam,SYN-FACE-02,left_eye,0.19830151718714858
SYN-W-0215,webcam,SYN-FACE-02,right_eye,0.2705123899552947
SYN-W-0215,webcam,SYN-FACE-02,nose,0.05110313549094625
SYN-W-0215,webcam,SYN-FACE-02,mouth,0.35722072638637875
SYN-W-0215,webcam,SYN-FACE-02,other,0.12286223098023175
SYN-W-0215,webcam,SYN-FACE-03,left_eye,0.3162446171391153
SYN-W-0215,webcam,SYN-FACE-03,right_eye,0.07092367810962287
SYN-W-0215,webcam,SYN-FACE-03,nose,0.22524104515145513
SYN-W-0215,webcam,SYN-FACE-03,mouth,0.2699734566862234
SYN-W-0215,webcam,SYN-FACE-03,other,0.11761720291358321
SYN-W-0216,webcam,SYN-FACE-01,left_eye,0.23800637722372042
SYN-W-0216,webcam,SYN-FACE-01,right_eye,0.09559487766351327
SYN-W-0216,webcam,SYN-FACE-01,nose,0.4858413909692999
SYN-W-0216,webcam,SYN-FACE-01,mouth,0.06776154888698153
SYN-W-0216,webcam,SYN-FACE-01,other,0.11279580525648479
SYN-W-0216,webcam,SYN-FACE-02,left_eye,0.24068102749366468
SYN-W-0216,webcam,SYN-FACE-02,right_eye,0.24956783012484443
SYN-W-0216,webcam,SYN-FACE-02,nose,0.11118031527425776
SYN-W-0216,webcam,SYN-FACE-02,mouth,0.3028820616624182
SYN-W-0216,webcam,SYN-FACE-02,other,0.09568876544481483
SYN-W-0216,webcam,SYN-FACE-03,left_eye,0.25559426891144943
SYN-W-0216,webcam,SYN-FACE-03,right_eye,0.05365954265839651
SYN-W-0216,webcam,SYN-FACE-03,nose,0.16087308857125823
SYN-W-0216,webcam,SYN-FACE-03,mouth,0.4029028823022856
SYN-W-0216,webcam,SYN-FACE-03,other,0.12697021755661025
SYN-W-0217,webcam,SYN-FACE-01,left_eye,0.3307402181476047
SYN-W-0217,webcam,SYN-FACE-01,right_eye,0.3605410324496576
SYN-W-0217,webcam,SYN-FACE-01,nose,0.23078282629903826
SYN-W-0217,webcam,SYN-FACE-01,mouth,0.04025484676246775
SYN-W-0217,webcam,SYN-FACE-01,other,0.0376810763412318
SYN-W-0217,webcam,SYN-FACE-02,left_eye,0.32029192629521325
SYN-W-0217,webcam,SYN-FACE-02,right_eye,0.33821566583114565
SYN-W-0217,webcam,SYN-FACE-02,nose,0.053263304215484655
SYN-W-0217,webcam,SYN-FACE-02,mouth,0.18435408143568904
SYN-W-0217,webcam,SYN-FACE-02,other,0.10387502222246744
SYN-W-0217,webcam,SYN-FACE-03,left_eye,0.2528526590430322
SYN-W-0217,webcam,SYN-FACE-03,right_eye,0.3751023551847569
SYN-W-0217,webcam,SYN-FACE-03,nose,0.1857765058931356
SYN-W-0217,webcam,SYN-FACE-03,mouth,0.06460383767584617
SYN-W-0217,webcam,SYN-FACE-03,other,0.12166464220322912
SYN-W-0218,webcam,SYN-FACE-01,left_eye,0.1336224932857735
SYN-W-0218,webcam,SYN-FACE-01,right_eye,0.11271150621929728
SYN-W-0218,webcam,SYN-FACE-01,nose,0.23760712436048417
SYN-W-0218,webcam,SYN-FACE-01,mouth,0.3873853335975018
SYN-W-0218,webcam,SYN-FACE-01,other,0.1286735425369432
SYN-W-0218,webcam,SYN-FACE-02,left_eye,0.26286819856498006
SYN-W-0218,webcam,SYN-FACE-02,right_eye,0.16011565184072665
SYN-W-0218,webcam,SYN-FACE-02,nose,0.11567384732599623
SYN-W-0218,webcam,SYN-FACE-02,mouth,0.33063704257848797
SYN-W-0218,webcam,SYN-FACE-02,other,0.130705259689809
SYN-W-0218,webcam,SYN-FACE-03,left_eye,0.3828325779793856
SYN-W-0218,webcam,SYN-FACE-03,right_eye,0.14539662801770267
SYN-W-0218,webcam,SYN-FACE-03,nose,0.1846621176242458
SYN-W-0218,webcam,SYN-FACE-03,mouth,0.13768946327435863
SYN-W-0218,webcam,SYN-FACE-03,other,0.1494192131043073
SYN-W-0219,webcam,SYN-FACE-01,left_eye,0.24421937606352134
SYN-W-0219,webcam,SYN-FACE-01,right_eye,0.34252831059477645
SYN-W-0219,webcam,SYN-FACE-01,nose,0.2377813254010625
SYN-W-0219,webcam,SYN-FACE-01,mouth,0.14384407778280403
SYN-W-0219,webcam,SYN-FACE-01,other,0.031626910157835614
SYN-W-0219,webcam,SYN-FACE-02,left_eye,0.13903004431205523
SYN-W-0219,webcam,SYN-FACE-02,right_eye,0.41002355067260565
SYN-W-0219,webcam,SYN-FACE-02,nose,0.10241668631126209
SYN-W-0219,webcam,SYN-FACE-02,mouth,0.31492020781105307
SYN-W-0219,webcam,SYN-FACE-02,other,0.03360951089302404
SYN-W-0219,webcam,SYN-FACE-03,left_eye,0.3286990278691318
SYN-W-0219,webcam,SYN-FACE-03,right_eye,0.22765161534059083
SYN-W-0219,webcam,SYN-FACE-03,nose,0.2355471349274444
SYN-W-0219,webcam,SYN-FACE-03,mouth,0.20810222186283295
SYN-W-0219,webcam,SYN-FACE-03,other,0.0
SYN-W-0220,webcam,SYN-FACE-01,left_eye,0.4318123275929012
SYN-W-0220,webcam,SYN-FACE-01,right_eye,0.19474331421637678
SYN-W-0220,webcam,SYN-FACE-01,nose,0.2258395041419871
SYN-W-0220,webcam,SYN-FACE-01,mouth,0.11475776090054338
SYN-W-0220,webcam,SYN-FACE-01,other,0.03284709314819152
SYN-W-0220,webcam,SYN-FACE-02,left_eye,0.13642880634037294
SYN-W-0220,webcam,SYN-FACE-02,right_eye,0.2806330167665556
SYN-W-0220,webcam,SYN-FACE-02,nose,0.24095899970877288
SYN-W-0220,webcam,SYN-FACE-02,mouth,0.29525576598101183
SYN-W-0220,webcam,SYN-FACE-02,other,0.04672341120328681
SYN-W-0220,webcam,SYN-FACE-03,left_eye,0.48135552376931634
SYN-W-0220,webcam,SYN-FACE-03,right_eye,0.0900318817124444
SYN-W-0220,webcam,SYN-FACE-03,nose,0.20645565704147048
SYN-W-0220,webcam,SYN-FACE-03,mouth,0.16083289718458588
SYN-W-0220,webcam,SYN-FACE-03,other,0.06132404029218292
SYN-W-0221,webcam,SYN-FACE-01,left_eye,0.3373966486303123
SYN-W-0221,webcam,SYN-FACE-01,right_eye,0.3686725548124801
SYN-W-0221,webcam,SYN-FACE-01,nose,0.15498771544877699
SYN-W-0221,webcam,SYN-FACE-01,mouth,0.08732797113570634
SYN-W-0221,webcam,SYN-FACE-01,other,0.051615109972724296
SYN-W-0221,webcam,SYN-FACE-02,left_eye,0.1630234745744336
SYN-W-0221,webcam,SYN-FACE-02,right_eye,0.08780689317987585
SYN-W-0221,webcam,SYN-FACE-02,nose,0.2564858861882411
SYN-W-0221,webcam,SYN-FACE-02,mouth,0.39965893831778304
SYN-W-0221,webcam,SYN-FACE-02,other,0.09302480773966637
SYN-W-0221,webcam,SYN-FACE-03,left_eye,0.2043270821330694
SYN-W-0221,webcam,SYN-FACE-03,right_eye,0.2386625373512908
SYN-W-0221,webcam,SYN-FACE-03,nose,0.36355101380245725
SYN-W-0221,webcam,SYN-FACE-03,mouth,0.19345936671318253
SYN-W-0221,webcam,SYN-FACE-03,other,0.0
SYN-W-0222,webcam,SYN-FACE-01,left_eye,0.33054122011326753
SYN-W-0222,webcam,SYN-FACE-01,right_eye,0.17558252876411715
SYN-W-0222,webcam,SYN-FACE-01,nose,0.18203404862750963
SYN-W-0222,webcam,SYN-FACE-01,mouth,0.23720581777237723
SYN-W-0222,webcam,SYN-FACE-01,other,0.07463638472272849
SYN-W-0222,webcam,SYN-FACE-02,left_eye,0.018578227541281037
SYN-W-0222,webcam,SYN-FACE-02,right_eye,0.0
SYN-W-0222,webcam,SYN-FACE-02,nose,0.3343055223538301
SYN-W-0222,webcam,SYN-FACE-02,mouth,0.6246457671333685
SYN-W-0222,webcam,SYN-FACE-02,other,0.02247048297152036
SYN-W-0222,webcam,SYN-FACE-03,left_eye,0.3712816921215368
SYN-W-0222,webcam,SYN-FACE-03,right_eye,0.12263051748814893
SYN-W-0222,webcam,SYN-FACE-03,nose,0.14751186901459842
SYN-W-0222,webcam,SYN-FACE-03,mouth,0.3063869717420822
SYN-W-0222,webcam,SYN-FACE-03,other,0.05218894963363373
SYN-W-0223,webcam,SYN-FACE-01,left_eye,0.22198430817950265
SYN-W-0223,webcam,SYN-FACE-01,right_eye,0.4084335075580815
SYN-W-0223,webcam,SYN-FACE-01,nose,0.24499262412360825
SYN-W-0223,webcam,SYN-FACE-01,mouth,0.12458956013880751
SYN-W-0223,webcam,SYN-FACE-01,other,0.0
SYN-W-0223,webcam,SYN-FACE-02,left_eye,0.4320058379865316
SYN-W-0223,webcam,SYN-FACE-02,right_eye,0.15420301669698028
SYN-W-0223,webcam,SYN-FACE-02,nose,0.1594138261357484
SYN-W-0223,webcam,SYN-FACE-02,mouth,0.1157253525385664
SYN-W-0223,webcam,SYN-FACE-02,other,0.13865196664217333
SYN-W-0223,webcam,SYN-FACE-03,left_eye,0.22185286015182093
SYN-W-0223,webcam,SYN-FACE-03,right_eye,0.23978071676353052
SYN-W-0223,webcam,SYN-FACE-03,nose,0.2301584722487849
SYN-W-0223,webcam,SYN-FACE-03,mouth,0.17188031427811776
SYN-W-0223,webcam,SYN-FACE-03,other,0.13632763655774596
SYN-W-0224,webcam,SYN-FACE-01,left_eye,0.2020432886052574
SYN-W-0224,webcam,SYN-FACE-01,right_eye,0.37876990746144734
SYN-W-0224,webcam,SYN-FACE-01,nose,0.24094840067171894
SYN-W-0224,webcam,SYN-FACE-01,mouth,0.14286389739385424
SYN-W-0224,webcam,SYN-FACE-01,other,0.03537450586772217
SYN-W-0224,webcam,SYN-FACE-02,left_eye,0.12951225247312473
SYN-W-0224,webcam,SYN-FACE-02,right_eye,0.23310004288769795
SYN-W-0224,webcam,SYN-FACE-02,nose,0.18370151979973992
SYN-W-0224,webcam,SYN-FACE-02,mouth,0.16553308192827465
SYN-W-0224,webcam,SYN-FACE-02,other,0.2881531029111628
SYN-W-0224,webcam,SYN-FACE-03,left_eye,0.3934704957708383
SYN-W-0224,webcam,SYN-FACE-03,right_eye,0.22476861194493775
SYN-W-0224,webcam,SYN-FACE-03,nose,0.1160680292498925
SYN-W-0224,webcam,SYN-FACE-03,mouth,0.26569286303433154
SYN-W-0224,webcam,SYN-FACE-03,other,0.0
SYN-W-0225,webcam,SYN-FACE-01,left_eye,0.17965476416577456
SYN-W-0225,webcam,SYN-FACE-01,right_eye,0.2888533524772896
SYN-W-0225,webcam,SYN-FACE-01,nose,0.1816411662952182
SYN-W-0225,webcam,SYN-FACE-01,mouth,0.3148252432453269
SYN-W-0225,webcam,SYN-FACE-01,other,0.03502547381639081
SYN-W-0225,webcam,SYN-FACE-02,left_eye,0.09387343653488409
SYN-W-0225,webcam,SYN-FACE-02,right_eye,0.2921261974056027
SYN-W-0225,webcam,SYN-FACE-02,nose,0.04948649140302486
SYN-W-0225,webcam,SYN-FACE-02,mouth,0.4333283578284926
SYN-W-0225,webcam,SYN-FACE-02,other,0.1311855168279958
SYN-W-0225,webcam,SYN-FACE-03,left_eye,0.4996717359282342
SYN-W-0225,webcam,SYN-FACE-03,right_eye,0.12304311480828711
SYN-W-0225,webcam,SYN-FACE-03,nose,0.1492011641171134
SYN-W-0225,webcam,SYN-FACE-03,mouth,0.1361927023607095
SYN-W-0225,webcam,SYN-FACE-03,other,0.09189128278565573
SYN-W-0226,webcam,SYN-FACE-01,left_eye,0.26629769588715657
SYN-W-0226,webcam,SYN-FACE-01,right_eye,0.3607555627845607
SYN-W-0226,webcam,SYN-FACE-01,nose,0.14710051741746522
SYN-W-0226,webcam,SYN-FACE-01,mouth,0.17855827513970304
SYN-W-0226,webcam,SYN-FACE-01,other,0.047287948771114446
SYN-W-0226,webcam,SYN-FACE-02,left_eye,0.2434818366053762
SYN-W-0226,webcam,SYN-FACE-02,right_eye,0.2359362705861718
SYN-W-0226,webcam,SYN-FACE-02,nose,0.2614966840210368
SYN-W-0226,webcam,SYN-FACE-02,mouth,0.23184544794382425
SYN-W-0226,webcam,SYN-FACE-02,other,0.027239760843590984
SYN-W-0226,webcam,SYN-FACE-03,left_eye,0.2495373993955339
SYN-W-0226,webcam,SYN-FACE-03,right_eye,0.1379176841223067
SYN-W-0226,webcam,SYN-FACE-03,nose,0.13540473845666592
SYN-W-0226,webcam,SYN-FACE-03,mouth,0.40203396734697455
SYN-W-0226,webcam,SYN-FACE-03,other,0.075106210678519
SYN-W-0227,webcam,SYN-FACE-01,left_eye,0.09370882818712696
SYN-W-0227,webcam,SYN-FACE-01,right_eye,0.5257066795761843
SYN-W-0227,webcam,SYN-FACE-01,nose,0.28625823627072394
SYN-W-0227,webcam,SYN-FACE-01,mouth,0.09432625596596483
SYN-W-0227,webcam,SYN-FACE-01,other,0.0
SYN-W-0227,webcam,SYN-FACE-02,left_eye,0.1163448614229506
SYN-W-0227,webcam,SYN-FACE-02,right_eye,0.0
SYN-W-0227,webcam,SYN-FACE-02,nose,0.30702382544198875
SYN-W-0227,webcam,SYN-FACE-02,mouth,0.35716589525406395
SYN-W-0227,webcam,SYN-FACE-02,other,0.2194654178809968
SYN-W-0227,webcam,SYN-FACE-03,left_eye,0.29267990508600106
SYN-W-0227,webcam,SYN-FACE-03,right_eye,0.2531795054566052
SYN-W-0227,webcam,SYN-FACE-03,nose,0.11267770202250624
SYN-W-0227,webcam,SYN-FACE-03,mouth,0.22327041216844182
SYN-W-0227,webcam,SYN-FACE-03,other,0.11819247526644563
SYN-W-0228,webcam,SYN-FACE-01,left_eye,0.37387013241588396
SYN-W-0228,webcam,SYN-FACE-01,right_eye,0.08051283146470678
SYN-W-0228,webcam,SYN-FACE-01,nose,0.26087691810347197
SYN-W-0228,webcam,SYN-FACE-01,mouth,0.1534279115212825
SYN-W-0228,webcam,SYN-FACE-01,other,0.13131220649465486
SYN-W-0228,webcam,SYN-FACE-02,left_eye,0.14685943707248603
SYN-W-0228,webcam,SYN-FACE-02,right_eye,0.331454876519796
SYN-W-0228,webcam,SYN-FACE-02,nose,0.15092630106788227
SYN-W-0228,webcam,SYN-FACE-02,mouth,0.24433105957114049
SYN-W-0228,webcam,SYN-FACE-02,other,0.12642832576869517
SYN-W-0228,webcam,SYN-FACE-03,left_eye,0.16632227437797983
SYN-W-0228,webcam,SYN-FACE-03,right_eye,0.3665446074612563
SYN-W-0228,webcam,SYN-FACE-03,nose,0.15374159121508157
SYN-W-0228,webcam,SYN-FACE-03,mouth,0.3133915269456824
SYN-W-0228,webcam,SYN-FACE-03,other,0.0
SYN-W-0229,webcam,SYN-FACE-01,left_eye,0.30248665732688784
SYN-W-0229,webcam,SYN-FACE-01,right_eye,0.23566128302886682
SYN-W-0229,webcam,SYN-FACE-01,nose,0.23028428626719377
SYN-W-0229,webcam,SYN-FACE-01,mouth,0.0449542828868889
SYN-W-0229,webcam,SYN-FACE-01,other,0.18661349049016263
SYN-W-0229,webcam,SYN-FACE-02,left_eye,0.2769950006096296
SYN-W-0229,webcam,SYN-FACE-02,right_eye,0.2566259715462666
SYN-W-0229,webcam,SYN-FACE-02,nose,0.17342525077134177
SYN-W-0229,webcam,SYN-FACE-02,mouth,0.18567247213054197
SYN-W-0229,webcam,SYN-FACE-02,other,0.10728130494222002
SYN-W-0229,webcam,SYN-FACE-03,left_eye,0.14552110949483926
SYN-W-0229,webcam,SYN-FACE-03,right_eye,0.14964165564939713
SYN-W-0229,webcam,SYN-FACE-03,nose,0.1249261550485221
SYN-W-0229,webcam,SYN-FACE-03,mouth,0.44469959579584345
SYN-W-0229,webcam,SYN-FACE-03,other,0.13521148401139804
SYN-W-0230,webcam,SYN-FACE-01,left_eye,0.13166821468968434
SYN-W-0230,webcam,SYN-FACE-01,right_eye,0.23204930496688256
SYN-W-0230,webcam,SYN-FACE-01,nose,0.20211369578612148
SYN-W-0230,webcam,SYN-FACE-01,mouth,0.2706625304249024
SYN-W-0230,webcam,SYN-FACE-01,other,0.1635062541324092
SYN-W-0230,webcam,SYN-FACE-02,left_eye,0.10309713534230254
SYN-W-0230,webcam,SYN-FACE-02,right_eye,0.3508563095760444
SYN-W-0230,webcam,SYN-FACE-02,nose,0.19165568451975865
SYN-W-0230,webcam,SYN-FACE-02,mouth,0.31495380321489147
SYN-W-0230,webcam,SYN-FACE-02,other,0.03943706734700297
SYN-W-0230,webcam,SYN-FACE-03,left_eye,0.42430167680291403
SYN-W-0230,webcam,SYN-FACE-03,right_eye,0.2645168603800422
SYN-W-0230,webcam,SYN-FACE-03,nose,0.1939223645601986
SYN-W-0230,webcam,SYN-FACE-03,mouth,0.05765073977653606
SYN-W-0230,webcam,SYN-FACE-03,other,0.059608358480309154
SYN-W-0231,webcam,SYN-FACE-01,left_eye,0.23095984006882933
SYN-W-0231,webcam,SYN-FACE-01,right_eye,0.1848930743486662
SYN-W-0231,webcam,SYN-FACE-01,nose,0.12835985176131318
SYN-W-0231,webcam,SYN-FACE-01,mouth,0.34477862625723626
SYN-W-0231,webcam,SYN-FACE-01,other,0.11100860756395499
SYN-W-0231,webcam,SYN-FACE-02,left_eye,0.2489282461782313
SYN-W-0231,webcam,SYN-FACE-02,right_eye,0.24144054133009682
SYN-W-0231,webcam,SYN-FACE-02,nose,0.30941229871160436
SYN-W-0231,webcam,SYN-FACE-02,mouth,0.2002189137800675
SYN-W-0231,webcam,SYN-FACE-02,other,0.0
SYN-W-0231,webcam,SYN-FACE-03,left_eye,0.16973148990950554
SYN-W-0231,webcam,SYN-FACE-03,right_eye,0.2066123900812132
SYN-W-0231,webcam,SYN-FACE-03,nose,0.2594120209153156
SYN-W-0231,webcam,SYN-FACE-03,mouth,0.292981564478697
SYN-W-0231,webcam,SYN-FACE-03,other,0.07126253461526864
SYN-W-0232,webcam,SYN-FACE-01,left_eye,0.23546588159902043
SYN-W-0232,webcam,SYN-FACE-01,right_eye,0.360383056869642
SYN-W-0232,webcam,SYN-FACE-01,nose,0.03044309036002934
SYN-W-0232,webcam,SYN-FACE-01,mouth,0.2532398339091621
SYN-W-0232,webcam,SYN-FACE-01,other,0.12046813726214618
SYN-W-0232,webcam,SYN-FACE-02,left_eye,0.2623222537959308
SYN-W-0232,webcam,SYN-FACE-02,right_eye,0.16500259463278755
SYN-W-0232,webcam,SYN-FACE-02,nose,0.09991647893563525
SYN-W-0232,webcam,SYN-FACE-02,mouth,0.29844689033195276
SYN-W-0232,webcam,SYN-FACE-02,other,0.17431178230369357
SYN-W-0232,webcam,SYN-FACE-03,left_eye,0.24626267556502732
SYN-W-0232,webcam,SYN-FACE-03,right_eye,0.28632355121490044
SYN-W-0232,webcam,SYN-FACE-03,nose,0.1625238371588818
SYN-W-0232,webcam,SYN-FACE-03,mouth,0.0912117840453451
SYN-W-0232,webcam,SYN-FACE-03,other,0.2136781520158454
SYN-W-0233,webcam,SYN-FACE-01,left_eye,0.2285658392432034
SYN-W-0233,webcam,SYN-FACE-01,right_eye,0.18230183112425663
SYN-W-0233,webcam,SYN-FACE-01,nose,0.21835777132912013
SYN-W-0233,webcam,SYN-FACE-01,mouth,0.30634715046696764
SYN-W-0233,webcam,SYN-FACE-01,other,0.06442740783645225
SYN-W-0233,webcam,SYN-FACE-02,left_eye,0.28327691605076416
SYN-W-0233,webcam,SYN-FACE-02,right_eye,0.08846965092118578
SYN-W-0233,webcam,SYN-FACE-02,nose,0.1785428120757964
SYN-W-0233,webcam,SYN-FACE-02,mouth,0.4497106209522537
SYN-W-0233,webcam,SYN-FACE-02,other,0.0
SYN-W-0233,webcam,SYN-FACE-03,left_eye,0.2736392820027744
SYN-W-0233,webcam,SYN-FACE-03,right_eye,0.1686709347491165
SYN-W-0233,webcam,SYN-FACE-03,nose,0.270933249702663
SYN-W-0233,webcam,SYN-FACE-03,mouth,0.24001534002266828
SYN-W-0233,webcam,SYN-FACE-03,other,0.046741193522777814
SYN-W-0234,webcam,SYN-FACE-01,left_eye,0.25245369985688115
SYN-W-0234,webcam,SYN-FACE-01,right_eye,0.3144647321420469
SYN-W-0234,webcam,SYN-FACE-01,nose,0.10512577311443329
SYN-W-0234,webcam,SYN-FACE-01,mouth,0.2724597473958597
SYN-W-0234,webcam,SYN-FACE-01,other,0.055496047490778945
SYN-W-0234,webcam,SYN-FACE-02,left_eye,0.1849042444775619
SYN-W-0234,webcam,SYN-FACE-02,right_eye,0.21417361539328303
SYN-W-0234,webcam,SYN-FACE-02,nose,0.07787642673088248
SYN-W-0234,webcam,SYN-FACE-02,mouth,0.3282291142688696
SYN-W-0234,webcam,SYN-FACE-02,other,0.19481659912940305
SYN-W-0234,webcam,SYN-FACE-03,left_eye,0.2768728075692716
SYN-W-0234,webcam,SYN-FACE-03,right_eye,0.3390951300714657
SYN-W-0234,webcam,SYN-FACE-03,nose,0.15681390159572123
SYN-W-0234,webcam,SYN-FACE-03,mouth,0.11218809958313931
SYN-W-0234,webcam,SYN-FACE-03,other,0.1150300611804022
SYN-W-0235,webcam,SYN-FACE-01,left_eye,0.30552365462490205
SYN-W-0235,webcam,SYN-FACE-01,right_eye,0.2109774620395573
SYN-W-0235,webcam,SYN-FACE-01,nose,0.19157889350158655
SYN-W-0235,webcam,SYN-FACE-01,mouth,0.11844096602017623
SYN-W-0235,webcam,SYN-FACE-01,other,0.1734790238137779
SYN-W-0235,webcam,SYN-FACE-02,left_eye,0.2792607233641038
SYN-W-0235,webcam,SYN-FACE-02,right_eye,0.14112019746917864
SYN-W-0235,webcam,SYN-FACE-02,nose,0.24187671324630153
SYN-W-0235,webcam,SYN-FACE-02,mouth,0.21291221106081332
SYN-W-0235,webcam,SYN-FACE-02,other,0.1248301548596027
SYN-W-0235,webcam,SYN-FACE-03,left_eye,0.3632372835631281
SYN-W-0235,webcam,SYN-FACE-03,right_eye,0.14913916526846605
SYN-W-0235,webcam,SYN-FACE-03,nose,0.09876781734755494
SYN-W-0235,webcam,SYN-FACE-03,mouth,0.30020532676770534
SYN-W-0235,webcam,SYN-FACE-03,other,0.08865040705314553
SYN-W-0236,webcam,SYN-FACE-01,left_eye,0.19102579660674815
SYN-W-0236,webcam,SYN-FACE-01,right_eye,0.30777023507108253
SYN-W-0236,webcam,SYN-FACE-01,nose,0.25412458587947023
SYN-W-0236,webcam,SYN-FACE-01,mouth,0.1988183508328971
SYN-W-0236,webcam,SYN-FACE-01,other,0.04826103160980194
SYN-W-0236,webcam,SYN-FACE-02,left_eye,0.3066372859198635
SYN-W-0236,webcam,SYN-FACE-02,right_eye,0.2580887296677227
SYN-W-0236,webcam,SYN-FACE-02,nose,0.06391875240979618
SYN-W-0236,webcam,SYN-FACE-02,mouth,0.2395067584836175
SYN-W-0236,webcam,SYN-FACE-02,other,0.13184847351900003
SYN-W-0236,webcam,SYN-FACE-03,left_eye,0.3694559149565581
SYN-W-0236,webcam,SYN-FACE-03,right_eye,0.33146159289748633
SYN-W-0236,webcam,SYN-FACE-03,nose,0.22310935801201964
SYN-W-0236,webcam,SYN-FACE-03,mouth,0.05060326517945476
SYN-W-0236,webcam,SYN-FACE-03,other,0.025369868954481074
SYN-W-0237,webcam,SYN-FACE-01,left_eye,0.24199266861645113
SYN-W-0237,webcam,SYN-FACE-01,right_eye,0.1097441645408524
SYN-W-0237,webcam,SYN-FACE-01,nose,0.3584498162389545
SYN-W-0237,webcam,SYN-FACE-01,mouth,0.17277989501276864
SYN-W-0237,webcam,SYN-FACE-01,other,0.11703345559097338
SYN-W-0237,webcam,SYN-FACE-02,left_eye,0.1294816933067514
SYN-W-0237,webcam,SYN-FACE-02,right_eye,0.31236606722482424
SYN-W-0237,webcam,SYN-FACE-02,nose,0.07726444314541779
SYN-W-0237,webcam,SYN-FACE-02,mouth,0.4808877963230066
SYN-W-0237,webcam,SYN-FACE-02,other,0.0
SYN-W-0237,webcam,SYN-FACE-03,left_eye,0.31095905039398547
SYN-W-0237,webcam,SYN-FACE-03,right_eye,0.24935115326962423
SYN-W-0237,webcam,SYN-FACE-03,nose,0.14437980007698092
SYN-W-0237,webcam,SYN-FACE-03,mouth,0.20978715368851036
SYN-W-0237,webcam,SYN-FACE-03,other,0.0855228425708989
SYN-W-0238,webcam,SYN-FACE-01,left_eye,0.17997337143163866
SYN-W-0238,webcam,SYN-FACE-01,right_eye,0.34970114268887176
SYN-W-0238,webcam,SYN-FACE-01,nose,0.18757609464593167
SYN-W-0238,webcam,SYN-FACE-01,mouth,0.16669702778204856
SYN-W-0238,webcam,SYN-FACE-01,other,0.11605236345150936
SYN-W-0238,webcam,SYN-FACE-02,left_eye,0.31787094159164675
SYN-W-0238,webcam,SYN-FACE-02,right_eye,0.2816920640699366
SYN-W-0238,webcam,SYN-FACE-02,nose,0.100686003202974
SYN-W-0238,webcam,SYN-FACE-02,mouth,0.15272236422078297
SYN-W-0238,webcam,SYN-FACE-02,other,0.14702862691465973
SYN-W-0238,webcam,SYN-FACE-03,left_eye,0.360882369220276
SYN-W-0238,webcam,SYN-FACE-03,right_eye,0.1654732757836767
SYN-W-0238,webcam,SYN-FACE-03,nose,0.2673186365753152
SYN-W-0238,webcam,SYN-FACE-03,mouth,0.08732929152622167
SYN-W-0238,webcam,SYN-FACE-03,other,0.11899642689451038
SYN-W-0239,webcam,SYN-FACE-01,left_eye,0.2594257492439794
SYN-W-0239,webcam,SYN-FACE-01,right_eye,0.10409398452268027
SYN-W-0239,webcam,SYN-FACE-01,nose,0.08975745796303472
SYN-W-0239,webcam,SYN-FACE-01,mouth,0.4817927437082967
SYN-W-0239,webcam,SYN-FACE-01,other,0.06493006456200891
SYN-W-0239,webcam,SYN-FACE-02,left_eye,0.23351258808443118
SYN-W-0239,webcam,SYN-FACE-02,right_eye,0.05434974752994095
SYN-W-0239,webcam,SYN-FACE-02,nose,0.17404232541082112
SYN-W-0239,webcam,SYN-FACE-02,mouth,0.4561362585984779
SYN-W-0239,webcam,SYN-FACE-02,other,0.08195908037632889
SYN-W-0239,webcam,SYN-FACE-03,left_eye,0.3907391552216332
SYN-W-0239,webcam,SYN-FACE-03,right_eye,0.10504339612710012
SYN-W-0239,webcam,SYN-FACE-03,nose,0.15402988621947988
SYN-W-0239,webcam,SYN-FACE-03,mouth,0.294284847247651
SYN-W-0239,webcam,SYN-FACE-03,other,0.055902715184135705
SYN-W-0240,webcam,SYN-FACE-01,left_eye,0.2931709414290193
SYN-W-0240,webcam,SYN-FACE-01,right_eye,0.35717587020470276
SYN-W-0240,webcam,SYN-FACE-01,nose,0.03165189307442844
SYN-W-0240,webcam,SYN-FACE-01,mouth,0.16126357523198956
SYN-W-0240,webcam,SYN-FACE-01,other,0.15673772005985986
SYN-W-0240,webcam,SYN-FACE-02,left_eye,0.060699753475829336
SYN-W-0240,webcam,SYN-FACE-02,right_eye,0.3857957140966377
SYN-W-0240,webcam,SYN-FACE-02,nose,0.1902337932486468
SYN-W-0240,webcam,SYN-FACE-02,mouth,0.2969928712463473
SYN-W-0240,webcam,SYN-FACE-02,other,0.0662778679325388
SYN-W-0240,webcam,SYN-FACE-03,left_eye,0.28538066568891424
SYN-W-0240,webcam,SYN-FACE-03,right_eye,0.2672443497018718
SYN-W-0240,webcam,SYN-FACE-03,nose,0.1789183385894902
SYN-W-0240,webcam,SYN-FACE-03,mouth,0.0898317912255016
SYN-W-0240,webcam,SYN-FACE-03,other,0.17862485479422222
SYN-W-0241,webcam,SYN-FACE-01,left_eye,0.4854324072419365
SYN-W-0241,webcam,SYN-FACE-01,right_eye,0.18411785480941917
SYN-W-0241,webcam,SYN-FACE-01,nose,0.1458657157812317
SYN-W-0241,webcam,SYN-FACE-01,mouth,0.10701076359706851
SYN-W-0241,webcam,SYN-FACE-01,other,0.07757325857034408
SYN-W-0241,webcam,SYN-FACE-02,left_eye,0.23173356597162445
SYN-W-0241,webcam,SYN-FACE-02,right_eye,0.2238566673663906
SYN-W-0241,webcam,SYN-FACE-02,nose,0.12659383863496104
SYN-W-0241,webcam,SYN-FACE-02,mouth,0.37722314131840873
SYN-W-0241,webcam,SYN-FACE-02,other,0.040592786708615124
SYN-W-0241,webcam,SYN-FACE-03,left_eye,0.331287605583691
SYN-W-0241,webcam,SYN-FACE-03,right_eye,0.2128690155095786
SYN-W-0241,webcam,SYN-FACE-03,nose,0.27749224468752126
SYN-W-0241,webcam,SYN-FACE-03,mouth,0.13586362029988142
SYN-W-0241,webcam,SYN-FACE-03,other,0.04248751391932763
SYN-W-0242,webcam,SYN-FACE-01,left_eye,0.08107585633348229
SYN-W-0242,webcam,SYN-FACE-01,right_eye,0.4033200571966866
SYN-W-0242,webcam,SYN-FACE-01,nose,0.31553500957677233
SYN-W-0242,webcam,SYN-FACE-01,mouth,0.1392364821214606
SYN-W-0242,webcam,SYN-FACE-01,other,0.060832594771598254
SYN-W-0242,webcam,SYN-FACE-02,left_eye,0.045460747849663447
SYN-W-0242,webcam,SYN-FACE-02,right_eye,0.19354032167706595
SYN-W-0242,webcam,SYN-FACE-02,nose,0.2682692519476604
SYN-W-0242,webcam,SYN-FACE-02,mouth,0.2618694815628732
SYN-W-0242,webcam,SYN-FACE-02,other,0.230860196962737
SYN-W-0242,webcam,SYN-FACE-03,left_eye,0.28992019568935734
SYN-W-0242,webcam,SYN-FACE-03,right_eye,0.11336574886555212
SYN-W-0242,webcam,SYN-FACE-03,nose,0.14982379180383779
SYN-W-0242,webcam,SYN-FACE-03,mouth,0.2744130196803427
SYN-W-0242,webcam,SYN-FACE-03,other,0.17247724396091
SYN-W-0243,webcam,SYN-FACE-01,left_eye,0.19767735772939055
SYN-W-0243,webcam,SYN-FACE-01,right_eye,0.41537514223181354
SYN-W-0243,webcam,SYN-FACE-01,nose,0.12923292008366413
SYN-W-0243,webcam,SYN-FACE-01,mouth,0.20326066058368403
SYN-W-0243,webcam,SYN-FACE-01,other,0.05445391937144772
SYN-W-0243,webcam,SYN-FACE-02,left_eye,0.23300661238903175
SYN-W-0243,webcam,SYN-FACE-02,right_eye,0.1941871083563381
SYN-W-0243,webcam,SYN-FACE-02,nose,0.2732606614370899
SYN-W-0243,webcam,SYN-FACE-02,mouth,0.2663450675576054
SYN-W-0243,webcam,SYN-FACE-02,other,0.03320055025993486
SYN-W-0243,webcam,SYN-FACE-03,left_eye,0.22885885262116443
SYN-W-0243,webcam,SYN-FACE-03,right_eye,0.39557397500527525
SYN-W-0243,webcam,SYN-FACE-03,nose,0.23049739617670112
SYN-W-0243,webcam,SYN-FACE-03,mouth,0.02632705002074222
SYN-W-0243,webcam,SYN-FACE-03,other,0.1187427261761169
SYN-W-0244,webcam,SYN-FACE-01,left_eye,0.1755656143609817
SYN-W-0244,webcam,SYN-FACE-01,right_eye,0.10626885736934964
SYN-W-0244,webcam,SYN-FACE-01,nose,0.34069124921149035
SYN-W-0244,webcam,SYN-FACE-01,mouth,0.25024225774583425
SYN-W-0244,webcam,SYN-FACE-01,other,0.12723202131234407
SYN-W-0244,webcam,SYN-FACE-02,left_eye,0.1240296537582073
SYN-W-0244,webcam,SYN-FACE-02,right_eye,0.33705907083327125
SYN-W-0244,webcam,SYN-FACE-02,nose,0.11725772217076086
SYN-W-0244,webcam,SYN-FACE-02,mouth,0.3052573820002173
SYN-W-0244,webcam,SYN-FACE-02,other,0.11639617123754328
SYN-W-0244,webcam,SYN-FACE-03,left_eye,0.20252066429428225
SYN-W-0244,webcam,SYN-FACE-03,right_eye,0.2700900544750518
SYN-W-0244,webcam,SYN-FACE-03,nose,0.11506457424043633
SYN-W-0244,webcam,SYN-FACE-03,mouth,0.4123247069902296
SYN-W-0244,webcam,SYN-FACE-03,other,0.0
SYN-W-0245,webcam,SYN-FACE-01,left_eye,0.20438553613499025
SYN-W-0245,webcam,SYN-FACE-01,right_eye,0.44852512096741154
SYN-W-0245,webcam,SYN-FACE-01,nose,0.11475181325699893
SYN-W-0245,webcam,SYN-FACE-01,mouth,0.1367149545276874
SYN-W-0245,webcam,SYN-FACE-01,other,0.09562257511291189
SYN-W-0245,webcam,SYN-FACE-02,left_eye,0.11214715934330503
SYN-W-0245,webcam,SYN-FACE-02,right_eye,0.488097193465174
SYN-W-0245,webcam,SYN-FACE-02,nose,0.11877591123906338
SYN-W-0245,webcam,SYN-FACE-02,mouth,0.2809797359524576
SYN-W-0245,webcam,SYN-FACE-02,other,0.0
SYN-W-0245,webcam,SYN-FACE-03,left_eye,0.39009340770118306
SYN-W-0245,webcam,SYN-FACE-03,right_eye,0.11027716826315408
SYN-W-0245,webcam,SYN-FACE-03,nose,0.21455172604131112
SYN-W-0245,webcam,SYN-FACE-03,mouth,0.2000268257681504
SYN-W-0245,webcam,SYN-FACE-03,other,0.08505087222620131
SYN-W-0246,webcam,SYN-FACE-01,left_eye,0.1284479094073712
SYN-W-0246,webcam,SYN-FACE-01,right_eye,0.3391370779820703
SYN-W-0246,webcam,SYN-FACE-01,nose,0.21479271524884883
SYN-W-0246,webcam,SYN-FACE-01,mouth,0.31762229736170966
SYN-W-0246,webcam,SYN-FACE-01,other,0.0
SYN-W-0246,webcam,SYN-FACE-02,left_eye,0.3487369433882373
SYN-W-0246,webcam,SYN-FACE-02,right_eye,0.44175219347377764
SYN-W-0246,webcam,SYN-FACE-02,nose,0.023466958929692257
SYN-W-0246,webcam,SYN-FACE-02,mouth,0.06890091684329486
SYN-W-0246,webcam,SYN-FACE-02,other,0.11714298736499797
SYN-W-0246,webcam,SYN-FACE-03,left_eye,0.4183284743656469
SYN-W-0246,webcam,SYN-FACE-03,right_eye,0.34185192578171697
SYN-W-0246,webcam,SYN-FACE-03,nose,0.1632329080346796
SYN-W-0246,webcam,SYN-FACE-03,mouth,0.036394133550197834
SYN-W-0246,webcam,SYN-FACE-03,other,0.040192558267758666
SYN-W-0247,webcam,SYN-FACE-01,left_eye,0.17138878993372578
SYN-W-0247,webcam,SYN-FACE-01,right_eye,0.2847599934910945
SYN-W-0247,webcam,SYN-FACE-01,nose,0.16655226736555176
SYN-W-0247,webcam,SYN-FACE-01,mouth,0.2989425793692533
SYN-W-0247,webcam,SYN-FACE-01,other,0.07835636984037468
SYN-W-0247,webcam,SYN-FACE-02,left_eye,0.3117751595912493
SYN-W-0247,webcam,SYN-FACE-02,right_eye,0.14047098712035552
SYN-W-0247,webcam,SYN-FACE-02,nose,0.05680832141889607
SYN-W-0247,webcam,SYN-FACE-02,mouth,0.4136406689447558
SYN-W-0247,webcam,SYN-FACE-02,other,0.07730486292474327
SYN-W-0247,webcam,SYN-FACE-03,left_eye,0.2972872263488819
SYN-W-0247,webcam,SYN-FACE-03,right_eye,0.37257660981497226
SYN-W-0247,webcam,SYN-FACE-03,nose,0.06614599359922664
SYN-W-0247,webcam,SYN-FACE-03,mouth,0.17893959226296755
SYN-W-0247,webcam,SYN-FACE-03,other,0.0850505779739517
SYN-W-0248,webcam,SYN-FACE-01,left_eye,0.1565802583092301
SYN-W-0248,webcam,SYN-FACE-01,right_eye,0.19388388130348336
SYN-W-0248,webcam,SYN-FACE-01,nose,0.16579267694075772
SYN-W-0248,webcam,SYN-FACE-01,mouth,0.35407300226700655
SYN-W-0248,webcam,SYN-FACE-01,other,0.12967018117952228
SYN-W-0248,webcam,SYN-FACE-02,left_eye,0.3439459985805169
SYN-W-0248,webcam,SYN-FACE-02,right_eye,0.15939515827172723
SYN-W-0248,webcam,SYN-FACE-02,nose,0.17825134159528155
SYN-W-0248,webcam,SYN-FACE-02,mouth,0.28737224292713387
SYN-W-0248,webcam,SYN-FACE-02,other,0.03103525862534046
SYN-W-0248,webcam,SYN-FACE-03,left_eye,0.4712178051487584
SYN-W-0248,webcam,SYN-FACE-03,right_eye,0.12467406548492509
SYN-W-0248,webcam,SYN-FACE-03,nose,0.08455003872847167
SYN-W-0248,webcam,SYN-FACE-03,mouth,0.29021481816871264
SYN-W-0248,webcam,SYN-FACE-03,other,0.029343272469132268
SYN-W-0249,webcam,SYN-FACE-01,left_eye,0.2876230917078417
SYN-W-0249,webcam,SYN-FACE-01,right_eye,0.2603287873775201
SYN-W-0249,webcam,SYN-FACE-01,nose,0.2410005828934402
SYN-W-0249,webcam,SYN-FACE-01,mouth,0.032450681299293474
SYN-W-0249,webcam,SYN-FACE-01,other,0.17859685672190448
SYN-W-0249,webcam,SYN-FACE-02,left_eye,0.20814465415190314
SYN-W-0249,webcam,SYN-FACE-02,right_eye,0.05549698026204375
SYN-W-0249,webcam,SYN-FACE-02,nose,0.1755001375518955
SYN-W-0249,webcam,SYN-FACE-02,mouth,0.4821835144744242
SYN-W-0249,webcam,SYN-FACE-02,other,0.07867471355973345
SYN-W-0249,webcam,SYN-FACE-03,left_eye,0.24390217250014806
SYN-W-0249,webcam,SYN-FACE-03,right_eye,0.3010075976721106
SYN-W-0249,webcam,SYN-FACE-03,nose,0.09501443852721614
SYN-W-0249,webcam,SYN-FACE-03,mouth,0.314424532218138
SYN-W-0249,webcam,SYN-FACE-03,other,0.045651259082387236
SYN-W-0250,webcam,SYN-FACE-01,left_eye,0.29891548434170256
SYN-W-0250,webcam,SYN-FACE-01,right_eye,0.12722469936623193
SYN-W-0250,webcam,SYN-FACE-01,nose,0.21323433837007894
SYN-W-0250,webcam,SYN-FACE-01,mouth,0.2985335621048427
SYN-W-0250,webcam,SYN-FACE-01,other,0.06209191581714386
SYN-W-0250,webcam,SYN-FACE-02,left_eye,0.1423941882584254
SYN-W-0250,webcam,SYN-FACE-02,right_eye,0.2685899084571819
SYN-W-0250,webcam,SYN-FACE-02,nose,0.268875207890469
SYN-W-0250,webcam,SYN-FACE-02,mouth,0.27363376904472203
SYN-W-0250,webcam,SYN-FACE-02,other,0.04650692634920175
SYN-W-0250,webcam,SYN-FACE-03,left_eye,0.33656140102805887
SYN-W-0250,webcam,SYN-FACE-03,right_eye,0.26769062673460703
SYN-W-0250,webcam,SYN-FACE-03,nose,0.22276624120545163
SYN-W-0250,webcam,SYN-FACE-03,mouth,0.13917454188405767
SYN-W-0250,webcam,SYN-FACE-03,other,0.03380718914782486
SYN-W-0251,webcam,SYN-FACE-01,left_eye,0.47155596219210705
SYN-W-0251,webcam,SYN-FACE-01,right_eye,0.12653424562373078
SYN-W-0251,webcam,SYN-FACE-01,nose,0.21146145994114404
SYN-W-0251,webcam,SYN-FACE-01,mouth,0.14924595949534844
SYN-W-0251,webcam,SYN-FACE-01,other,0.041202372747669726
SYN-W-0251,webcam,SYN-FACE-02,left_eye,0.21189885889589577
SYN-W-0251,webcam,SYN-FACE-02,right_eye,0.18794296519796833
SYN-W-0251,webcam,SYN-FACE-02,nose,0.0593546252749217
SYN-W-0251,webcam,SYN-FACE-02,mouth,0.49520871290527846
SYN-W-0251,webcam,SYN-FACE-02,other,0.04559483772593569
SYN-W-0251,webcam,SYN-FACE-03,left_eye,0.21885610828515945
SYN-W-0251,webcam,SYN-FACE-03,right_eye,0.11840446228415835
SYN-W-0251,webcam,SYN-FACE-03,nose,0.17780572700435468
SYN-W-0251,webcam,SYN-FACE-03,mouth,0.4406534213986824
SYN-W-0251,webcam,SYN-FACE-03,other,0.04428028102764512
SYN-W-0252,webcam,SYN-FACE-01,left_eye,0.19519989630814943
SYN-W-0252,webcam,SYN-FACE-01,right_eye,0.2976226507711525
SYN-W-0252,webcam,SYN-FACE-01,nose,0.08686266402541139
SYN-W-0252,webcam,SYN-FACE-01,mouth,0.28626437965786034
SYN-W-0252,webcam,SYN-FACE-01,other,0.13405040923742625
SYN-W-0252,webcam,SYN-FACE-02,left_eye,0.23954714923396703
SYN-W-0252,webcam,SYN-FACE-02,right_eye,0.21779778060062138
SYN-W-0252,webcam,SYN-FACE-02,nose,0.325376604121287
SYN-W-0252,webcam,SYN-FACE-02,mouth,0.21727846604412457
SYN-W-0252,webcam,SYN-FACE-02,other,0.0
SYN-W-0252,webcam,SYN-FACE-03,left_eye,0.23938855114849805
SYN-W-0252,webcam,SYN-FACE-03,right_eye,0.14243630295914875
SYN-W-0252,webcam,SYN-FACE-03,nose,0.340570728533452
SYN-W-0252,webcam,SYN-FACE-03,mouth,0.23798323303544702
SYN-W-0252,webcam,SYN-FACE-03,other,0.039621184323454184
SYN-W-0253,webcam,SYN-FACE-01,left_eye,0.2936873596324647
SYN-W-0253,webcam,SYN-FACE-01,right_eye,0.2363115151193524
SYN-W-0253,webcam,SYN-FACE-01,nose,0.2841578834882723
SYN-W-0253,webcam,SYN-FACE-01,mouth,0.12462561099057161
SYN-W-0253,webcam,SYN-FACE-01,other,0.06121763076933898
SYN-W-0253,webcam,SYN-FACE-02,left_eye,0.13246796808934785
SYN-W-0253,webcam,SYN-FACE-02,right_eye,0.13329159465981855
SYN-W-0253,webcam,SYN-FACE-02,nose,0.40504611009627217
SYN-W-0253,webcam,SYN-FACE-02,mouth,0.27218026903536763
SYN-W-0253,webcam,SYN-FACE-02,other,0.057014058119193745
SYN-W-0253,webcam,SYN-FACE-03,left_eye,0.44098583158174065
SYN-W-0253,webcam,SYN-FACE-03,right_eye,0.2643255606918865
SYN-W-0253,webcam,SYN-FACE-03,nose,0.08604937524114249
SYN-W-0253,webcam,SYN-FACE-03,mouth,0.1412283899861049
SYN-W-0253,webcam,SYN-FACE-03,other,0.06741084249912552
SYN-W-0254,webcam,SYN-FACE-01,left_eye,0.17565630668988333
SYN-W-0254,webcam,SYN-FACE-01,right_eye,0.21549347537860294
SYN-W-0254,webcam,SYN-FACE-01,nose,0.3605130718831167
SYN-W-0254,webcam,SYN-FACE-01,mouth,0.19370815906133163
SYN-W-0254,webcam,SYN-FACE-01,other,0.05462898698706542
SYN-W-0254,webcam,SYN-FACE-02,left_eye,0.078590997957119
SYN-W-0254,webcam,SYN-FACE-02,right_eye,0.2459432420852069
SYN-W-0254,webcam,SYN-FACE-02,nose,0.03631618786321991
SYN-W-0254,webcam,SYN-FACE-02,mouth,0.5136144125289147
SYN-W-0254,webcam,SYN-FACE-02,other,0.12553515956553957
SYN-W-0254,webcam,SYN-FACE-03,left_eye,0.36628227735815394
SYN-W-0254,webcam,SYN-FACE-03,right_eye,0.2340410054512483
SYN-W-0254,webcam,SYN-FACE-03,nose,0.22682843122982643
SYN-W-0254,webcam,SYN-FACE-03,mouth,0.09274244734285059
SYN-W-0254,webcam,SYN-FACE-03,other,0.08010583861792067
SYN-W-0255,webcam,SYN-FACE-01,left_eye,0.20237786214040174
SYN-W-0255,webcam,SYN-FACE-01,right_eye,0.2152498966658187
SYN-W-0255,webcam,SYN-FACE-01,nose,0.27135457284947595
SYN-W-0255,webcam,SYN-FACE-01,mouth,0.16155184783882584
SYN-W-0255,webcam,SYN-FACE-01,other,0.14946582050547777
SYN-W-0255,webcam,SYN-FACE-02,left_eye,0.28828882989413135
SYN-W-0255,webcam,SYN-FACE-02,right_eye,0.10419113755059038
SYN-W-0255,webcam,SYN-FACE-02,nose,0.10533816971283817
SYN-W-0255,webcam,SYN-FACE-02,mouth,0.4630809936183251
SYN-W-0255,webcam,SYN-FACE-02,other,0.03910086922411504
SYN-W-0255,webcam,SYN-FACE-03,left_eye,0.3726309386612724
SYN-W-0255,webcam,SYN-FACE-03,right_eye,0.020351079064788464
SYN-W-0255,webcam,SYN-FACE-03,nose,0.2413573338347209
SYN-W-0255,webcam,SYN-FACE-03,mouth,0.26842123174650695
SYN-W-0255,webcam,SYN-FACE-03,other,0.09723941669271126
SYN-W-0256,webcam,SYN-FACE-01,left_eye,0.20778345426059758
SYN-W-0256,webcam,SYN-FACE-01,right_eye,0.10744097130347795
SYN-W-0256,webcam,SYN-FACE-01,nose,0.05823753022570101
SYN-W-0256,webcam,SYN-FACE-01,mouth,0.5100649345105966
SYN-W-0256,webcam,SYN-FACE-01,other,0.1164731096996269
SYN-W-0256,webcam,SYN-FACE-02,left_eye,0.18866120112892967
SYN-W-0256,webcam,SYN-FACE-02,right_eye,0.13502631191295444
SYN-W-0256,webcam,SYN-FACE-02,nose,0.16154719425327219
SYN-W-0256,webcam,SYN-FACE-02,mouth,0.4652452667412252
SYN-W-0256,webcam,SYN-FACE-02,other,0.0495200259636185
SYN-W-0256,webcam,SYN-FACE-03,left_eye,0.33666182548725965
SYN-W-0256,webcam,SYN-FACE-03,right_eye,0.2439279514736331
SYN-W-0256,webcam,SYN-FACE-03,nose,0.07613137531225127
SYN-W-0256,webcam,SYN-FACE-03,mouth,0.20530854996688358
SYN-W-0256,webcam,SYN-FACE-03,other,0.13797029775997244
SYN-W-0257,webcam,SYN-FACE-01,left_eye,0.1531505908721146
SYN-W-0257,webcam,SYN-FACE-01,right_eye,0.15566304727755834
SYN-W-0257,webcam,SYN-FACE-01,nose,0.35778086713598845
SYN-W-0257,webcam,SYN-FACE-01,mouth,0.2561210595508656
SYN-W-0257,webcam,SYN-FACE-01,other,0.07728443516347297
SYN-W-0257,webcam,SYN-FACE-02,left_eye,0.19436417316528748
SYN-W-0257,webcam,SYN-FACE-02,right_eye,0.13432332416043552
SYN-W-0257,webcam,SYN-FACE-02,nose,0.25212601694308895
SYN-W-0257,webcam,SYN-FACE-02,mouth,0.26563363325858397
SYN-W-0257,webcam,SYN-FACE-02,other,0.15355285247260408
SYN-W-0257,webcam,SYN-FACE-03,left_eye,0.3241758509977016
SYN-W-0257,webcam,SYN-FACE-03,right_eye,0.21755566534260434
SYN-W-0257,webcam,SYN-FACE-03,nose,0.09788627940738999
SYN-W-0257,webcam,SYN-FACE-03,mouth,0.25073762699002267
SYN-W-0257,webcam,SYN-FACE-03,other,0.10964457726228133
SYN-W-0258,webcam,SYN-FACE-01,left_eye,0.21099263390828588
SYN-W-0258,webcam,SYN-FACE-01,right_eye,0.08610148947764225
SYN-W-0258,webcam,SYN-FACE-01,nose,0.34272958261871794
SYN-W-0258,webcam,SYN-FACE-01,mouth,0.30944986774891076
SYN-W-0258,webcam,SYN-FACE-01,other,0.050726426246443135
SYN-W-0258,webcam,SYN-FACE-02,left_eye,0.10434148220656639
SYN-W-0258,webcam,SYN-FACE-02,right_eye,0.10218816107228675
SYN-W-0258,webcam,SYN-FACE-02,nose,0.2885047634062198
SYN-W-0258,webcam,SYN-FACE-02,mouth,0.3296761194719381
SYN-W-0258,webcam,SYN-FACE-02,other,0.175289473842989
SYN-W-0258,webcam,SYN-FACE-03,left_eye,0.46350651750848554
SYN-W-0258,webcam,SYN-FACE-03,right_eye,0.2830649440982444
SYN-W-0258,webcam,SYN-FACE-03,nose,0.1185943278190672
SYN-W-0258,webcam,SYN-FACE-03,mouth,0.03702722147547597
SYN-W-0258,webcam,SYN-FACE-03,other,0.0978069890987269
SYN-W-0259,webcam,SYN-FACE-01,left_eye,0.29473002324524794
SYN-W-0259,webcam,SYN-FACE-01,right_eye,0.2357609608651402
SYN-W-0259,webcam,SYN-FACE-01,nose,0.17774493164050204
SYN-W-0259,webcam,SYN-FACE-01,mouth,0.2917640842491097
SYN-W-0259,webcam,SYN-FACE-01,other,0.0
SYN-W-0259,webcam,SYN-FACE-02,left_eye,0.134478931547532
SYN-W-0259,webcam,SYN-FACE-02,right_eye,0.33041972240849404
SYN-W-0259,webcam,SYN-FACE-02,nose,0.24724973294236244
SYN-W-0259,webcam,SYN-FACE-02,mouth,0.21869644654613254
SYN-W-0259,webcam,SYN-FACE-02,other,0.06915516655547904
SYN-W-0259,webcam,SYN-FACE-03,left_eye,0.34686178778679416
SYN-W-0259,webcam,SYN-FACE-03,right_eye,0.23362212561276574
SYN-W-0259,webcam,SYN-FACE-03,nose,0.14454476337953406
SYN-W-0259,webcam,SYN-FACE-03,mouth,0.1755577983839646
SYN-W-0259,webcam,SYN-FACE-03,other,0.09941352483694145
SYN-W-0260,webcam,SYN-FACE-01,left_eye,0.39521340518011955
SYN-W-0260,webcam,SYN-FACE-01,right_eye,0.22508732479090882
SYN-W-0260,webcam,SYN-FACE-01,nose,0.13509136134121397
SYN-W-0260,webcam,SYN-FACE-01,mouth,0.123495404389612
SYN-W-0260,webcam,SYN-FACE-01,other,0.12111250429814557
SYN-W-0260,webcam,SYN-FACE-02,left_eye,0.11852202121403921
SYN-W-0260,webcam,SYN-FACE-02,right_eye,0.20276049116575104
SYN-W-0260,webcam,SYN-FACE-02,nose,0.36612365363794763
SYN-W-0260,webcam,SYN-FACE-02,mouth,0.1898246109380588
SYN-W-0260,webcam,SYN-FACE-02,other,0.12276922304420335
SYN-W-0260,webcam,SYN-FACE-03,left_eye,0.35466842867450554
SYN-W-0260,webcam,SYN-FACE-03,right_eye,0.13148888479827958
SYN-W-0260,webcam,SYN-FACE-03,nose,0.3678706723638477
SYN-W-0260,webcam,SYN-FACE-03,mouth,0.08800221967265687
SYN-W-0260,webcam,SYN-FACE-03,other,0.05796979449071041
SYN-W-0261,webcam,SYN-FACE-01,left_eye,0.26340369050552254
SYN-W-0261,webcam,SYN-FACE-01,right_eye,0.24090368915995536
SYN-W-0261,webcam,SYN-FACE-01,nose,0.21400700840281991
SYN-W-0261,webcam,SYN-FACE-01,mouth,0.24916168116047377
SYN-W-0261,webcam,SYN-FACE-01,other,0.03252393077122836
SYN-W-0261,webcam,SYN-FACE-02,left_eye,0.2867162337433127
SYN-W-0261,webcam,SYN-FACE-02,right_eye,0.13088728951840223
SYN-W-0261,webcam,SYN-FACE-02,nose,0.16670728855790695
SYN-W-0261,webcam,SYN-FACE-02,mouth,0.4156891881803782
SYN-W-0261,webcam,SYN-FACE-02,other,0.0
SYN-W-0261,webcam,SYN-FACE-03,left_eye,0.3304349756647739
SYN-W-0261,webcam,SYN-FACE-03,right_eye,0.1262047254624827
SYN-W-0261,webcam,SYN-FACE-03,nose,0.23367591878413738
SYN-W-0261,webcam,SYN-FACE-03,mouth,0.18947082153501485
SYN-W-0261,webcam,SYN-FACE-03,other,0.12021355855359118
SYN-W-0262,webcam,SYN-FACE-01,left_eye,0.31921410007954926
SYN-W-0262,webcam,SYN-FACE-01,right_eye,0.18371014459697413
SYN-W-0262,webcam,SYN-FACE-01,nose,0.13506642884075484
SYN-W-0262,webcam,SYN-FACE-01,mouth,0.34417772786323453
SYN-W-0262,webcam,SYN-FACE-01,other,0.01783159861948718
SYN-W-0262,webcam,SYN-FACE-02,left_eye,0.2751250601315779
SYN-W-0262,webcam,SYN-FACE-02,right_eye,0.17087641163323417
SYN-W-0262,webcam,SYN-FACE-02,nose,0.07437476620975624
SYN-W-0262,webcam,SYN-FACE-02,mouth,0.30681335019049166
SYN-W-0262,webcam,SYN-FACE-02,other,0.17281041183494006
SYN-W-0262,webcam,SYN-FACE-03,left_eye,0.32053362238580146
SYN-W-0262,webcam,SYN-FACE-03,right_eye,0.16179306903248064
SYN-W-0262,webcam,SYN-FACE-03,nose,0.24677839548256933
SYN-W-0262,webcam,SYN-FACE-03,mouth,0.27089491309914865
SYN-W-0262,webcam,SYN-FACE-03,other,0.0
SYN-W-0263,webcam,SYN-FACE-01,left_eye,0.3354472157066654
SYN-W-0263,webcam,SYN-FACE-01,right_eye,0.10592505278751185
SYN-W-0263,webcam,SYN-FACE-01,nose,0.2359024732639785
SYN-W-0263,webcam,SYN-FACE-01,mouth,0.3227252582418442
SYN-W-0263,webcam,SYN-FACE-01,other,0.0
SYN-W-0263,webcam,SYN-FACE-02,left_eye,0.23104339269914909
SYN-W-0263,webcam,SYN-FACE-02,right_eye,0.14487284370847925
SYN-W-0263,webcam,SYN-FACE-02,nose,0.4092240824772481
SYN-W-0263,webcam,SYN-FACE-02,mouth,0.21485968111512363
SYN-W-0263,webcam,SYN-FACE-02,other,0.0
SYN-W-0263,webcam,SYN-FACE-03,left_eye,0.2506074035581942
SYN-W-0263,webcam,SYN-FACE-03,right_eye,0.301494532106466
SYN-W-0263,webcam,SYN-FACE-03,nose,0.19733655449532336
SYN-W-0263,webcam,SYN-FACE-03,mouth,0.18619764487725987
SYN-W-0263,webcam,SYN-FACE-03,other,0.06436386496275662
SYN-W-0264,webcam,SYN-FACE-01,left_eye,0.10015451691839249
SYN-W-0264,webcam,SYN-FACE-01,right_eye,0.2621789729663481
SYN-W-0264,webcam,SYN-FACE-01,nose,0.19116788895451478
SYN-W-0264,webcam,SYN-FACE-01,mouth,0.40071007828813887
SYN-W-0264,webcam,SYN-FACE-01,other,0.04578854287260579
SYN-W-0264,webcam,SYN-FACE-02,left_eye,0.28283499329807665
SYN-W-0264,webcam,SYN-FACE-02,right_eye,0.19441463192457925
SYN-W-0264,webcam,SYN-FACE-02,nose,0.17681111845808045
SYN-W-0264,webcam,SYN-FACE-02,mouth,0.3459392563192636
SYN-W-0264,webcam,SYN-FACE-02,other,0.0
SYN-W-0264,webcam,SYN-FACE-03,left_eye,0.23400361657307991
SYN-W-0264,webcam,SYN-FACE-03,right_eye,0.07884243022987268
SYN-W-0264,webcam,SYN-FACE-03,nose,0.39096342708457593
SYN-W-0264,webcam,SYN-FACE-03,mouth,0.2247900795391029
SYN-W-0264,webcam,SYN-FACE-03,other,0.07140044657336862
SYN-W-0265,webcam,SYN-FACE-01,left_eye,0.26434383817718876
SYN-W-0265,webcam,SYN-FACE-01,right_eye,0.03830712543768213
SYN-W-0265,webcam,SYN-FACE-01,nose,0.36312348690193647
SYN-W-0265,webcam,SYN-FACE-01,mouth,0.2973825097199097
SYN-W-0265,webcam,SYN-FACE-01,other,0.03684303976328299
SYN-W-0265,webcam,SYN-FACE-02,left_eye,0.13660900917861002
SYN-W-0265,webcam,SYN-FACE-02,right_eye,0.17734742227671202
SYN-W-0265,webcam,SYN-FACE-02,nose,0.3466238193194646
SYN-W-0265,webcam,SYN-FACE-02,mouth,0.2801904289970523
SYN-W-0265,webcam,SYN-FACE-02,other,0.059229320228161096
SYN-W-0265,webcam,SYN-FACE-03,left_eye,0.30295336480687013
SYN-W-0265,webcam,SYN-FACE-03,right_eye,0.19826351982569
SYN-W-0265,webcam,SYN-FACE-03,nose,0.16290397066563148
SYN-W-0265,webcam,SYN-FACE-03,mouth,0.2974243450122001
SYN-W-0265,webcam,SYN-FACE-03,other,0.03845479968960832
SYN-W-0266,webcam,SYN-FACE-01,left_eye,0.2534167450366039
SYN-W-0266,webcam,SYN-FACE-01,right_eye,0.23276492144253677
SYN-W-0266,webcam,SYN-FACE-01,nose,0.14968146927534481
SYN-W-0266,webcam,SYN-FACE-01,mouth,0.36413686424551456
SYN-W-0266,webcam,SYN-FACE-01,other,0.0
SYN-W-0266,webcam,SYN-FACE-02,left_eye,0.16043936761791883
SYN-W-0266,webcam,SYN-FACE-02,right_eye,0.19486260509860406
SYN-W-0266,webcam,SYN-FACE-02,nose,0.27448265634405017
SYN-W-0266,webcam,SYN-FACE-02,mouth,0.3702153709394269
SYN-W-0266,webcam,SYN-FACE-02,other,0.0
SYN-W-0266,webcam,SYN-FACE-03,left_eye,0.1383936808237381
SYN-W-0266,webcam,SYN-FACE-03,right_eye,0.09165579967046145
SYN-W-0266,webcam,SYN-FACE-03,nose,0.22237168661677276
SYN-W-0266,webcam,SYN-FACE-03,mouth,0.46811283545275456
SYN-W-0266,webcam,SYN-FACE-03,other,0.07946599743627318
SYN-W-0267,webcam,SYN-FACE-01,left_eye,0.2201934334008049
SYN-W-0267,webcam,SYN-FACE-01,right_eye,0.21678079417570187
SYN-W-0267,webcam,SYN-FACE-01,nose,0.1291700725367165
SYN-W-0267,webcam,SYN-FACE-01,mouth,0.31578480200466463
SYN-W-0267,webcam,SYN-FACE-01,other,0.11807089788211216
SYN-W-0267,webcam,SYN-FACE-02,left_eye,0.2444286163971015
SYN-W-0267,webcam,SYN-FACE-02,right_eye,0.32960129743238686
SYN-W-0267,webcam,SYN-FACE-02,nose,0.14321165870800315
SYN-W-0267,webcam,SYN-FACE-02,mouth,0.2233440224075463
SYN-W-0267,webcam,SYN-FACE-02,other,0.059414405054962205
SYN-W-0267,webcam,SYN-FACE-03,left_eye,0.26974808473150225
SYN-W-0267,webcam,SYN-FACE-03,right_eye,0.15906344229277358
SYN-W-0267,webcam,SYN-FACE-03,nose,0.32289022971295517
SYN-W-0267,webcam,SYN-FACE-03,mouth,0.24829824326276895
SYN-W-0267,webcam,SYN-FACE-03,other,0.0
SYN-W-0268,webcam,SYN-FACE-01,left_eye,0.1245056609869809
SYN-W-0268,webcam,SYN-FACE-01,right_eye,0.365716371658275
SYN-W-0268,webcam,SYN-FACE-01,nose,0.23560299984346464
SYN-W-0268,webcam,SYN-FACE-01,mouth,0.14168257374122534
SYN-W-0268,webcam,SYN-FACE-01,other,0.1324923937700541
SYN-W-0268,webcam,SYN-FACE-02,left_eye,0.14519083351274162
SYN-W-0268,webcam,SYN-FACE-02,right_eye,0.26128314810409015
SYN-W-0268,webcam,SYN-FACE-02,nose,0.10588131690957828
SYN-W-0268,webcam,SYN-FACE-02,mouth,0.44372608925948476
SYN-W-0268,webcam,SYN-FACE-02,other,0.043918612214105195
SYN-W-0268,webcam,SYN-FACE-03,left_eye,0.4418290483742363
SYN-W-0268,webcam,SYN-FACE-03,right_eye,0.17436895355590956
SYN-W-0268,webcam,SYN-FACE-03,nose,0.07726771435356623
SYN-W-0268,webcam,SYN-FACE-03,mouth,0.03402920240167884
SYN-W-0268,webcam,SYN-FACE-03,other,0.27250508131460904
SYN-W-0269,webcam,SYN-FACE-01,left_eye,0.32508860108807
SYN-W-0269,webcam,SYN-FACE-01,right_eye,0.3160699287900965
SYN-W-0269,webcam,SYN-FACE-01,nose,0.06448740165990931
SYN-W-0269,webcam,SYN-FACE-01,mouth,0.199055866091138
SYN-W-0269,webcam,SYN-FACE-01,other,0.09529820237078623
SYN-W-0269,webcam,SYN-FACE-02,left_eye,0.04322410201734835
SYN-W-0269,webcam,SYN-FACE-02,right_eye,0.2781560633810857
SYN-W-0269,webcam,SYN-FACE-02,nose,0.2630870702679087
SYN-W-0269,webcam,SYN-FACE-02,mouth,0.35334478793162827
SYN-W-0269,webcam,SYN-FACE-02,other,0.062187976402029076
SYN-W-0269,webcam,SYN-FACE-03,left_eye,0.22148775827336883
SYN-W-0269,webcam,SYN-FACE-03,right_eye,0.25217596471268205
SYN-W-0269,webcam,SYN-FACE-03,nose,0.23590884500119969
SYN-W-0269,webcam,SYN-FACE-03,mouth,0.23649748380982868
SYN-W-0269,webcam,SYN-FACE-03,other,0.05392994820292073
SYN-W-0270,webcam,SYN-FACE-01,left_eye,0.4054025407026025
SYN-W-0270,webcam,SYN-FACE-01,right_eye,0.03788240673395035
SYN-W-0270,webcam,SYN-FACE-01,nose,0.09833750377588794
SYN-W-0270,webcam,SYN-FACE-01,mouth,0.3468090032028798
SYN-W-0270,webcam,SYN-FACE-01,other,0.11156854558467948
SYN-W-0270,webcam,SYN-FACE-02,left_eye,0.1634769507699747
SYN-W-0270,webcam,SYN-FACE-02,right_eye,0.22037396765641026
SYN-W-0270,webcam,SYN-FACE-02,nose,0.20478721478861092
SYN-W-0270,webcam,SYN-FACE-02,mouth,0.3941111546588798
SYN-W-0270,webcam,SYN-FACE-02,other,0.017250712126124255
SYN-W-0270,webcam,SYN-FACE-03,left_eye,0.4438889154231031
SYN-W-0270,webcam,SYN-FACE-03,right_eye,0.0356373115155524
SYN-W-0270,webcam,SYN-FACE-03,nose,0.2981550044055562
SYN-W-0270,webcam,SYN-FACE-03,mouth,0.22231876865578837
SYN-W-0270,webcam,SYN-FACE-03,other,0.0
SYN-W-0271,webcam,SYN-FACE-01,left_eye,0.5061666317936898
SYN-W-0271,webcam,SYN-FACE-01,right_eye,0.19096062464236968
SYN-W-0271,webcam,SYN-FACE-01,nose,0.13639158915016283
SYN-W-0271,webcam,SYN-FACE-01,mouth,0.11937862375745449
SYN-W-0271,webcam,SYN-FACE-01,other,0.04710253065632327
SYN-W-0271,webcam,SYN-FACE-02,left_eye,0.21147215998714805
SYN-W-0271,webcam,SYN-FACE-02,right_eye,0.15199264911691254
SYN-W-0271,webcam,SYN-FACE-02,nose,0.21006000604775138
SYN-W-0271,webcam,SYN-FACE-02,mouth,0.32565449818650066
SYN-W-0271,webcam,SYN-FACE-02,other,0.10082068666168743
SYN-W-0271,webcam,SYN-FACE-03,left_eye,0.3853320001568865
SYN-W-0271,webcam,SYN-FACE-03,right_eye,0.19213655157314008
SYN-W-0271,webcam,SYN-FACE-03,nose,0.22551256159249597
SYN-W-0271,webcam,SYN-FACE-03,mouth,0.08343181534210814
SYN-W-0271,webcam,SYN-FACE-03,other,0.1135870713353693
SYN-W-0272,webcam,SYN-FACE-01,left_eye,0.25792878759798993
SYN-W-0272,webcam,SYN-FACE-01,right_eye,0.21671390087472878
SYN-W-0272,webcam,SYN-FACE-01,nose,0.3265459682237211
SYN-W-0272,webcam,SYN-FACE-01,mouth,0.03050695293825995
SYN-W-0272,webcam,SYN-FACE-01,other,0.16830439036530026
SYN-W-0272,webcam,SYN-FACE-02,left_eye,0.31185794980657444
SYN-W-0272,webcam,SYN-FACE-02,right_eye,0.16191978276812924
SYN-W-0272,webcam,SYN-FACE-02,nose,0.16238826426306968
SYN-W-0272,webcam,SYN-FACE-02,mouth,0.15356090635213168
SYN-W-0272,webcam,SYN-FACE-02,other,0.2102730968100949
SYN-W-0272,webcam,SYN-FACE-03,left_eye,0.3718254994593163
SYN-W-0272,webcam,SYN-FACE-03,right_eye,0.165134675544652
SYN-W-0272,webcam,SYN-FACE-03,nose,0.23235944071194714
SYN-W-0272,webcam,SYN-FACE-03,mouth,0.16815547553704793
SYN-W-0272,webcam,SYN-FACE-03,other,0.06252490874703662
SYN-W-0273,webcam,SYN-FACE-01,left_eye,0.1752762406910338
SYN-W-0273,webcam,SYN-FACE-01,right_eye,0.5194738220767429
SYN-W-0273,webcam,SYN-FACE-01,nose,0.14281336616011123
SYN-W-0273,webcam,SYN-FACE-01,mouth,0.09033075671923936
SYN-W-0273,webcam,SYN-FACE-01,other,0.07210581435287279
SYN-W-0273,webcam,SYN-FACE-02,left_eye,0.31606466316246556
SYN-W-0273,webcam,SYN-FACE-02,right_eye,0.1173760250735599
SYN-W-0273,webcam,SYN-FACE-02,nose,0.16622617393641995
SYN-W-0273,webcam,SYN-FACE-02,mouth,0.2463998873406574
SYN-W-0273,webcam,SYN-FACE-02,other,0.15393325048689718
SYN-W-0273,webcam,SYN-FACE-03,left_eye,0.295381425784631
SYN-W-0273,webcam,SYN-FACE-03,right_eye,0.07919242372947237
SYN-W-0273,webcam,SYN-FACE-03,nose,0.36419740617288465
SYN-W-0273,webcam,SYN-FACE-03,mouth,0.23651324189725367
SYN-W-0273,webcam,SYN-FACE-03,other,0.02471550241575827
SYN-W-0274,webcam,SYN-FACE-01,left_eye,0.40453042923678145
SYN-W-0274,webcam,SYN-FACE-01,right_eye,0.17338106818133822
SYN-W-0274,webcam,SYN-FACE-01,nose,0.10939869780138568
SYN-W-0274,webcam,SYN-FACE-01,mouth,0.27158635842791085
SYN-W-0274,webcam,SYN-FACE-01,other,0.041103446352583825
SYN-W-0274,webcam,SYN-FACE-02,left_eye,0.16637081751519975
SYN-W-0274,webcam,SYN-FACE-02,right_eye,0.14320101540618863
SYN-W-0274,webcam,SYN-FACE-02,nose,0.3920351608892032
SYN-W-0274,webcam,SYN-FACE-02,mouth,0.2983930061894084
SYN-W-0274,webcam,SYN-FACE-02,other,0.0
SYN-W-0274,webcam,SYN-FACE-03,left_eye,0.28056458182675553
SYN-W-0274,webcam,SYN-FACE-03,right_eye,0.18611639050612241
SYN-W-0274,webcam,SYN-FACE-03,nose,0.24845887945778522
SYN-W-0274,webcam,SYN-FACE-03,mouth,0.18833207408398095
SYN-W-0274,webcam,SYN-FACE-03,other,0.0965280741253558
SYN-W-0275,webcam,SYN-FACE-01,left_eye,0.2654695640190141
SYN-W-0275,webcam,SYN-FACE-01,right_eye,0.2609870747145648
SYN-W-0275,webcam,SYN-FACE-01,nose,0.26166667223972606
SYN-W-0275,webcam,SYN-FACE-01,mouth,0.21187668902669504
SYN-W-0275,webcam,SYN-FACE-01,other,0.0
SYN-W-0275,webcam,SYN-FACE-02,left_eye,0.12564136283787133
SYN-W-0275,webcam,SYN-FACE-02,right_eye,0.21104288301377405
SYN-W-0275,webcam,SYN-FACE-02,nose,0.2667200619518747
SYN-W-0275,webcam,SYN-FACE-02,mouth,0.2717221551399395
SYN-W-0275,webcam,SYN-FACE-02,other,0.12487353705654028
SYN-W-0275,webcam,SYN-FACE-03,left_eye,0.1197834132422779
SYN-W-0275,webcam,SYN-FACE-03,right_eye,0.3911340649804571
SYN-W-0275,webcam,SYN-FACE-03,nose,0.14777398892072618
SYN-W-0275,webcam,SYN-FACE-03,mouth,0.18432192286377483
SYN-W-0275,webcam,SYN-FACE-03,other,0.15698660999276398
SYN-W-0276,webcam,SYN-FACE-01,left_eye,0.2623600339387857
SYN-W-0276,webcam,SYN-FACE-01,right_eye,0.407541526760162
SYN-W-0276,webcam,SYN-FACE-01,nose,0.19924591834746222
SYN-W-0276,webcam,SYN-FACE-01,mouth,0.10919598773991972
SYN-W-0276,webcam,SYN-FACE-01,other,0.021656533213670306
SYN-W-0276,webcam,SYN-FACE-02,left_eye,0.09052015296198254
SYN-W-0276,webcam,SYN-FACE-02,right_eye,0.3651109891784666
SYN-W-0276,webcam,SYN-FACE-02,nose,0.21667969640179577
SYN-W-0276,webcam,SYN-FACE-02,mouth,0.30098760244059347
SYN-W-0276,webcam,SYN-FACE-02,other,0.02670155901716162
SYN-W-0276,webcam,SYN-FACE-03,left_eye,0.3940194488412917
SYN-W-0276,webcam,SYN-FACE-03,right_eye,0.3081599447982473
SYN-W-0276,webcam,SYN-FACE-03,nose,0.04147860327059622
SYN-W-0276,webcam,SYN-FACE-03,mouth,0.16900994595817542
SYN-W-0276,webcam,SYN-FACE-03,other,0.08733205713168936
SYN-W-0277,webcam,SYN-FACE-01,left_eye,0.25867493716663914
SYN-W-0277,webcam,SYN-FACE-01,right_eye,0.2613628467108458
SYN-W-0277,webcam,SYN-FACE-01,nose,0.19199507998533707
SYN-W-0277,webcam,SYN-FACE-01,mouth,0.15514222761978297
SYN-W-0277,webcam,SYN-FACE-01,other,0.132824908517395
SYN-W-0277,webcam,SYN-FACE-02,left_eye,0.04252530578091856
SYN-W-0277,webcam,SYN-FACE-02,right_eye,0.29669818087879674
SYN-W-0277,webcam,SYN-FACE-02,nose,0.29968698294587115
SYN-W-0277,webcam,SYN-FACE-02,mouth,0.3244120656487987
SYN-W-0277,webcam,SYN-FACE-02,other,0.03667746474561484
SYN-W-0277,webcam,SYN-FACE-03,left_eye,0.24327600031697075
SYN-W-0277,webcam,SYN-FACE-03,right_eye,0.18734718477119705
SYN-W-0277,webcam,SYN-FACE-03,nose,0.32798387459634604
SYN-W-0277,webcam,SYN-FACE-03,mouth,0.17503126438360275
SYN-W-0277,webcam,SYN-FACE-03,other,0.06636167593188343
SYN-W-0278,webcam,SYN-FACE-01,left_eye,0.20691603054125904
SYN-W-0278,webcam,SYN-FACE-01,right_eye,0.25258669665733446
SYN-W-0278,webcam,SYN-FACE-01,nose,0.14644938767251728
SYN-W-0278,webcam,SYN-FACE-01,mouth,0.1709828436077437
SYN-W-0278,webcam,SYN-FACE-01,other,0.2230650415211456
SYN-W-0278,webcam,SYN-FACE-02,left_eye,0.3816183436608924
SYN-W-0278,webcam,SYN-FACE-02,right_eye,0.2290266301489323
SYN-W-0278,webcam,SYN-FACE-02,nose,0.11615308515642486
SYN-W-0278,webcam,SYN-FACE-02,mouth,0.12524208095552006
SYN-W-0278,webcam,SYN-FACE-02,other,0.1479598600782303
SYN-W-0278,webcam,SYN-FACE-03,left_eye,0.32394496279555085
SYN-W-0278,webcam,SYN-FACE-03,right_eye,0.319896073179855
SYN-W-0278,webcam,SYN-FACE-03,nose,0.18265974963126658
SYN-W-0278,webcam,SYN-FACE-03,mouth,0.10319114979908328
SYN-W-0278,webcam,SYN-FACE-03,other,0.0703080645942443
SYN-W-0279,webcam,SYN-FACE-01,left_eye,0.3486720855023137
SYN-W-0279,webcam,SYN-FACE-01,right_eye,0.3306359480409771
SYN-W-0279,webcam,SYN-FACE-01,nose,0.07177521916867716
SYN-W-0279,webcam,SYN-FACE-01,mouth,0.1099284981799179
SYN-W-0279,webcam,SYN-FACE-01,other,0.1389882491081142
SYN-W-0279,webcam,SYN-FACE-02,left_eye,0.2638026573392155
SYN-W-0279,webcam,SYN-FACE-02,right_eye,0.09956707114248455
SYN-W-0279,webcam,SYN-FACE-02,nose,0.1843370011192023
SYN-W-0279,webcam,SYN-FACE-02,mouth,0.40464481259076635
SYN-W-0279,webcam,SYN-FACE-02,other,0.0476484578083313
SYN-W-0279,webcam,SYN-FACE-03,left_eye,0.269534601476129
SYN-W-0279,webcam,SYN-FACE-03,right_eye,0.3483093830538182
SYN-W-0279,webcam,SYN-FACE-03,nose,0.20701999670391352
SYN-W-0279,webcam,SYN-FACE-03,mouth,0.0928197861048909
SYN-W-0279,webcam,SYN-FACE-03,other,0.08231623266124845
SYN-W-0280,webcam,SYN-FACE-01,left_eye,0.23229322797033966
SYN-W-0280,webcam,SYN-FACE-01,right_eye,0.159117712132127
SYN-W-0280,webcam,SYN-FACE-01,nose,0.23549046248978328
SYN-W-0280,webcam,SYN-FACE-01,mouth,0.3329132564042696
SYN-W-0280,webcam,SYN-FACE-01,other,0.04018534100348045
SYN-W-0280,webcam,SYN-FACE-02,left_eye,0.11622220708244516
SYN-W-0280,webcam,SYN-FACE-02,right_eye,0.29690394043630114
SYN-W-0280,webcam,SYN-FACE-02,nose,0.2629302574615372
SYN-W-0280,webcam,SYN-FACE-02,mouth,0.2111835724623865
SYN-W-0280,webcam,SYN-FACE-02,other,0.11276002255732998
SYN-W-0280,webcam,SYN-FACE-03,left_eye,0.46328851205611943
SYN-W-0280,webcam,SYN-FACE-03,right_eye,0.12861765750108436
SYN-W-0280,webcam,SYN-FACE-03,nose,0.053189899722535294
SYN-W-0280,webcam,SYN-FACE-03,mouth,0.2713380312920162
SYN-W-0280,webcam,SYN-FACE-03,other,0.08356589942824465
SYN-W-0281,webcam,SYN-FACE-01,left_eye,0.3309163344922151
SYN-W-0281,webcam,SYN-FACE-01,right_eye,0.17288154716518264
SYN-W-0281,webcam,SYN-FACE-01,nose,0.1630736722958152
SYN-W-0281,webcam,SYN-FACE-01,mouth,0.23020644922122624
SYN-W-0281,webcam,SYN-FACE-01,other,0.10292199682556077
SYN-W-0281,webcam,SYN-FACE-02,left_eye,0.21882140980323775
SYN-W-0281,webcam,SYN-FACE-02,right_eye,0.1348535023196309
SYN-W-0281,webcam,SYN-FACE-02,nose,0.20439372471537828
SYN-W-0281,webcam,SYN-FACE-02,mouth,0.36367864420655394
SYN-W-0281,webcam,SYN-FACE-02,other,0.07825271895519907
SYN-W-0281,webcam,SYN-FACE-03,left_eye,0.3092320819663399
SYN-W-0281,webcam,SYN-FACE-03,right_eye,0.06005537159900431
SYN-W-0281,webcam,SYN-FACE-03,nose,0.14507256230371787
SYN-W-0281,webcam,SYN-FACE-03,mouth,0.2693465695577867
SYN-W-0281,webcam,SYN-FACE-03,other,0.21629341457315132
SYN-W-0282,webcam,SYN-FACE-01,left_eye,0.2511449172618932
SYN-W-0282,webcam,SYN-FACE-01,right_eye,0.30032474443687923
SYN-W-0282,webcam,SYN-FACE-01,nose,0.30544787509689597
SYN-W-0282,webcam,SYN-FACE-01,mouth,0.14308246320433157
SYN-W-0282,webcam,SYN-FACE-01,other,0.0
SYN-W-0282,webcam,SYN-FACE-02,left_eye,0.1353356704287938
SYN-W-0282,webcam,SYN-FACE-02,right_eye,0.3217974307835236
SYN-W-0282,webcam,SYN-FACE-02,nose,0.15882989767500083
SYN-W-0282,webcam,SYN-FACE-02,mouth,0.11641122422228004
SYN-W-0282,webcam,SYN-FACE-02,other,0.26762577689040173
SYN-W-0282,webcam,SYN-FACE-03,left_eye,0.40512209027894347
SYN-W-0282,webcam,SYN-FACE-03,right_eye,0.03397238810682574
SYN-W-0282,webcam,SYN-FACE-03,nose,0.1678818029819233
SYN-W-0282,webcam,SYN-FACE-03,mouth,0.33109536658165056
SYN-W-0282,webcam,SYN-FACE-03,other,0.061928352050656894
SYN-W-0283,webcam,SYN-FACE-01,left_eye,0.22634053093493542
SYN-W-0283,webcam,SYN-FACE-01,right_eye,0.17223371674635635
SYN-W-0283,webcam,SYN-FACE-01,nose,0.15363868216359114
SYN-W-0283,webcam,SYN-FACE-01,mouth,0.2626648881199753
SYN-W-0283,webcam,SYN-FACE-01,other,0.18512218203514177
SYN-W-0283,webcam,SYN-FACE-02,left_eye,0.21892296482785603
SYN-W-0283,webcam,SYN-FACE-02,right_eye,0.269579092677556
SYN-W-0283,webcam,SYN-FACE-02,nose,0.13821918204697445
SYN-W-0283,webcam,SYN-FACE-02,mouth,0.3732787604476135
SYN-W-0283,webcam,SYN-FACE-02,other,0.0
SYN-W-0283,webcam,SYN-FACE-03,left_eye,0.33203200131054983
SYN-W-0283,webcam,SYN-FACE-03,right_eye,0.32811403441302806
SYN-W-0283,webcam,SYN-FACE-03,nose,0.08996832692080499
SYN-W-0283,webcam,SYN-FACE-03,mouth,0.10058915583712938
SYN-W-0283,webcam,SYN-FACE-03,other,0.14929648151848782
SYN-W-0284,webcam,SYN-FACE-01,left_eye,0.07691770188839053
SYN-W-0284,webcam,SYN-FACE-01,right_eye,0.17532329511518652
SYN-W-0284,webcam,SYN-FACE-01,nose,0.38505602430173996
SYN-W-0284,webcam,SYN-FACE-01,mouth,0.1381947029573731
SYN-W-0284,webcam,SYN-FACE-01,other,0.22450827573730975
SYN-W-0284,webcam,SYN-FACE-02,left_eye,0.25056852044194494
SYN-W-0284,webcam,SYN-FACE-02,right_eye,0.15336248694039548
SYN-W-0284,webcam,SYN-FACE-02,nose,0.2604902303135512
SYN-W-0284,webcam,SYN-FACE-02,mouth,0.3355787623041084
SYN-W-0284,webcam,SYN-FACE-02,other,0.0
SYN-W-0284,webcam,SYN-FACE-03,left_eye,0.23166431636239462
SYN-W-0284,webcam,SYN-FACE-03,right_eye,0.23658363287044457
SYN-W-0284,webcam,SYN-FACE-03,nose,0.20506670504647115
SYN-W-0284,webcam,SYN-FACE-03,mouth,0.19814278068097868
SYN-W-0284,webcam,SYN-FACE-03,other,0.1285425650397109
SYN-W-0285,webcam,SYN-FACE-01,left_eye,0.1786638360064458
SYN-W-0285,webcam,SYN-FACE-01,right_eye,0.14997149536005355
SYN-W-0285,webcam,SYN-FACE-01,nose,0.20869271478595164
SYN-W-0285,webcam,SYN-FACE-01,mouth,0.2958491263854298
SYN-W-0285,webcam,SYN-FACE-01,other,0.16682282746211913
SYN-W-0285,webcam,SYN-FACE-02,left_eye,0.24579100805628085
SYN-W-0285,webcam,SYN-FACE-02,right_eye,0.28593766370651197
SYN-W-0285,webcam,SYN-FACE-02,nose,0.21880298201925386
SYN-W-0285,webcam,SYN-FACE-02,mouth,0.11813413196528082
SYN-W-0285,webcam,SYN-FACE-02,other,0.13133421425267258
SYN-W-0285,webcam,SYN-FACE-03,left_eye,0.29982579583728197
SYN-W-0285,webcam,SYN-FACE-03,right_eye,0.17756829332683396
SYN-W-0285,webcam,SYN-FACE-03,nose,0.25820649612069185
SYN-W-0285,webcam,SYN-FACE-03,mouth,0.2327340643843942
SYN-W-0285,webcam,SYN-FACE-03,other,0.03166535033079796
SYN-W-0286,webcam,SYN-FACE-01,left_eye,0.3664574183453499
SYN-W-0286,webcam,SYN-FACE-01,right_eye,0.3272728189400363
SYN-W-0286,webcam,SYN-FACE-01,nose,0.12181383441724743
SYN-W-0286,webcam,SYN-FACE-01,mouth,0.09475654062307642
SYN-W-0286,webcam,SYN-FACE-01,other,0.08969938767428993
SYN-W-0286,webcam,SYN-FACE-02,left_eye,0.23504088039488855
SYN-W-0286,webcam,SYN-FACE-02,right_eye,0.2310609758008834
SYN-W-0286,webcam,SYN-FACE-02,nose,0.2143157936830123
SYN-W-0286,webcam,SYN-FACE-02,mouth,0.23168184401006964
SYN-W-0286,webcam,SYN-FACE-02,other,0.08790050611114611
SYN-W-0286,webcam,SYN-FACE-03,left_eye,0.25987122710923344
SYN-W-0286,webcam,SYN-FACE-03,right_eye,0.264534448986395
SYN-W-0286,webcam,SYN-FACE-03,nose,0.03758558032104638
SYN-W-0286,webcam,SYN-FACE-03,mouth,0.3309897187034906
SYN-W-0286,webcam,SYN-FACE-03,other,0.10701902487983452
SYN-W-0287,webcam,SYN-FACE-01,left_eye,0.23142513237641416
SYN-W-0287,webcam,SYN-FACE-01,right_eye,0.2947161622284893
SYN-W-0287,webcam,SYN-FACE-01,nose,0.17677791106972934
SYN-W-0287,webcam,SYN-FACE-01,mouth,0.2497746741222898
SYN-W-0287,webcam,SYN-FACE-01,other,0.047306120203077444
SYN-W-0287,webcam,SYN-FACE-02,left_eye,0.2723151623899997
SYN-W-0287,webcam,SYN-FACE-02,right_eye,0.3010150722011785
SYN-W-0287,webcam,SYN-FACE-02,nose,0.18946038162079681
SYN-W-0287,webcam,SYN-FACE-02,mouth,0.237209383788025
SYN-W-0287,webcam,SYN-FACE-02,other,0.0
SYN-W-0287,webcam,SYN-FACE-03,left_eye,0.3641292200127878
SYN-W-0287,webcam,SYN-FACE-03,right_eye,0.22352330338316284
SYN-W-0287,webcam,SYN-FACE-03,nose,0.2049252350621997
SYN-W-0287,webcam,SYN-FACE-03,mouth,0.09039787591153353
SYN-W-0287,webcam,SYN-FACE-03,other,0.11702436563031615
SYN-W-0288,webcam,SYN-FACE-01,left_eye,0.3300989594436977
SYN-W-0288,webcam,SYN-FACE-01,right_eye,0.17895801083293392
SYN-W-0288,webcam,SYN-FACE-01,nose,0.14868822194594952
SYN-W-0288,webcam,SYN-FACE-01,mouth,0.15189932305952292
SYN-W-0288,webcam,SYN-FACE-01,other,0.19035548471789596
SYN-W-0288,webcam,SYN-FACE-02,left_eye,0.3298917965682247
SYN-W-0288,webcam,SYN-FACE-02,right_eye,0.0796277941523162
SYN-W-0288,webcam,SYN-FACE-02,nose,0.32395261889941324
SYN-W-0288,webcam,SYN-FACE-02,mouth,0.0657386657403014
SYN-W-0288,webcam,SYN-FACE-02,other,0.20078912463974444
SYN-W-0288,webcam,SYN-FACE-03,left_eye,0.30123431424184494
SYN-W-0288,webcam,SYN-FACE-03,right_eye,0.3747044706127962
SYN-W-0288,webcam,SYN-FACE-03,nose,0.0748764333293242
SYN-W-0288,webcam,SYN-FACE-03,mouth,0.18530179537282088
SYN-W-0288,webcam,SYN-FACE-03,other,0.06388298644321376
SYN-W-0289,webcam,SYN-FACE-01,left_eye,0.18937636773102032
SYN-W-0289,webcam,SYN-FACE-01,right_eye,0.20956822546718973
SYN-W-0289,webcam,SYN-FACE-01,nose,0.09516088493263683
SYN-W-0289,webcam,SYN-FACE-01,mouth,0.39596054415556103
SYN-W-0289,webcam,SYN-FACE-01,other,0.10993397771359216
SYN-W-0289,webcam,SYN-FACE-02,left_eye,0.1512388491172345
SYN-W-0289,webcam,SYN-FACE-02,right_eye,0.0652247914590301
SYN-W-0289,webcam,SYN-FACE-02,nose,0.2814210139122185
SYN-W-0289,webcam,SYN-FACE-02,mouth,0.4192555678756696
SYN-W-0289,webcam,SYN-FACE-02,other,0.0828597776358473
SYN-W-0289,webcam,SYN-FACE-03,left_eye,0.49452644508522087
SYN-W-0289,webcam,SYN-FACE-03,right_eye,0.0
SYN-W-0289,webcam,SYN-FACE-03,nose,0.17802178467578325
SYN-W-0289,webcam,SYN-FACE-03,mouth,0.14381865641498137
SYN-W-0289,webcam,SYN-FACE-03,other,0.18363311382401445
SYN-W-0290,webcam,SYN-FACE-01,left_eye,0.3097776538948169
SYN-W-0290,webcam,SYN-FACE-01,right_eye,0.2368940626657214
SYN-W-0290,webcam,SYN-FACE-01,nose,0.11400309197430897
SYN-W-0290,webcam,SYN-FACE-01,mouth,0.22619319695534718
SYN-W-0290,webcam,SYN-FACE-01,other,0.11313199450980561
SYN-W-0290,webcam,SYN-FACE-02,left_eye,0.28962725329782574
SYN-W-0290,webcam,SYN-FACE-02,right_eye,0.26560734780795775
SYN-W-0290,webcam,SYN-FACE-02,nose,0.18442683477370364
SYN-W-0290,webcam,SYN-FACE-02,mouth,0.19486322167429254
SYN-W-0290,webcam,SYN-FACE-02,other,0.06547534244622026
SYN-W-0290,webcam,SYN-FACE-03,left_eye,0.2534905538897811
SYN-W-0290,webcam,SYN-FACE-03,right_eye,0.20945123002552204
SYN-W-0290,webcam,SYN-FACE-03,nose,0.331650861945434
SYN-W-0290,webcam,SYN-FACE-03,mouth,0.15719948500741354
SYN-W-0290,webcam,SYN-FACE-03,other,0.048207869131849386
SYN-W-0291,webcam,SYN-FACE-01,left_eye,0.38460182935601006
SYN-W-0291,webcam,SYN-FACE-01,right_eye,0.3627736910638578
SYN-W-0291,webcam,SYN-FACE-01,nose,0.11404964337678418
SYN-W-0291,webcam,SYN-FACE-01,mouth,0.138574836203348
SYN-W-0291,webcam,SYN-FACE-01,other,0.0
SYN-W-0291,webcam,SYN-FACE-02,left_eye,0.06646891762189452
SYN-W-0291,webcam,SYN-FACE-02,right_eye,0.13608756170627692
SYN-W-0291,webcam,SYN-FACE-02,nose,0.12500914052246487
SYN-W-0291,webcam,SYN-FACE-02,mouth,0.641647245215675
SYN-W-0291,webcam,SYN-FACE-02,other,0.03078713493368881
SYN-W-0291,webcam,SYN-FACE-03,left_eye,0.16394834607020406
SYN-W-0291,webcam,SYN-FACE-03,right_eye,0.4444473657689271
SYN-W-0291,webcam,SYN-FACE-03,nose,0.042674784139723816
SYN-W-0291,webcam,SYN-FACE-03,mouth,0.2684371830833468
SYN-W-0291,webcam,SYN-FACE-03,other,0.0804923209377981
SYN-W-0292,webcam,SYN-FACE-01,left_eye,0.13754341881739685
SYN-W-0292,webcam,SYN-FACE-01,right_eye,0.20434571873889082
SYN-W-0292,webcam,SYN-FACE-01,nose,0.33474476625247157
SYN-W-0292,webcam,SYN-FACE-01,mouth,0.2700130097805202
SYN-W-0292,webcam,SYN-FACE-01,other,0.05335308641072061
SYN-W-0292,webcam,SYN-FACE-02,left_eye,0.136315307696313
SYN-W-0292,webcam,SYN-FACE-02,right_eye,0.14681083402626444
SYN-W-0292,webcam,SYN-FACE-02,nose,0.22216151926687094
SYN-W-0292,webcam,SYN-FACE-02,mouth,0.4193782392293542
SYN-W-0292,webcam,SYN-FACE-02,other,0.07533409978119746
SYN-W-0292,webcam,SYN-FACE-03,left_eye,0.1772802167515874
SYN-W-0292,webcam,SYN-FACE-03,right_eye,0.15396801782269376
SYN-W-0292,webcam,SYN-FACE-03,nose,0.320133867926645
SYN-W-0292,webcam,SYN-FACE-03,mouth,0.2446289680302322
SYN-W-0292,webcam,SYN-FACE-03,other,0.1039889294688416
SYN-W-0293,webcam,SYN-FACE-01,left_eye,0.2641125668447172
SYN-W-0293,webcam,SYN-FACE-01,right_eye,0.1345797393480737
SYN-W-0293,webcam,SYN-FACE-01,nose,0.14674730926667817
SYN-W-0293,webcam,SYN-FACE-01,mouth,0.41894096877981907
SYN-W-0293,webcam,SYN-FACE-01,other,0.03561941576071185
SYN-W-0293,webcam,SYN-FACE-02,left_eye,0.24670606600543846
SYN-W-0293,webcam,SYN-FACE-02,right_eye,0.13712375519183378
SYN-W-0293,webcam,SYN-FACE-02,nose,0.1560465418841878
SYN-W-0293,webcam,SYN-FACE-02,mouth,0.26095168427505255
SYN-W-0293,webcam,SYN-FACE-02,other,0.1991719526434875
SYN-W-0293,webcam,SYN-FACE-03,left_eye,0.3484467251432157
SYN-W-0293,webcam,SYN-FACE-03,right_eye,0.0889598336423577
SYN-W-0293,webcam,SYN-FACE-03,nose,0.2778432744197689
SYN-W-0293,webcam,SYN-FACE-03,mouth,0.13544615455138226
SYN-W-0293,webcam,SYN-FACE-03,other,0.1493040122432755
SYN-W-0294,webcam,SYN-FACE-01,left_eye,0.07948494914779025
SYN-W-0294,webcam,SYN-FACE-01,right_eye,0.2159607136575487
SYN-W-0294,webcam,SYN-FACE-01,nose,0.2797722742331478
SYN-W-0294,webcam,SYN-FACE-01,mouth,0.3588051224959803
SYN-W-0294,webcam,SYN-FACE-01,other,0.06597694046553292
SYN-W-0294,webcam,SYN-FACE-02,left_eye,0.18838740002319376
SYN-W-0294,webcam,SYN-FACE-02,right_eye,0.29026002089969105
SYN-W-0294,webcam,SYN-FACE-02,nose,0.28497549248783277
SYN-W-0294,webcam,SYN-FACE-02,mouth,0.1589027895092375
SYN-W-0294,webcam,SYN-FACE-02,other,0.07747429708004491
SYN-W-0294,webcam,SYN-FACE-03,left_eye,0.18647820380898245
SYN-W-0294,webcam,SYN-FACE-03,right_eye,0.3163688070500633
SYN-W-0294,webcam,SYN-FACE-03,nose,0.16894883097686297
SYN-W-0294,webcam,SYN-FACE-03,mouth,0.28872999966585683
SYN-W-0294,webcam,SYN-FACE-03,other,0.03947415849823448
SYN-W-0295,webcam,SYN-FACE-01,left_eye,0.4474391366890577
SYN-W-0295,webcam,SYN-FACE-01,right_eye,0.25523694518143586
SYN-W-0295,webcam,SYN-FACE-01,nose,0.12123821542169466
SYN-W-0295,webcam,SYN-FACE-01,mouth,0.11718558138220193
SYN-W-0295,webcam,SYN-FACE-01,other,0.05890012132560987
SYN-W-0295,webcam,SYN-FACE-02,left_eye,0.10952970485092144
SYN-W-0295,webcam,SYN-FACE-02,right_eye,0.14814833472678446
SYN-W-0295,webcam,SYN-FACE-02,nose,0.4007306070369519
SYN-W-0295,webcam,SYN-FACE-02,mouth,0.34159135338534213
SYN-W-0295,webcam,SYN-FACE-02,other,0.0
SYN-W-0295,webcam,SYN-FACE-03,left_eye,0.2148065108860497
SYN-W-0295,webcam,SYN-FACE-03,right_eye,0.09354014236630784
SYN-W-0295,webcam,SYN-FACE-03,nose,0.4189488412874822
SYN-W-0295,webcam,SYN-FACE-03,mouth,0.22223891156777667
SYN-W-0295,webcam,SYN-FACE-03,other,0.05046559389238357
SYN-W-0296,webcam,SYN-FACE-01,left_eye,0.0633168062485946
SYN-W-0296,webcam,SYN-FACE-01,right_eye,0.27595193824103686
SYN-W-0296,webcam,SYN-FACE-01,nose,0.07742876038494725
SYN-W-0296,webcam,SYN-FACE-01,mouth,0.5438981494249678
SYN-W-0296,webcam,SYN-FACE-01,other,0.03940434570045348
SYN-W-0296,webcam,SYN-FACE-02,left_eye,0.38769735187367893
SYN-W-0296,webcam,SYN-FACE-02,right_eye,0.20820360516544925
SYN-W-0296,webcam,SYN-FACE-02,nose,0.17787444654723952
SYN-W-0296,webcam,SYN-FACE-02,mouth,0.22622459641363224
SYN-W-0296,webcam,SYN-FACE-02,other,0.0
SYN-W-0296,webcam,SYN-FACE-03,left_eye,0.13956864748098258
SYN-W-0296,webcam,SYN-FACE-03,right_eye,0.1334500538512179
SYN-W-0296,webcam,SYN-FACE-03,nose,0.2359813498454229
SYN-W-0296,webcam,SYN-FACE-03,mouth,0.41328821926173825
SYN-W-0296,webcam,SYN-FACE-03,other,0.07771172956063842
SYN-W-0297,webcam,SYN-FACE-01,left_eye,0.45570308396553044
SYN-W-0297,webcam,SYN-FACE-01,right_eye,0.2512197380426261
SYN-W-0297,webcam,SYN-FACE-01,nose,0.0
SYN-W-0297,webcam,SYN-FACE-01,mouth,0.18456653117213973
SYN-W-0297,webcam,SYN-FACE-01,other,0.10851064681970383
SYN-W-0297,webcam,SYN-FACE-02,left_eye,0.24820907386003013
SYN-W-0297,webcam,SYN-FACE-02,right_eye,0.23339751589457833
SYN-W-0297,webcam,SYN-FACE-02,nose,0.20125713531567116
SYN-W-0297,webcam,SYN-FACE-02,mouth,0.2433381997798938
SYN-W-0297,webcam,SYN-FACE-02,other,0.07379807514982656
SYN-W-0297,webcam,SYN-FACE-03,left_eye,0.4127366675193493
SYN-W-0297,webcam,SYN-FACE-03,right_eye,0.23627114996175533
SYN-W-0297,webcam,SYN-FACE-03,nose,0.0
SYN-W-0297,webcam,SYN-FACE-03,mouth,0.1991531448084232
SYN-W-0297,webcam,SYN-FACE-03,other,0.1518390377104722
SYN-W-0298,webcam,SYN-FACE-01,left_eye,0.1833449586888818
SYN-W-0298,webcam,SYN-FACE-01,right_eye,0.4006370272160212
SYN-W-0298,webcam,SYN-FACE-01,nose,0.18768170859732114
SYN-W-0298,webcam,SYN-FACE-01,mouth,0.11514199367381682
SYN-W-0298,webcam,SYN-FACE-01,other,0.11319431182395907
SYN-W-0298,webcam,SYN-FACE-02,left_eye,0.12359999894044889
SYN-W-0298,webcam,SYN-FACE-02,right_eye,0.42747929036634946
SYN-W-0298,webcam,SYN-FACE-02,nose,0.11030464221962712
SYN-W-0298,webcam,SYN-FACE-02,mouth,0.2759361850911498
SYN-W-0298,webcam,SYN-FACE-02,other,0.06267988338242471
SYN-W-0298,webcam,SYN-FACE-03,left_eye,0.35932435464306
SYN-W-0298,webcam,SYN-FACE-03,right_eye,0.225801579019385
SYN-W-0298,webcam,SYN-FACE-03,nose,0.24128347752004872
SYN-W-0298,webcam,SYN-FACE-03,mouth,0.11200392055309631
SYN-W-0298,webcam,SYN-FACE-03,other,0.06158666826441005
SYN-W-0299,webcam,SYN-FACE-01,left_eye,0.2464488305556128
SYN-W-0299,webcam,SYN-FACE-01,right_eye,0.2687134646612079
SYN-W-0299,webcam,SYN-FACE-01,nose,0.17710794794584475
SYN-W-0299,webcam,SYN-FACE-01,mouth,0.26945081376577573
SYN-W-0299,webcam,SYN-FACE-01,other,0.03827894307155879
SYN-W-0299,webcam,SYN-FACE-02,left_eye,0.18469061020100827
SYN-W-0299,webcam,SYN-FACE-02,right_eye,0.27186085643109614
SYN-W-0299,webcam,SYN-FACE-02,nose,0.17006511227257567
SYN-W-0299,webcam,SYN-FACE-02,mouth,0.20455773969889554
SYN-W-0299,webcam,SYN-FACE-02,other,0.16882568139642437
SYN-W-0299,webcam,SYN-FACE-03,left_eye,0.21660150282972132
SYN-W-0299,webcam,SYN-FACE-03,right_eye,0.17156860614257946
SYN-W-0299,webcam,SYN-FACE-03,nose,0.16987619841417556
SYN-W-0299,webcam,SYN-FACE-03,mouth,0.2940434882015382
SYN-W-0299,webcam,SYN-FACE-03,other,0.14791020441198552
SYN-W-0300,webcam,SYN-FACE-01,left_eye,0.1961679328983341
SYN-W-0300,webcam,SYN-FACE-01,right_eye,0.17691468569097474
SYN-W-0300,webcam,SYN-FACE-01,nose,0.07871867918355913
SYN-W-0300,webcam,SYN-FACE-01,mouth,0.4469191547103029
SYN-W-0300,webcam,SYN-FACE-01,other,0.10127954751682908
SYN-W-0300,webcam,SYN-FACE-02,left_eye,0.03389242880048984
SYN-W-0300,webcam,SYN-FACE-02,right_eye,0.18337158337640833
SYN-W-0300,webcam,SYN-FACE-02,nose,0.23664290036814245
SYN-W-0300,webcam,SYN-FACE-02,mouth,0.4171781373340422
SYN-W-0300,webcam,SYN-FACE-02,other,0.1289149501209171
SYN-W-0300,webcam,SYN-FACE-03,left_eye,0.1734583422362045
SYN-W-0300,webcam,SYN-FACE-03,right_eye,0.24179204087344264
SYN-W-0300,webcam,SYN-FACE-03,nose,0.11849704625854544
SYN-W-0300,webcam,SYN-FACE-03,mouth,0.2312572920267355
SYN-W-0300,webcam,SYN-FACE-03,other,0.23499527860507188
SYN-W-0301,webcam,SYN-FACE-01,left_eye,0.2445601503319776
SYN-W-0301,webcam,SYN-FACE-01,right_eye,0.1972039050301868
SYN-W-0301,webcam,SYN-FACE-01,nose,0.3792400180665002
SYN-W-0301,webcam,SYN-FACE-01,mouth,0.06828628674868455
SYN-W-0301,webcam,SYN-FACE-01,other,0.11070963982265088
SYN-W-0301,webcam,SYN-FACE-02,left_eye,0.0
SYN-W-0301,webcam,SYN-FACE-02,right_eye,0.36090718737671684
SYN-W-0301,webcam,SYN-FACE-02,nose,0.12542825627551085
SYN-W-0301,webcam,SYN-FACE-02,mouth,0.4334645830940418
SYN-W-0301,webcam,SYN-FACE-02,other,0.08019997325373052
SYN-W-0301,webcam,SYN-FACE-03,left_eye,0.22604046857238685
SYN-W-0301,webcam,SYN-FACE-03,right_eye,0.07133404124791139
SYN-W-0301,webcam,SYN-FACE-03,nose,0.3839557863304211
SYN-W-0301,webcam,SYN-FACE-03,mouth,0.27918230637207136
SYN-W-0301,webcam,SYN-FACE-03,other,0.03948739747720924
SYN-W-0302,webcam,SYN-FACE-01,left_eye,0.22564696995108555
SYN-W-0302,webcam,SYN-FACE-01,right_eye,0.31351428907399165
SYN-W-0302,webcam,SYN-FACE-01,nose,0.06993716115467649
SYN-W-0302,webcam,SYN-FACE-01,mouth,0.3008221027303309
SYN-W-0302,webcam,SYN-FACE-01,other,0.09007947708991537
SYN-W-0302,webcam,SYN-FACE-02,left_eye,0.1796443159745685
SYN-W-0302,webcam,SYN-FACE-02,right_eye,0.08823342133749497
SYN-W-0302,webcam,SYN-FACE-02,nose,0.2631456335788114
SYN-W-0302,webcam,SYN-FACE-02,mouth,0.3946346011605117
SYN-W-0302,webcam,SYN-FACE-02,other,0.07434202794861351
SYN-W-0302,webcam,SYN-FACE-03,left_eye,0.25283994260838416
SYN-W-0302,webcam,SYN-FACE-03,right_eye,0.31104664904350393
SYN-W-0302,webcam,SYN-FACE-03,nose,0.1767960835377715
SYN-W-0302,webcam,SYN-FACE-03,mouth,0.2593173248103405
SYN-W-0302,webcam,SYN-FACE-03,other,0.0
SYN-W-0303,webcam,SYN-FACE-01,left_eye,0.2899976831851326
SYN-W-0303,webcam,SYN-FACE-01,right_eye,0.41124422200461336
SYN-W-0303,webcam,SYN-FACE-01,nose,0.1997412984259071
SYN-W-0303,webcam,SYN-FACE-01,mouth,0.09901679638434696
SYN-W-0303,webcam,SYN-FACE-01,other,0.0
SYN-W-0303,webcam,SYN-FACE-02,left_eye,0.0
SYN-W-0303,webcam,SYN-FACE-02,right_eye,0.19797909124168123
SYN-W-0303,webcam,SYN-FACE-02,nose,0.2813014900499696
SYN-W-0303,webcam,SYN-FACE-02,mouth,0.30035116921915783
SYN-W-0303,webcam,SYN-FACE-02,other,0.2203682494891913
SYN-W-0303,webcam,SYN-FACE-03,left_eye,0.1501154714457272
SYN-W-0303,webcam,SYN-FACE-03,right_eye,0.33446600561874384
SYN-W-0303,webcam,SYN-FACE-03,nose,0.39310441226088816
SYN-W-0303,webcam,SYN-FACE-03,mouth,0.08742771638219528
SYN-W-0303,webcam,SYN-FACE-03,other,0.03488639429244549
SYN-W-0304,webcam,SYN-FACE-01,left_eye,0.27984239679277656
SYN-W-0304,webcam,SYN-FACE-01,right_eye,0.24706266020759404
SYN-W-0304,webcam,SYN-FACE-01,nose,0.15157802384180732
SYN-W-0304,webcam,SYN-FACE-01,mouth,0.22409816523679332
SYN-W-0304,webcam,SYN-FACE-01,other,0.09741875392102876
SYN-W-0304,webcam,SYN-FACE-02,left_eye,0.057263943941115676
SYN-W-0304,webcam,SYN-FACE-02,right_eye,0.3886777182447268
SYN-W-0304,webcam,SYN-FACE-02,nose,0.13944530815118975
SYN-W-0304,webcam,SYN-FACE-02,mouth,0.3080764656764686
SYN-W-0304,webcam,SYN-FACE-02,other,0.10653656398649923
SYN-W-0304,webcam,SYN-FACE-03,left_eye,0.2605016066266462
SYN-W-0304,webcam,SYN-FACE-03,right_eye,0.1526590504451463
SYN-W-0304,webcam,SYN-FACE-03,nose,0.17861087812941023
SYN-W-0304,webcam,SYN-FACE-03,mouth,0.13951792979547334
SYN-W-0304,webcam,SYN-FACE-03,other,0.2687105350033239
SYN-W-0305,webcam,SYN-FACE-01,left_eye,0.2886793315743056
SYN-W-0305,webcam,SYN-FACE-01,right_eye,0.308301902483338
SYN-W-0305,webcam,SYN-FACE-01,nose,0.05880514387900477
SYN-W-0305,webcam,SYN-FACE-01,mouth,0.11266994258113659
SYN-W-0305,webcam,SYN-FACE-01,other,0.23154367948221505
SYN-W-0305,webcam,SYN-FACE-02,left_eye,0.3940070655065583
SYN-W-0305,webcam,SYN-FACE-02,right_eye,0.2767548334601155
SYN-W-0305,webcam,SYN-FACE-02,nose,0.165700548844127
SYN-W-0305,webcam,SYN-FACE-02,mouth,0.04492920192037266
SYN-W-0305,webcam,SYN-FACE-02,other,0.1186083502688266
SYN-W-0305,webcam,SYN-FACE-03,left_eye,0.5211025941961897
SYN-W-0305,webcam,SYN-FACE-03,right_eye,0.17160845753951212
SYN-W-0305,webcam,SYN-FACE-03,nose,0.08210899376861054
SYN-W-0305,webcam,SYN-FACE-03,mouth,0.17449331467046714
SYN-W-0305,webcam,SYN-FACE-03,other,0.050686639825220536
SYN-W-0306,webcam,SYN-FACE-01,left_eye,0.2504902818389969
SYN-W-0306,webcam,SYN-FACE-01,right_eye,0.27403842090597436
SYN-W-0306,webcam,SYN-FACE-01,nose,0.15080786824201184
SYN-W-0306,webcam,SYN-FACE-01,mouth,0.27890522041584836
SYN-W-0306,webcam,SYN-FACE-01,other,0.045758208597168594
SYN-W-0306,webcam,SYN-FACE-02,left_eye,0.07254711276267646
SYN-W-0306,webcam,SYN-FACE-02,right_eye,0.18105663685809706
SYN-W-0306,webcam,SYN-FACE-02,nose,0.3510302777046397
SYN-W-0306,webcam,SYN-FACE-02,mouth,0.3155518165918819
SYN-W-0306,webcam,SYN-FACE-02,other,0.07981415608270484
SYN-W-0306,webcam,SYN-FACE-03,left_eye,0.0
SYN-W-0306,webcam,SYN-FACE-03,right_eye,0.4157555194726514
SYN-W-0306,webcam,SYN-FACE-03,nose,0.14316347565202597
SYN-W-0306,webcam,SYN-FACE-03,mouth,0.3945042588189909
SYN-W-0306,webcam,SYN-FACE-03,other,0.04657674605633166
SYN-W-0307,webcam,SYN-FACE-01,left_eye,0.21457687464807598
SYN-W-0307,webcam,SYN-FACE-01,right_eye,0.12228598686002247
SYN-W-0307,webcam,SYN-FACE-01,nose,0.07328685442709344
SYN-W-0307,webcam,SYN-FACE-01,mouth,0.46337477939099597
SYN-W-0307,webcam,SYN-FACE-01,other,0.12647550467381208
SYN-W-0307,webcam,SYN-FACE-02,left_eye,0.2888500565369386
SYN-W-0307,webcam,SYN-FACE-02,right_eye,0.30787433370994566
SYN-W-0307,webcam,SYN-FACE-02,nose,0.15480774251854132
SYN-W-0307,webcam,SYN-FACE-02,mouth,0.24846786723457445
SYN-W-0307,webcam,SYN-FACE-02,other,0.0
SYN-W-0307,webcam,SYN-FACE-03,left_eye,0.5648743293605872
SYN-W-0307,webcam,SYN-FACE-03,right_eye,0.19720977939440823
SYN-W-0307,webcam,SYN-FACE-03,nose,0.1028626334220277
SYN-W-0307,webcam,SYN-FACE-03,mouth,0.10949458516475988
SYN-W-0307,webcam,SYN-FACE-03,other,0.025558672658216992
SYN-W-0308,webcam,SYN-FACE-01,left_eye,0.12563246493735186
SYN-W-0308,webcam,SYN-FACE-01,right_eye,0.2165552325420679
SYN-W-0308,webcam,SYN-FACE-01,nose,0.33993760480773416
SYN-W-0308,webcam,SYN-FACE-01,mouth,0.24736551072615237
SYN-W-0308,webcam,SYN-FACE-01,other,0.07050918698669374
SYN-W-0308,webcam,SYN-FACE-02,left_eye,0.2871921698778361
SYN-W-0308,webcam,SYN-FACE-02,right_eye,0.31721015440791656
SYN-W-0308,webcam,SYN-FACE-02,nose,0.10442932517283166
SYN-W-0308,webcam,SYN-FACE-02,mouth,0.2911683505414156
SYN-W-0308,webcam,SYN-FACE-02,other,0.0
SYN-W-0308,webcam,SYN-FACE-03,left_eye,0.47941028619190357
SYN-W-0308,webcam,SYN-FACE-03,right_eye,0.26212815367028836
SYN-W-0308,webcam,SYN-FACE-03,nose,0.1123774339699832
SYN-W-0308,webcam,SYN-FACE-03,mouth,0.12278817232130464
SYN-W-0308,webcam,SYN-FACE-03,other,0.02329595384652017
SYN-W-0309,webcam,SYN-FACE-01,left_eye,0.40532625169616004
SYN-W-0309,webcam,SYN-FACE-01,right_eye,0.21034200707640946
SYN-W-0309,webcam,SYN-FACE-01,nose,0.20789631898353578
SYN-W-0309,webcam,SYN-FACE-01,mouth,0.17643542224389472
SYN-W-0309,webcam,SYN-FACE-01,other,0.0
SYN-W-0309,webcam,SYN-FACE-02,left_eye,0.32324951130755936
SYN-W-0309,webcam,SYN-FACE-02,right_eye,0.24071385380175261
SYN-W-0309,webcam,SYN-FACE-02,nose,0.21046986106156515
SYN-W-0309,webcam,SYN-FACE-02,mouth,0.22556677382912296
SYN-W-0309,webcam,SYN-FACE-02,other,0.0
SYN-W-0309,webcam,SYN-FACE-03,left_eye,0.257252188710306
SYN-W-0309,webcam,SYN-FACE-03,right_eye,0.17824899443134062
SYN-W-0309,webcam,SYN-FACE-03,nose,0.17359182330312134
SYN-W-0309,webcam,SYN-FACE-03,mouth,0.28665993514973787
SYN-W-0309,webcam,SYN-FACE-03,other,0.10424705840549413
SYN-W-0310,webcam,SYN-FACE-01,left_eye,0.17272016403745566
SYN-W-0310,webcam,SYN-FACE-01,right_eye,0.307816938533208
SYN-W-0310,webcam,SYN-FACE-01,nose,0.1153906495049449
SYN-W-0310,webcam,SYN-FACE-01,mouth,0.20367557543629744
SYN-W-0310,webcam,SYN-FACE-01,other,0.20039667248809392
SYN-W-0310,webcam,SYN-FACE-02,left_eye,0.1444793355062109
SYN-W-0310,webcam,SYN-FACE-02,right_eye,0.18005648247050907
SYN-W-0310,webcam,SYN-FACE-02,nose,0.28551678899122773
SYN-W-0310,webcam,SYN-FACE-02,mouth,0.3899473930320523
SYN-W-0310,webcam,SYN-FACE-02,other,0.0
SYN-W-0310,webcam,SYN-FACE-03,left_eye,0.2684807064186341
SYN-W-0310,webcam,SYN-FACE-03,right_eye,0.16692947207668762
SYN-W-0310,webcam,SYN-FACE-03,nose,0.33649970981141714
SYN-W-0310,webcam,SYN-FACE-03,mouth,0.07246734242634621
SYN-W-0310,webcam,SYN-FACE-03,other,0.15562276926691485
SYN-W-0311,webcam,SYN-FACE-01,left_eye,0.24319292029319686
SYN-W-0311,webcam,SYN-FACE-01,right_eye,0.46353160850674685
SYN-W-0311,webcam,SYN-FACE-01,nose,0.10139882345207715
SYN-W-0311,webcam,SYN-FACE-01,mouth,0.1536581003571554
SYN-W-0311,webcam,SYN-FACE-01,other,0.03821854739082371
SYN-W-0311,webcam,SYN-FACE-02,left_eye,0.14172046758163603
SYN-W-0311,webcam,SYN-FACE-02,right_eye,0.22995563438871733
SYN-W-0311,webcam,SYN-FACE-02,nose,0.33087725639598153
SYN-W-0311,webcam,SYN-FACE-02,mouth,0.2974466416336651
SYN-W-0311,webcam,SYN-FACE-02,other,0.0
SYN-W-0311,webcam,SYN-FACE-03,left_eye,0.23110691855368654
SYN-W-0311,webcam,SYN-FACE-03,right_eye,0.21192904670809828
SYN-W-0311,webcam,SYN-FACE-03,nose,0.26417494818270093
SYN-W-0311,webcam,SYN-FACE-03,mouth,0.17275522885114694
SYN-W-0311,webcam,SYN-FACE-03,other,0.1200338577043673
SYN-W-0312,webcam,SYN-FACE-01,left_eye,0.20673914691284812
SYN-W-0312,webcam,SYN-FACE-01,right_eye,0.34285457567174477
SYN-W-0312,webcam,SYN-FACE-01,nose,0.10500566432665011
SYN-W-0312,webcam,SYN-FACE-01,mouth,0.3043076282163843
SYN-W-0312,webcam,SYN-FACE-01,other,0.041092984872372784
SYN-W-0312,webcam,SYN-FACE-02,left_eye,0.33839506085403914
SYN-W-0312,webcam,SYN-FACE-02,right_eye,0.06472725366423272
SYN-W-0312,webcam,SYN-FACE-02,nose,0.10758900177310692
SYN-W-0312,webcam,SYN-FACE-02,mouth,0.29701512984773204
SYN-W-0312,webcam,SYN-FACE-02,other,0.19227355386088923
SYN-W-0312,webcam,SYN-FACE-03,left_eye,0.28932035035639214
SYN-W-0312,webcam,SYN-FACE-03,right_eye,0.1346038927915305
SYN-W-0312,webcam,SYN-FACE-03,nose,0.1413118204987068
SYN-W-0312,webcam,SYN-FACE-03,mouth,0.2959479146000778
SYN-W-0312,webcam,SYN-FACE-03,other,0.13881602175329272
SYN-W-0313,webcam,SYN-FACE-01,left_eye,0.23648817882736212
SYN-W-0313,webcam,SYN-FACE-01,right_eye,0.24512130667571935
SYN-W-0313,webcam,SYN-FACE-01,nose,0.23745489870289915
SYN-W-0313,webcam,SYN-FACE-01,mouth,0.28093561579401943
SYN-W-0313,webcam,SYN-FACE-01,other,0.0
SYN-W-0313,webcam,SYN-FACE-02,left_eye,0.3992657580412181
SYN-W-0313,webcam,SYN-FACE-02,right_eye,0.2925182342700953
SYN-W-0313,webcam,SYN-FACE-02,nose,0.09435318656614186
SYN-W-0313,webcam,SYN-FACE-02,mouth,0.13544330381888192
SYN-W-0313,webcam,SYN-FACE-02,other,0.07841951730366284
SYN-W-0313,webcam,SYN-FACE-03,left_eye,0.3304488419659525
SYN-W-0313,webcam,SYN-FACE-03,right_eye,0.3783609358606466
SYN-W-0313,webcam,SYN-FACE-03,nose,0.15171284166039453
SYN-W-0313,webcam,SYN-FACE-03,mouth,0.06328305246408958
SYN-W-0313,webcam,SYN-FACE-03,other,0.07619432804891682
SYN-W-0314,webcam,SYN-FACE-01,left_eye,0.35118192938176607
SYN-W-0314,webcam,SYN-FACE-01,right_eye,0.20448246642895665
SYN-W-0314,webcam,SYN-FACE-01,nose,0.14918602864236136
SYN-W-0314,webcam,SYN-FACE-01,mouth,0.2951495755469159
SYN-W-0314,webcam,SYN-FACE-01,other,0.0
SYN-W-0314,webcam,SYN-FACE-02,left_eye,0.240521805703807
SYN-W-0314,webcam,SYN-FACE-02,right_eye,0.20485001004085934
SYN-W-0314,webcam,SYN-FACE-02,nose,0.09693081371615764
SYN-W-0314,webcam,SYN-FACE-02,mouth,0.3248893491203406
SYN-W-0314,webcam,SYN-FACE-02,other,0.13280802141883544
SYN-W-0314,webcam,SYN-FACE-03,left_eye,0.25270289610594904
SYN-W-0314,webcam,SYN-FACE-03,right_eye,0.24654049396080438
SYN-W-0314,webcam,SYN-FACE-03,nose,0.1711480687217881
SYN-W-0314,webcam,SYN-FACE-03,mouth,0.2294067965589258
SYN-W-0314,webcam,SYN-FACE-03,other,0.10020174465253266
SYN-W-0315,webcam,SYN-FACE-01,left_eye,0.33239063557245374
SYN-W-0315,webcam,SYN-FACE-01,right_eye,0.20271704758622716
SYN-W-0315,webcam,SYN-FACE-01,nose,0.20462191633791624
SYN-W-0315,webcam,SYN-FACE-01,mouth,0.20386099011918085
SYN-W-0315,webcam,SYN-FACE-01,other,0.05640941038422197
SYN-W-0315,webcam,SYN-FACE-02,left_eye,0.16104218023591896
SYN-W-0315,webcam,SYN-FACE-02,right_eye,0.06547988425248928
SYN-W-0315,webcam,SYN-FACE-02,nose,0.42813967543387305
SYN-W-0315,webcam,SYN-FACE-02,mouth,0.2980632998814645
SYN-W-0315,webcam,SYN-FACE-02,other,0.04727496019625417
SYN-W-0315,webcam,SYN-FACE-03,left_eye,0.1342755906283853
SYN-W-0315,webcam,SYN-FACE-03,right_eye,0.313006704221335
SYN-W-0315,webcam,SYN-FACE-03,nose,0.3015529974410025
SYN-W-0315,webcam,SYN-FACE-03,mouth,0.2511647077092773
SYN-W-0315,webcam,SYN-FACE-03,other,0.0
SYN-W-0316,webcam,SYN-FACE-01,left_eye,0.12159132405152442
SYN-W-0316,webcam,SYN-FACE-01,right_eye,0.18433005542267022
SYN-W-0316,webcam,SYN-FACE-01,nose,0.3673511192937934
SYN-W-0316,webcam,SYN-FACE-01,mouth,0.28857073768291275
SYN-W-0316,webcam,SYN-FACE-01,other,0.038156763549099214
SYN-W-0316,webcam,SYN-FACE-02,left_eye,0.34858425374681146
SYN-W-0316,webcam,SYN-FACE-02,right_eye,0.19825231904677515
SYN-W-0316,webcam,SYN-FACE-02,nose,0.17675173742748912
SYN-W-0316,webcam,SYN-FACE-02,mouth,0.2764116897789244
SYN-W-0316,webcam,SYN-FACE-02,other,0.0
SYN-W-0316,webcam,SYN-FACE-03,left_eye,0.35004456650178906
SYN-W-0316,webcam,SYN-FACE-03,right_eye,0.10822841020663372
SYN-W-0316,webcam,SYN-FACE-03,nose,0.2286163295094522
SYN-W-0316,webcam,SYN-FACE-03,mouth,0.24618015139233462
SYN-W-0316,webcam,SYN-FACE-03,other,0.06693054238979042
SYN-W-0317,webcam,SYN-FACE-01,left_eye,0.2018904198015623
SYN-W-0317,webcam,SYN-FACE-01,right_eye,0.22875422010000315
SYN-W-0317,webcam,SYN-FACE-01,nose,0.4594534067533382
SYN-W-0317,webcam,SYN-FACE-01,mouth,0.1099019533450964
SYN-W-0317,webcam,SYN-FACE-01,other,0.0
SYN-W-0317,webcam,SYN-FACE-02,left_eye,0.10532135447103737
SYN-W-0317,webcam,SYN-FACE-02,right_eye,0.4234999978347043
SYN-W-0317,webcam,SYN-FACE-02,nose,0.04913933715427165
SYN-W-0317,webcam,SYN-FACE-02,mouth,0.33460890624038814
SYN-W-0317,webcam,SYN-FACE-02,other,0.08743040429959859
SYN-W-0317,webcam,SYN-FACE-03,left_eye,0.31081029749484584
SYN-W-0317,webcam,SYN-FACE-03,right_eye,0.19952794527794
SYN-W-0317,webcam,SYN-FACE-03,nose,0.12553105539328213
SYN-W-0317,webcam,SYN-FACE-03,mouth,0.3385303278656396
SYN-W-0317,webcam,SYN-FACE-03,other,0.025600373968292553
SYN-W-0318,webcam,SYN-FACE-01,left_eye,0.2767363670607432
SYN-W-0318,webcam,SYN-FACE-01,right_eye,0.23338380750346055
SYN-W-0318,webcam,SYN-FACE-01,nose,0.20282857007480018
SYN-W-0318,webcam,SYN-FACE-01,mouth,0.253220098844943
SYN-W-0318,webcam,SYN-FACE-01,other,0.03383115651605299
SYN-W-0318,webcam,SYN-FACE-02,left_eye,0.15565821493060295
SYN-W-0318,webcam,SYN-FACE-02,right_eye,0.2833297352433067
SYN-W-0318,webcam,SYN-FACE-02,nose,0.06824327469211483
SYN-W-0318,webcam,SYN-FACE-02,mouth,0.45915909009755523
SYN-W-0318,webcam,SYN-FACE-02,other,0.033609685036420395
SYN-W-0318,webcam,SYN-FACE-03,left_eye,0.22902110386028718
SYN-W-0318,webcam,SYN-FACE-03,right_eye,0.4399220970425036
SYN-W-0318,webcam,SYN-FACE-03,nose,0.13702238088599633
SYN-W-0318,webcam,SYN-FACE-03,mouth,0.04051419987002979
SYN-W-0318,webcam,SYN-FACE-03,other,0.15352021834118304
SYN-W-0319,webcam,SYN-FACE-01,left_eye,0.31101171425526675
SYN-W-0319,webcam,SYN-FACE-01,right_eye,0.20997839305100366
SYN-W-0319,webcam,SYN-FACE-01,nose,0.06367107664524622
SYN-W-0319,webcam,SYN-FACE-01,mouth,0.26983441706704403
SYN-W-0319,webcam,SYN-FACE-01,other,0.14550439898143933
SYN-W-0319,webcam,SYN-FACE-02,left_eye,0.1936973555452394
SYN-W-0319,webcam,SYN-FACE-02,right_eye,0.18290255211832962
SYN-W-0319,webcam,SYN-FACE-02,nose,0.20713624364324998
SYN-W-0319,webcam,SYN-FACE-02,mouth,0.26481042981573266
SYN-W-0319,webcam,SYN-FACE-02,other,0.15145341887744826
SYN-W-0319,webcam,SYN-FACE-03,left_eye,0.3787575638347004
SYN-W-0319,webcam,SYN-FACE-03,right_eye,0.17723978186311712
SYN-W-0319,webcam,SYN-FACE-03,nose,0.25149739106015323
SYN-W-0319,webcam,SYN-FACE-03,mouth,0.12356369936362746
SYN-W-0319,webcam,SYN-FACE-03,other,0.06894156387840174
SYN-W-0320,webcam,SYN-FACE-01,left_eye,0.47288584932722083
SYN-W-0320,webcam,SYN-FACE-01,right_eye,0.29432604510784666
SYN-W-0320,webcam,SYN-FACE-01,nose,0.018525111226783516
SYN-W-0320,webcam,SYN-FACE-01,mouth,0.0904705720542908
SYN-W-0320,webcam,SYN-FACE-01,other,0.12379242228385813
SYN-W-0320,webcam,SYN-FACE-02,left_eye,0.17540386516790332
SYN-W-0320,webcam,SYN-FACE-02,right_eye,0.30849878654505414
SYN-W-0320,webcam,SYN-FACE-02,nose,0.15119776972515406
SYN-W-0320,webcam,SYN-FACE-02,mouth,0.28959960997078626
SYN-W-0320,webcam,SYN-FACE-02,other,0.07529996859110229
SYN-W-0320,webcam,SYN-FACE-03,left_eye,0.4812568281073291
SYN-W-0320,webcam,SYN-FACE-03,right_eye,0.21882872871681774
SYN-W-0320,webcam,SYN-FACE-03,nose,0.1235066862669424
SYN-W-0320,webcam,SYN-FACE-03,mouth,0.14049567399548893
SYN-W-0320,webcam,SYN-FACE-03,other,0.03591208291342175
SYN-W-0321,webcam,SYN-FACE-01,left_eye,0.25378332118276825
SYN-W-0321,webcam,SYN-FACE-01,right_eye,0.21037209523268577
SYN-W-0321,webcam,SYN-FACE-01,nose,0.18226138063152805
SYN-W-0321,webcam,SYN-FACE-01,mouth,0.32647991800580356
SYN-W-0321,webcam,SYN-FACE-01,other,0.027103284947214378
SYN-W-0321,webcam,SYN-FACE-02,left_eye,0.2324431234087491
SYN-W-0321,webcam,SYN-FACE-02,right_eye,0.20251774897710906
SYN-W-0321,webcam,SYN-FACE-02,nose,0.22732690827613963
SYN-W-0321,webcam,SYN-FACE-02,mouth,0.264603781924434
SYN-W-0321,webcam,SYN-FACE-02,other,0.07310843741356812
SYN-W-0321,webcam,SYN-FACE-03,left_eye,0.19731014910230107
SYN-W-0321,webcam,SYN-FACE-03,right_eye,0.2989319517051717
SYN-W-0321,webcam,SYN-FACE-03,nose,0.17352799485037976
SYN-W-0321,webcam,SYN-FACE-03,mouth,0.24340727354621877
SYN-W-0321,webcam,SYN-FACE-03,other,0.08682263079592864
SYN-W-0322,webcam,SYN-FACE-01,left_eye,0.4168082329498554
SYN-W-0322,webcam,SYN-FACE-01,right_eye,0.13360143388628468
SYN-W-0322,webcam,SYN-FACE-01,nose,0.2327589953758176
SYN-W-0322,webcam,SYN-FACE-01,mouth,0.14315886080880263
SYN-W-0322,webcam,SYN-FACE-01,other,0.07367247697923966
SYN-W-0322,webcam,SYN-FACE-02,left_eye,0.06834794286569988
SYN-W-0322,webcam,SYN-FACE-02,right_eye,0.1332829754380808
SYN-W-0322,webcam,SYN-FACE-02,nose,0.4609348420833123
SYN-W-0322,webcam,SYN-FACE-02,mouth,0.3374342396129071
SYN-W-0322,webcam,SYN-FACE-02,other,0.0
SYN-W-0322,webcam,SYN-FACE-03,left_eye,0.36469296012999936
SYN-W-0322,webcam,SYN-FACE-03,right_eye,0.18071409920653028
SYN-W-0322,webcam,SYN-FACE-03,nose,0.14782327540813256
SYN-W-0322,webcam,SYN-FACE-03,mouth,0.22243021166400853
SYN-W-0322,webcam,SYN-FACE-03,other,0.08433945359132924
SYN-W-0323,webcam,SYN-FACE-01,left_eye,0.28962802434406937
SYN-W-0323,webcam,SYN-FACE-01,right_eye,0.06266454723472926
SYN-W-0323,webcam,SYN-FACE-01,nose,0.18456239190326496
SYN-W-0323,webcam,SYN-FACE-01,mouth,0.3569421589789801
SYN-W-0323,webcam,SYN-FACE-01,other,0.10620287753895642
SYN-W-0323,webcam,SYN-FACE-02,left_eye,0.2196544698825889
SYN-W-0323,webcam,SYN-FACE-02,right_eye,0.3025617963515387
SYN-W-0323,webcam,SYN-FACE-02,nose,0.275525386604898
SYN-W-0323,webcam,SYN-FACE-02,mouth,0.15875131983876098
SYN-W-0323,webcam,SYN-FACE-02,other,0.04350702732221344
SYN-W-0323,webcam,SYN-FACE-03,left_eye,0.208589927083918
SYN-W-0323,webcam,SYN-FACE-03,right_eye,0.32588077463236353
SYN-W-0323,webcam,SYN-FACE-03,nose,0.22816961884410572
SYN-W-0323,webcam,SYN-FACE-03,mouth,0.23735967943961284
SYN-W-0323,webcam,SYN-FACE-03,other,0.0
SYN-W-0324,webcam,SYN-FACE-01,left_eye,0.38607707179077655
SYN-W-0324,webcam,SYN-FACE-01,right_eye,0.04617164603608261
SYN-W-0324,webcam,SYN-FACE-01,nose,0.3177458549487715
SYN-W-0324,webcam,SYN-FACE-01,mouth,0.21001560143669806
SYN-W-0324,webcam,SYN-FACE-01,other,0.03998982578767136
SYN-W-0324,webcam,SYN-FACE-02,left_eye,0.33562277687480796
SYN-W-0324,webcam,SYN-FACE-02,right_eye,0.33611641569642114
SYN-W-0324,webcam,SYN-FACE-02,nose,0.029125348983032623
SYN-W-0324,webcam,SYN-FACE-02,mouth,0.25850038822998495
SYN-W-0324,webcam,SYN-FACE-02,other,0.040635070215753265
SYN-W-0324,webcam,SYN-FACE-03,left_eye,0.31883414681521316
SYN-W-0324,webcam,SYN-FACE-03,right_eye,0.16013046923966767
SYN-W-0324,webcam,SYN-FACE-03,nose,0.2592633100729387
SYN-W-0324,webcam,SYN-FACE-03,mouth,0.14316246556313564
SYN-W-0324,webcam,SYN-FACE-03,other,0.11860960830904488
SYN-W-0325,webcam,SYN-FACE-01,left_eye,0.3072743186594003
SYN-W-0325,webcam,SYN-FACE-01,right_eye,0.25410346992677835
SYN-W-0325,webcam,SYN-FACE-01,nose,0.17818099040007843
SYN-W-0325,webcam,SYN-FACE-01,mouth,0.02524946204550735
SYN-W-0325,webcam,SYN-FACE-01,other,0.23519175896823558
SYN-W-0325,webcam,SYN-FACE-02,left_eye,0.25145515856432665
SYN-W-0325,webcam,SYN-FACE-02,right_eye,0.037855410732115104
SYN-W-0325,webcam,SYN-FACE-02,nose,0.38782981534984984
SYN-W-0325,webcam,SYN-FACE-02,mouth,0.3228596153537083
SYN-W-0325,webcam,SYN-FACE-02,other,0.0
SYN-W-0325,webcam,SYN-FACE-03,left_eye,0.19514194778702423
SYN-W-0325,webcam,SYN-FACE-03,right_eye,0.19099809213239585
SYN-W-0325,webcam,SYN-FACE-03,nose,0.3864837984588546
SYN-W-0325,webcam,SYN-FACE-03,mouth,0.22737616162172536
SYN-W-0325,webcam,SYN-FACE-03,other,0.0
SYN-W-0326,webcam,SYN-FACE-01,left_eye,0.2891317552145479
SYN-W-0326,webcam,SYN-FACE-01,right_eye,0.11062370407517827
SYN-W-0326,webcam,SYN-FACE-01,nose,0.12550544986251888
SYN-W-0326,webcam,SYN-FACE-01,mouth,0.3539447695563488
SYN-W-0326,webcam,SYN-FACE-01,other,0.12079432129140612
SYN-W-0326,webcam,SYN-FACE-02,left_eye,0.28367522875804174
SYN-W-0326,webcam,SYN-FACE-02,right_eye,0.3191805607862296
SYN-W-0326,webcam,SYN-FACE-02,nose,0.1599480266471926
SYN-W-0326,webcam,SYN-FACE-02,mouth,0.23719618380853605
SYN-W-0326,webcam,SYN-FACE-02,other,0.0
SYN-W-0326,webcam,SYN-FACE-03,left_eye,0.1550820205010191
SYN-W-0326,webcam,SYN-FACE-03,right_eye,0.20789173578130365
SYN-W-0326,webcam,SYN-FACE-03,nose,0.030603891390700223
SYN-W-0326,webcam,SYN-FACE-03,mouth,0.46366725209564047
SYN-W-0326,webcam,SYN-FACE-03,other,0.14275510023133656
SYN-W-0327,webcam,SYN-FACE-01,left_eye,0.20198263452198256
SYN-W-0327,webcam,SYN-FACE-01,right_eye,0.20297197426640898
SYN-W-0327,webcam,SYN-FACE-01,nose,0.3467773474592934
SYN-W-0327,webcam,SYN-FACE-01,mouth,0.20253757747461582
SYN-W-0327,webcam,SYN-FACE-01,other,0.045730466277699194
SYN-W-0327,webcam,SYN-FACE-02,left_eye,0.23604196882835124
SYN-W-0327,webcam,SYN-FACE-02,right_eye,0.33622803100118337
SYN-W-0327,webcam,SYN-FACE-02,nose,0.05365824043991431
SYN-W-0327,webcam,SYN-FACE-02,mouth,0.3278404314146412
SYN-W-0327,webcam,SYN-FACE-02,other,0.04623132831590994
SYN-W-0327,webcam,SYN-FACE-03,left_eye,0.22699519510169516
SYN-W-0327,webcam,SYN-FACE-03,right_eye,0.10023417270026899
SYN-W-0327,webcam,SYN-FACE-03,nose,0.06855355297083932
SYN-W-0327,webcam,SYN-FACE-03,mouth,0.25105459741766273
SYN-W-0327,webcam,SYN-FACE-03,other,0.3531624818095339
SYN-W-0328,webcam,SYN-FACE-01,left_eye,0.3219014645153439
SYN-W-0328,webcam,SYN-FACE-01,right_eye,0.3341150375453577
SYN-W-0328,webcam,SYN-FACE-01,nose,0.1561444440024926
SYN-W-0328,webcam,SYN-FACE-01,mouth,0.11812145809896568
SYN-W-0328,webcam,SYN-FACE-01,other,0.06971759583784007
SYN-W-0328,webcam,SYN-FACE-02,left_eye,0.389446362064553
SYN-W-0328,webcam,SYN-FACE-02,right_eye,0.1927792107884915
SYN-W-0328,webcam,SYN-FACE-02,nose,0.17850440185186914
SYN-W-0328,webcam,SYN-FACE-02,mouth,0.23927002529508629
SYN-W-0328,webcam,SYN-FACE-02,other,0.0
SYN-W-0328,webcam,SYN-FACE-03,left_eye,0.3943672846166231
SYN-W-0328,webcam,SYN-FACE-03,right_eye,0.18376114685125008
SYN-W-0328,webcam,SYN-FACE-03,nose,0.32201647425592583
SYN-W-0328,webcam,SYN-FACE-03,mouth,0.07074988892334129
SYN-W-0328,webcam,SYN-FACE-03,other,0.029105205352859605
SYN-W-0329,webcam,SYN-FACE-01,left_eye,0.30603291070899735
SYN-W-0329,webcam,SYN-FACE-01,right_eye,0.22870960144604527
SYN-W-0329,webcam,SYN-FACE-01,nose,0.22734686739515614
SYN-W-0329,webcam,SYN-FACE-01,mouth,0.215328274632731
SYN-W-0329,webcam,SYN-FACE-01,other,0.022582345817070266
SYN-W-0329,webcam,SYN-FACE-02,left_eye,0.2086928731219759
SYN-W-0329,webcam,SYN-FACE-02,right_eye,0.18293607164976664
SYN-W-0329,webcam,SYN-FACE-02,nose,0.23640297488807174
SYN-W-0329,webcam,SYN-FACE-02,mouth,0.3268002191659776
SYN-W-0329,webcam,SYN-FACE-02,other,0.04516786117420802
SYN-W-0329,webcam,SYN-FACE-03,left_eye,0.26450905958046894
SYN-W-0329,webcam,SYN-FACE-03,right_eye,0.3281254950369115
SYN-W-0329,webcam,SYN-FACE-03,nose,0.21813951448919422
SYN-W-0329,webcam,SYN-FACE-03,mouth,0.1892259308934253
SYN-W-0329,webcam,SYN-FACE-03,other,0.0
SYN-W-0330,webcam,SYN-FACE-01,left_eye,0.44408397546672823
SYN-W-0330,webcam,SYN-FACE-01,right_eye,0.10678711135526356
SYN-W-0330,webcam,SYN-FACE-01,nose,0.2186038327963299
SYN-W-0330,webcam,SYN-FACE-01,mouth,0.1429409361084499
SYN-W-0330,webcam,SYN-FACE-01,other,0.08758414427322839
SYN-W-0330,webcam,SYN-FACE-02,left_eye,0.3455534652814304
SYN-W-0330,webcam,SYN-FACE-02,right_eye,0.17157083064090192
SYN-W-0330,webcam,SYN-FACE-02,nose,0.08634727664082256
SYN-W-0330,webcam,SYN-FACE-02,mouth,0.34304483095363086
SYN-W-0330,webcam,SYN-FACE-02,other,0.05348359648321431
SYN-W-0330,webcam,SYN-FACE-03,left_eye,0.2606075885345807
SYN-W-0330,webcam,SYN-FACE-03,right_eye,0.22370223915587173
SYN-W-0330,webcam,SYN-FACE-03,nose,0.18264602335127753
SYN-W-0330,webcam,SYN-FACE-03,mouth,0.2785965511778852
SYN-W-0330,webcam,SYN-FACE-03,other,0.05444759778038482
SYN-W-0331,webcam,SYN-FACE-01,left_eye,0.2955821827230819
SYN-W-0331,webcam,SYN-FACE-01,right_eye,0.09994679780249385
SYN-W-0331,webcam,SYN-FACE-01,nose,0.21864268388037955
SYN-W-0331,webcam,SYN-FACE-01,mouth,0.38582833559404467
SYN-W-0331,webcam,SYN-FACE-01,other,0.0
SYN-W-0331,webcam,SYN-FACE-02,left_eye,0.0891836384567706
SYN-W-0331,webcam,SYN-FACE-02,right_eye,0.30540696039593873
SYN-W-0331,webcam,SYN-FACE-02,nose,0.32391720029727183
SYN-W-0331,webcam,SYN-FACE-02,mouth,0.2313152612514169
SYN-W-0331,webcam,SYN-FACE-02,other,0.05017693959860196
SYN-W-0331,webcam,SYN-FACE-03,left_eye,0.21171327399150658
SYN-W-0331,webcam,SYN-FACE-03,right_eye,0.21104686410593126
SYN-W-0331,webcam,SYN-FACE-03,nose,0.25303607699202646
SYN-W-0331,webcam,SYN-FACE-03,mouth,0.2894290781757751
SYN-W-0331,webcam,SYN-FACE-03,other,0.03477470673476051
SYN-W-0332,webcam,SYN-FACE-01,left_eye,0.3808282442683075
SYN-W-0332,webcam,SYN-FACE-01,right_eye,0.22955284198557807
SYN-W-0332,webcam,SYN-FACE-01,nose,0.22168844276552874
SYN-W-0332,webcam,SYN-FACE-01,mouth,0.1335936018220957
SYN-W-0332,webcam,SYN-FACE-01,other,0.03433686915848995
SYN-W-0332,webcam,SYN-FACE-02,left_eye,0.31620840931413
SYN-W-0332,webcam,SYN-FACE-02,right_eye,0.11731970173143592
SYN-W-0332,webcam,SYN-FACE-02,nose,0.25485731942490897
SYN-W-0332,webcam,SYN-FACE-02,mouth,0.28801577995295397
SYN-W-0332,webcam,SYN-FACE-02,other,0.02359878957657117
SYN-W-0332,webcam,SYN-FACE-03,left_eye,0.23813491963574276
SYN-W-0332,webcam,SYN-FACE-03,right_eye,0.2987748381628198
SYN-W-0332,webcam,SYN-FACE-03,nose,0.2230049907013517
SYN-W-0332,webcam,SYN-FACE-03,mouth,0.16054284585227002
SYN-W-0332,webcam,SYN-FACE-03,other,0.0795424056478157
SYN-W-0333,webcam,SYN-FACE-01,left_eye,0.18609396157448127
SYN-W-0333,webcam,SYN-FACE-01,right_eye,0.18345320398379056
SYN-W-0333,webcam,SYN-FACE-01,nose,0.31882316847025494
SYN-W-0333,webcam,SYN-FACE-01,mouth,0.17264023068067705
SYN-W-0333,webcam,SYN-FACE-01,other,0.13898943529079616
SYN-W-0333,webcam,SYN-FACE-02,left_eye,0.07135874576982303
SYN-W-0333,webcam,SYN-FACE-02,right_eye,0.5035509394944543
SYN-W-0333,webcam,SYN-FACE-02,nose,0.09525596342258451
SYN-W-0333,webcam,SYN-FACE-02,mouth,0.3298343513131382
SYN-W-0333,webcam,SYN-FACE-02,other,0.0
SYN-W-0333,webcam,SYN-FACE-03,left_eye,0.24885437375408875
SYN-W-0333,webcam,SYN-FACE-03,right_eye,0.09898349534321454
SYN-W-0333,webcam,SYN-FACE-03,nose,0.42800881567298277
SYN-W-0333,webcam,SYN-FACE-03,mouth,0.13681769483329945
SYN-W-0333,webcam,SYN-FACE-03,other,0.08733562039641454
SYN-W-0334,webcam,SYN-FACE-01,left_eye,0.3871687972072728
SYN-W-0334,webcam,SYN-FACE-01,right_eye,0.21227622813687713
SYN-W-0334,webcam,SYN-FACE-01,nose,0.19212142265850427
SYN-W-0334,webcam,SYN-FACE-01,mouth,0.1635090857022676
SYN-W-0334,webcam,SYN-FACE-01,other,0.044924466295078194
SYN-W-0334,webcam,SYN-FACE-02,left_eye,0.2559797765016021
SYN-W-0334,webcam,SYN-FACE-02,right_eye,0.1780729143037874
SYN-W-0334,webcam,SYN-FACE-02,nose,0.2067024079775275
SYN-W-0334,webcam,SYN-FACE-02,mouth,0.28679594078510845
SYN-W-0334,webcam,SYN-FACE-02,other,0.07244896043197456
SYN-W-0334,webcam,SYN-FACE-03,left_eye,0.35677418291885793
SYN-W-0334,webcam,SYN-FACE-03,right_eye,0.3897605453414297
SYN-W-0334,webcam,SYN-FACE-03,nose,0.08424265635154445
SYN-W-0334,webcam,SYN-FACE-03,mouth,0.14823280990829055
SYN-W-0334,webcam,SYN-FACE-03,other,0.020989805479877374
SYN-W-0335,webcam,SYN-FACE-01,left_eye,0.20038466338196664
SYN-W-0335,webcam,SYN-FACE-01,right_eye,0.47968753652863116
SYN-W-0335,webcam,SYN-FACE-01,nose,0.09933192437988664
SYN-W-0335,webcam,SYN-FACE-01,mouth,0.1461959887248846
SYN-W-0335,webcam,SYN-FACE-01,other,0.07439988698463096
SYN-W-0335,webcam,SYN-FACE-02,left_eye,0.039710087438499075
SYN-W-0335,webcam,SYN-FACE-02,right_eye,0.32008868234157034
SYN-W-0335,webcam,SYN-FACE-02,nose,0.3044375479912107
SYN-W-0335,webcam,SYN-FACE-02,mouth,0.2514838149848096
SYN-W-0335,webcam,SYN-FACE-02,other,0.08427986724391039
SYN-W-0335,webcam,SYN-FACE-03,left_eye,0.28891537326657124
SYN-W-0335,webcam,SYN-FACE-03,right_eye,0.22564493107227934
SYN-W-0335,webcam,SYN-FACE-03,nose,0.14874221185755063
SYN-W-0335,webcam,SYN-FACE-03,mouth,0.2451883170388218
SYN-W-0335,webcam,SYN-FACE-03,other,0.09150916676477702
SYN-W-0336,webcam,SYN-FACE-01,left_eye,0.4000142372544147
SYN-W-0336,webcam,SYN-FACE-01,right_eye,0.18002617649289682
SYN-W-0336,webcam,SYN-FACE-01,nose,0.1287846085829099
SYN-W-0336,webcam,SYN-FACE-01,mouth,0.16468019395926944
SYN-W-0336,webcam,SYN-FACE-01,other,0.12649478371050907
SYN-W-0336,webcam,SYN-FACE-02,left_eye,0.2389527031732224
SYN-W-0336,webcam,SYN-FACE-02,right_eye,0.12710698939132078
SYN-W-0336,webcam,SYN-FACE-02,nose,0.2842683518420518
SYN-W-0336,webcam,SYN-FACE-02,mouth,0.2786699908427261
SYN-W-0336,webcam,SYN-FACE-02,other,0.07100196475067887
SYN-W-0336,webcam,SYN-FACE-03,left_eye,0.2547796042411298
SYN-W-0336,webcam,SYN-FACE-03,right_eye,0.242785813255398
SYN-W-0336,webcam,SYN-FACE-03,nose,0.23189145191887597
SYN-W-0336,webcam,SYN-FACE-03,mouth,0.27054313058459634
SYN-W-0336,webcam,SYN-FACE-03,other,0.0
SYN-W-0337,webcam,SYN-FACE-01,left_eye,0.19052695952574966
SYN-W-0337,webcam,SYN-FACE-01,right_eye,0.1581595068227187
SYN-W-0337,webcam,SYN-FACE-01,nose,0.12613969386925386
SYN-W-0337,webcam,SYN-FACE-01,mouth,0.4361300580605988
SYN-W-0337,webcam,SYN-FACE-01,other,0.08904378172167904
SYN-W-0337,webcam,SYN-FACE-02,left_eye,0.1157220009378651
SYN-W-0337,webcam,SYN-FACE-02,right_eye,0.17253842729866659
SYN-W-0337,webcam,SYN-FACE-02,nose,0.11186736765348802
SYN-W-0337,webcam,SYN-FACE-02,mouth,0.5557076981244393
SYN-W-0337,webcam,SYN-FACE-02,other,0.044164505985541044
SYN-W-0337,webcam,SYN-FACE-03,left_eye,0.371982937935232
SYN-W-0337,webcam,SYN-FACE-03,right_eye,0.21477118514260732
SYN-W-0337,webcam,SYN-FACE-03,nose,0.0855476429413648
SYN-W-0337,webcam,SYN-FACE-03,mouth,0.2958002929317378
SYN-W-0337,webcam,SYN-FACE-03,other,0.031897941049058
SYN-W-0338,webcam,SYN-FACE-01,left_eye,0.08245654790752845
SYN-W-0338,webcam,SYN-FACE-01,right_eye,0.5410247881516949
SYN-W-0338,webcam,SYN-FACE-01,nose,0.2137712734018016
SYN-W-0338,webcam,SYN-FACE-01,mouth,0.12112985075168425
SYN-W-0338,webcam,SYN-FACE-01,other,0.041617539787290894
SYN-W-0338,webcam,SYN-FACE-02,left_eye,0.05510555144497065
SYN-W-0338,webcam,SYN-FACE-02,right_eye,0.14506386834471677
SYN-W-0338,webcam,SYN-FACE-02,nose,0.2881774382306965
SYN-W-0338,webcam,SYN-FACE-02,mouth,0.511653141979616
SYN-W-0338,webcam,SYN-FACE-02,other,0.0
SYN-W-0338,webcam,SYN-FACE-03,left_eye,0.4322550800354483
SYN-W-0338,webcam,SYN-FACE-03,right_eye,0.08874894035162616
SYN-W-0338,webcam,SYN-FACE-03,nose,0.11855276674371511
SYN-W-0338,webcam,SYN-FACE-03,mouth,0.3058839818406532
SYN-W-0338,webcam,SYN-FACE-03,other,0.054559231028557226
SYN-W-0339,webcam,SYN-FACE-01,left_eye,0.12906457939599011
SYN-W-0339,webcam,SYN-FACE-01,right_eye,0.41494227637352504
SYN-W-0339,webcam,SYN-FACE-01,nose,0.12006357462144712
SYN-W-0339,webcam,SYN-FACE-01,mouth,0.3359295696090378
SYN-W-0339,webcam,SYN-FACE-01,other,0.0
SYN-W-0339,webcam,SYN-FACE-02,left_eye,0.18340496684568536
SYN-W-0339,webcam,SYN-FACE-02,right_eye,0.14811749918307662
SYN-W-0339,webcam,SYN-FACE-02,nose,0.06657051859985842
SYN-W-0339,webcam,SYN-FACE-02,mouth,0.5529144773844616
SYN-W-0339,webcam,SYN-FACE-02,other,0.048992537986917946
SYN-W-0339,webcam,SYN-FACE-03,left_eye,0.4785910701380866
SYN-W-0339,webcam,SYN-FACE-03,right_eye,0.13318143267573698
SYN-W-0339,webcam,SYN-FACE-03,nose,0.05399610198867958
SYN-W-0339,webcam,SYN-FACE-03,mouth,0.1000815440735314
SYN-W-0339,webcam,SYN-FACE-03,other,0.23414985112396547
SYN-W-0340,webcam,SYN-FACE-01,left_eye,0.3286573214241747
SYN-W-0340,webcam,SYN-FACE-01,right_eye,0.2190433831405422
SYN-W-0340,webcam,SYN-FACE-01,nose,0.16157654382819783
SYN-W-0340,webcam,SYN-FACE-01,mouth,0.2907227516070853
SYN-W-0340,webcam,SYN-FACE-01,other,0.0
SYN-W-0340,webcam,SYN-FACE-02,left_eye,0.11851845883170226
SYN-W-0340,webcam,SYN-FACE-02,right_eye,0.0932040989189802
SYN-W-0340,webcam,SYN-FACE-02,nose,0.18687051802899488
SYN-W-0340,webcam,SYN-FACE-02,mouth,0.38717531981114706
SYN-W-0340,webcam,SYN-FACE-02,other,0.21423160440917557
SYN-W-0340,webcam,SYN-FACE-03,left_eye,0.5250091263581205
SYN-W-0340,webcam,SYN-FACE-03,right_eye,0.2475771236173741
SYN-W-0340,webcam,SYN-FACE-03,nose,0.09397380925435456
SYN-W-0340,webcam,SYN-FACE-03,mouth,0.13343994077015084
SYN-W-0340,webcam,SYN-FACE-03,other,0.0
SYN-W-0341,webcam,SYN-FACE-01,left_eye,0.27526894072087527
SYN-W-0341,webcam,SYN-FACE-01,right_eye,0.3724299194678023
SYN-W-0341,webcam,SYN-FACE-01,nose,0.0978696803870969
SYN-W-0341,webcam,SYN-FACE-01,mouth,0.2544314594242255
SYN-W-0341,webcam,SYN-FACE-01,other,0.0
SYN-W-0341,webcam,SYN-FACE-02,left_eye,0.2269533223626138
SYN-W-0341,webcam,SYN-FACE-02,right_eye,0.12624448861875986
SYN-W-0341,webcam,SYN-FACE-02,nose,0.265659058717517
SYN-W-0341,webcam,SYN-FACE-02,mouth,0.30470523428194973
SYN-W-0341,webcam,SYN-FACE-02,other,0.0764378960191596
SYN-W-0341,webcam,SYN-FACE-03,left_eye,0.19006008089002982
SYN-W-0341,webcam,SYN-FACE-03,right_eye,0.22402590449071869
SYN-W-0341,webcam,SYN-FACE-03,nose,0.24258586334702478
SYN-W-0341,webcam,SYN-FACE-03,mouth,0.2315402205691409
SYN-W-0341,webcam,SYN-FACE-03,other,0.11178793070308578
SYN-W-0342,webcam,SYN-FACE-01,left_eye,0.3476587483857294
SYN-W-0342,webcam,SYN-FACE-01,right_eye,0.1799198683356266
SYN-W-0342,webcam,SYN-FACE-01,nose,0.2638802690429186
SYN-W-0342,webcam,SYN-FACE-01,mouth,0.16876527671946845
SYN-W-0342,webcam,SYN-FACE-01,other,0.03977583751625686
SYN-W-0342,webcam,SYN-FACE-02,left_eye,0.16044088660320815
SYN-W-0342,webcam,SYN-FACE-02,right_eye,0.287695588835592
SYN-W-0342,webcam,SYN-FACE-02,nose,0.1558043626878045
SYN-W-0342,webcam,SYN-FACE-02,mouth,0.2355801613877109
SYN-W-0342,webcam,SYN-FACE-02,other,0.1604790004856844
SYN-W-0342,webcam,SYN-FACE-03,left_eye,0.12355816090888025
SYN-W-0342,webcam,SYN-FACE-03,right_eye,0.22329631685158774
SYN-W-0342,webcam,SYN-FACE-03,nose,0.2172565898885432
SYN-W-0342,webcam,SYN-FACE-03,mouth,0.388835478722135
SYN-W-0342,webcam,SYN-FACE-03,other,0.04705345362885374
SYN-W-0343,webcam,SYN-FACE-01,left_eye,0.1915465457246992
SYN-W-0343,webcam,SYN-FACE-01,right_eye,0.2828603263522472
SYN-W-0343,webcam,SYN-FACE-01,nose,0.1285537615015961
SYN-W-0343,webcam,SYN-FACE-01,mouth,0.29150970406583393
SYN-W-0343,webcam,SYN-FACE-01,other,0.10552966235562355
SYN-W-0343,webcam,SYN-FACE-02,left_eye,0.17852541479252154
SYN-W-0343,webcam,SYN-FACE-02,right_eye,0.33886089081853027
SYN-W-0343,webcam,SYN-FACE-02,nose,0.09761941473063235
SYN-W-0343,webcam,SYN-FACE-02,mouth,0.2976996279723986
SYN-W-0343,webcam,SYN-FACE-02,other,0.08729465168591735
SYN-W-0343,webcam,SYN-FACE-03,left_eye,0.24947109247016877
SYN-W-0343,webcam,SYN-FACE-03,right_eye,0.3008238668802025
SYN-W-0343,webcam,SYN-FACE-03,nose,0.12500224365918172
SYN-W-0343,webcam,SYN-FACE-03,mouth,0.20686312664743942
SYN-W-0343,webcam,SYN-FACE-03,other,0.11783967034300757
SYN-W-0344,webcam,SYN-FACE-01,left_eye,0.5076929973367073
SYN-W-0344,webcam,SYN-FACE-01,right_eye,0.0
SYN-W-0344,webcam,SYN-FACE-01,nose,0.09426245732772993
SYN-W-0344,webcam,SYN-FACE-01,mouth,0.3980445453355628
SYN-W-0344,webcam,SYN-FACE-01,other,0.0
SYN-W-0344,webcam,SYN-FACE-02,left_eye,0.11286374017597435
SYN-W-0344,webcam,SYN-FACE-02,right_eye,0.27324293951599865
SYN-W-0344,webcam,SYN-FACE-02,nose,0.2456879107827364
SYN-W-0344,webcam,SYN-FACE-02,mouth,0.27942729498484636
SYN-W-0344,webcam,SYN-FACE-02,other,0.08877811454044425
SYN-W-0344,webcam,SYN-FACE-03,left_eye,0.35371179595215835
SYN-W-0344,webcam,SYN-FACE-03,right_eye,0.3329367112029476
SYN-W-0344,webcam,SYN-FACE-03,nose,0.24371912536758092
SYN-W-0344,webcam,SYN-FACE-03,mouth,0.02619937844086285
SYN-W-0344,webcam,SYN-FACE-03,other,0.043432989036450306
SYN-W-0345,webcam,SYN-FACE-01,left_eye,0.10061653769744028
SYN-W-0345,webcam,SYN-FACE-01,right_eye,0.2862550394510789
SYN-W-0345,webcam,SYN-FACE-01,nose,0.16614644681552743
SYN-W-0345,webcam,SYN-FACE-01,mouth,0.3255590830099361
SYN-W-0345,webcam,SYN-FACE-01,other,0.12142289302601736
SYN-W-0345,webcam,SYN-FACE-02,left_eye,0.1300126986946716
SYN-W-0345,webcam,SYN-FACE-02,right_eye,0.08962272260879858
SYN-W-0345,webcam,SYN-FACE-02,nose,0.21972929702741228
SYN-W-0345,webcam,SYN-FACE-02,mouth,0.5120231073691507
SYN-W-0345,webcam,SYN-FACE-02,other,0.04861217429996681
SYN-W-0345,webcam,SYN-FACE-03,left_eye,0.4233500113535138
SYN-W-0345,webcam,SYN-FACE-03,right_eye,0.12913525564503806
SYN-W-0345,webcam,SYN-FACE-03,nose,0.19459747313405565
SYN-W-0345,webcam,SYN-FACE-03,mouth,0.0788251841550776
SYN-W-0345,webcam,SYN-FACE-03,other,0.174092075712315
SYN-W-0346,webcam,SYN-FACE-01,left_eye,0.47852802141530104
SYN-W-0346,webcam,SYN-FACE-01,right_eye,0.08598064063381472
SYN-W-0346,webcam,SYN-FACE-01,nose,0.1797272271382915
SYN-W-0346,webcam,SYN-FACE-01,mouth,0.25576411081259276
SYN-W-0346,webcam,SYN-FACE-01,other,0.0
SYN-W-0346,webcam,SYN-FACE-02,left_eye,0.3162983327730926
SYN-W-0346,webcam,SYN-FACE-02,right_eye,0.33219590920910635
SYN-W-0346,webcam,SYN-FACE-02,nose,0.04149464358777567
SYN-W-0346,webcam,SYN-FACE-02,mouth,0.2548952473458165
SYN-W-0346,webcam,SYN-FACE-02,other,0.055115867084208965
SYN-W-0346,webcam,SYN-FACE-03,left_eye,0.15183954793860438
SYN-W-0346,webcam,SYN-FACE-03,right_eye,0.44445649168729573
SYN-W-0346,webcam,SYN-FACE-03,nose,0.1890855235394715
SYN-W-0346,webcam,SYN-FACE-03,mouth,0.18215785490836386
SYN-W-0346,webcam,SYN-FACE-03,other,0.03246058192626454
SYN-W-0347,webcam,SYN-FACE-01,left_eye,0.15646015213677172
SYN-W-0347,webcam,SYN-FACE-01,right_eye,0.5550678763086034
SYN-W-0347,webcam,SYN-FACE-01,nose,0.10965179861283901
SYN-W-0347,webcam,SYN-FACE-01,mouth,0.06679628216836518
SYN-W-0347,webcam,SYN-FACE-01,other,0.11202389077342058
SYN-W-0347,webcam,SYN-FACE-02,left_eye,0.11198477066525221
SYN-W-0347,webcam,SYN-FACE-02,right_eye,0.10718906605227145
SYN-W-0347,webcam,SYN-FACE-02,nose,0.09976435897619576
SYN-W-0347,webcam,SYN-FACE-02,mouth,0.4146759239495052
SYN-W-0347,webcam,SYN-FACE-02,other,0.26638588035677546
SYN-W-0347,webcam,SYN-FACE-03,left_eye,0.16443045495163258
SYN-W-0347,webcam,SYN-FACE-03,right_eye,0.32227629180338674
SYN-W-0347,webcam,SYN-FACE-03,nose,0.2511919504391703
SYN-W-0347,webcam,SYN-FACE-03,mouth,0.23149752872827734
SYN-W-0347,webcam,SYN-FACE-03,other,0.030603774077533
SYN-W-0348,webcam,SYN-FACE-01,left_eye,0.18292543198252215
SYN-W-0348,webcam,SYN-FACE-01,right_eye,0.1376631330580526
SYN-W-0348,webcam,SYN-FACE-01,nose,0.16458976924561544
SYN-W-0348,webcam,SYN-FACE-01,mouth,0.36858688324703615
SYN-W-0348,webcam,SYN-FACE-01,other,0.14623478246677366
SYN-W-0348,webcam,SYN-FACE-02,left_eye,0.1426412618752124
SYN-W-0348,webcam,SYN-FACE-02,right_eye,0.3143577229379151
SYN-W-0348,webcam,SYN-FACE-02,nose,0.21741323700180173
SYN-W-0348,webcam,SYN-FACE-02,mouth,0.28170304755676506
SYN-W-0348,webcam,SYN-FACE-02,other,0.04388473062830573
SYN-W-0348,webcam,SYN-FACE-03,left_eye,0.41552648613499055
SYN-W-0348,webcam,SYN-FACE-03,right_eye,0.24602908514584984
SYN-W-0348,webcam,SYN-FACE-03,nose,0.12042493806382044
SYN-W-0348,webcam,SYN-FACE-03,mouth,0.2180194906553392
SYN-W-0348,webcam,SYN-FACE-03,other,0.0
SYN-W-0349,webcam,SYN-FACE-01,left_eye,0.15927242221254698
SYN-W-0349,webcam,SYN-FACE-01,right_eye,0.2505299588365761
SYN-W-0349,webcam,SYN-FACE-01,nose,0.21147054120663053
SYN-W-0349,webcam,SYN-FACE-01,mouth,0.2867922024671325
SYN-W-0349,webcam,SYN-FACE-01,other,0.09193487527711384
SYN-W-0349,webcam,SYN-FACE-02,left_eye,0.30835676803553436
SYN-W-0349,webcam,SYN-FACE-02,right_eye,0.20035347814930352
SYN-W-0349,webcam,SYN-FACE-02,nose,0.3164027692187088
SYN-W-0349,webcam,SYN-FACE-02,mouth,0.17488698459645335
SYN-W-0349,webcam,SYN-FACE-02,other,0.0
SYN-W-0349,webcam,SYN-FACE-03,left_eye,0.39533264282513675
SYN-W-0349,webcam,SYN-FACE-03,right_eye,0.24570786341553844
SYN-W-0349,webcam,SYN-FACE-03,nose,0.1829301798319856
SYN-W-0349,webcam,SYN-FACE-03,mouth,0.08627756914338416
SYN-W-0349,webcam,SYN-FACE-03,other,0.08975174478395499
SYN-W-0350,webcam,SYN-FACE-01,left_eye,0.1404200461175438
SYN-W-0350,webcam,SYN-FACE-01,right_eye,0.40937796142842864
SYN-W-0350,webcam,SYN-FACE-01,nose,0.16008603508306848
SYN-W-0350,webcam,SYN-FACE-01,mouth,0.26271048171518596
SYN-W-0350,webcam,SYN-FACE-01,other,0.027405475655773063
SYN-W-0350,webcam,SYN-FACE-02,left_eye,0.20527165957641524
SYN-W-0350,webcam,SYN-FACE-02,right_eye,0.20135060216075684
SYN-W-0350,webcam,SYN-FACE-02,nose,0.18272906342986736
SYN-W-0350,webcam,SYN-FACE-02,mouth,0.3035423097267968
SYN-W-0350,webcam,SYN-FACE-02,other,0.1071063651061638
SYN-W-0350,webcam,SYN-FACE-03,left_eye,0.21105637520197917
SYN-W-0350,webcam,SYN-FACE-03,right_eye,0.23738033727403968
SYN-W-0350,webcam,SYN-FACE-03,nose,0.36995367654556904
SYN-W-0350,webcam,SYN-FACE-03,mouth,0.05876242959665924
SYN-W-0350,webcam,SYN-FACE-03,other,0.12284718138175288
SYN-W-0351,webcam,SYN-FACE-01,left_eye,0.40147742375902856
SYN-W-0351,webcam,SYN-FACE-01,right_eye,0.3141224954231115
SYN-W-0351,webcam,SYN-FACE-01,nose,0.0840613975510382
SYN-W-0351,webcam,SYN-FACE-01,mouth,0.2003386832668218
SYN-W-0351,webcam,SYN-FACE-01,other,0.0
SYN-W-0351,webcam,SYN-FACE-02,left_eye,0.08001201335728945
SYN-W-0351,webcam,SYN-FACE-02,right_eye,0.3078915040321662
SYN-W-0351,webcam,SYN-FACE-02,nose,0.2823119299694361
SYN-W-0351,webcam,SYN-FACE-02,mouth,0.23131531732292757
SYN-W-0351,webcam,SYN-FACE-02,other,0.09846923531818072
SYN-W-0351,webcam,SYN-FACE-03,left_eye,0.23931243760552537
SYN-W-0351,webcam,SYN-FACE-03,right_eye,0.23695850119357012
SYN-W-0351,webcam,SYN-FACE-03,nose,0.14808193294681973
SYN-W-0351,webcam,SYN-FACE-03,mouth,0.14479726796189443
SYN-W-0351,webcam,SYN-FACE-03,other,0.23084986029219035
SYN-W-0352,webcam,SYN-FACE-01,left_eye,0.2869289216871578
SYN-W-0352,webcam,SYN-FACE-01,right_eye,0.27220742814929677
SYN-W-0352,webcam,SYN-FACE-01,nose,0.24782813375830437
SYN-W-0352,webcam,SYN-FACE-01,mouth,0.14392531737688924
SYN-W-0352,webcam,SYN-FACE-01,other,0.049110199028351925
SYN-W-0352,webcam,SYN-FACE-02,left_eye,0.18217454523975288
SYN-W-0352,webcam,SYN-FACE-02,right_eye,0.5059687233860649
SYN-W-0352,webcam,SYN-FACE-02,nose,0.10570018949896076
SYN-W-0352,webcam,SYN-FACE-02,mouth,0.20615654187522145
SYN-W-0352,webcam,SYN-FACE-02,other,0.0
SYN-W-0352,webcam,SYN-FACE-03,left_eye,0.34994653278291354
SYN-W-0352,webcam,SYN-FACE-03,right_eye,0.33101194369901943
SYN-W-0352,webcam,SYN-FACE-03,nose,0.04615435349345004
SYN-W-0352,webcam,SYN-FACE-03,mouth,0.1953319150941182
SYN-W-0352,webcam,SYN-FACE-03,other,0.07755525493049872
SYN-W-0353,webcam,SYN-FACE-01,left_eye,0.29334993036867485
SYN-W-0353,webcam,SYN-FACE-01,right_eye,0.3387464725338211
SYN-W-0353,webcam,SYN-FACE-01,nose,0.13819729164996158
SYN-W-0353,webcam,SYN-FACE-01,mouth,0.22970630544754253
SYN-W-0353,webcam,SYN-FACE-01,other,0.0
SYN-W-0353,webcam,SYN-FACE-02,left_eye,0.17526343722890453
SYN-W-0353,webcam,SYN-FACE-02,right_eye,0.31007276588719673
SYN-W-0353,webcam,SYN-FACE-02,nose,0.25807285434603966
SYN-W-0353,webcam,SYN-FACE-02,mouth,0.22154672198623826
SYN-W-0353,webcam,SYN-FACE-02,other,0.035044220551620764
SYN-W-0353,webcam,SYN-FACE-03,left_eye,0.20982969278210176
SYN-W-0353,webcam,SYN-FACE-03,right_eye,0.15375609525684605
SYN-W-0353,webcam,SYN-FACE-03,nose,0.26858412823148026
SYN-W-0353,webcam,SYN-FACE-03,mouth,0.3072063667313969
SYN-W-0353,webcam,SYN-FACE-03,other,0.060623716998175134
SYN-W-0354,webcam,SYN-FACE-01,left_eye,0.26094702840170514
SYN-W-0354,webcam,SYN-FACE-01,right_eye,0.3340291773675508
SYN-W-0354,webcam,SYN-FACE-01,nose,0.19729116859156054
SYN-W-0354,webcam,SYN-FACE-01,mouth,0.17586001196434373
SYN-W-0354,webcam,SYN-FACE-01,other,0.03187261367483987
SYN-W-0354,webcam,SYN-FACE-02,left_eye,0.20487110445784293
SYN-W-0354,webcam,SYN-FACE-02,right_eye,0.23569873235152075
SYN-W-0354,webcam,SYN-FACE-02,nose,0.2458564044029869
SYN-W-0354,webcam,SYN-FACE-02,mouth,0.22140505781000755
SYN-W-0354,webcam,SYN-FACE-02,other,0.09216870097764186
SYN-W-0354,webcam,SYN-FACE-03,left_eye,0.2899577837906734
SYN-W-0354,webcam,SYN-FACE-03,right_eye,0.2024551272397853
SYN-W-0354,webcam,SYN-FACE-03,nose,0.2535045359390982
SYN-W-0354,webcam,SYN-FACE-03,mouth,0.10608633471888951
SYN-W-0354,webcam,SYN-FACE-03,other,0.1479962183115536
SYN-W-0355,webcam,SYN-FACE-01,left_eye,0.13263517665041608
SYN-W-0355,webcam,SYN-FACE-01,right_eye,0.12049452352578102
SYN-W-0355,webcam,SYN-FACE-01,nose,0.5720666271395802
SYN-W-0355,webcam,SYN-FACE-01,mouth,0.17480367268422264
SYN-W-0355,webcam,SYN-FACE-01,other,0.0
SYN-W-0355,webcam,SYN-FACE-02,left_eye,0.1172110368081694
SYN-W-0355,webcam,SYN-FACE-02,right_eye,0.25910290635149463
SYN-W-0355,webcam,SYN-FACE-02,nose,0.21628278827804248
SYN-W-0355,webcam,SYN-FACE-02,mouth,0.34081976327923996
SYN-W-0355,webcam,SYN-FACE-02,other,0.06658350528305355
SYN-W-0355,webcam,SYN-FACE-03,left_eye,0.34369680829934546
SYN-W-0355,webcam,SYN-FACE-03,right_eye,0.14706956839850457
SYN-W-0355,webcam,SYN-FACE-03,nose,0.2448594311988237
SYN-W-0355,webcam,SYN-FACE-03,mouth,0.18354516900617573
SYN-W-0355,webcam,SYN-FACE-03,other,0.08082902309715051
SYN-W-0356,webcam,SYN-FACE-01,left_eye,0.20869500870807925
SYN-W-0356,webcam,SYN-FACE-01,right_eye,0.2633567671685949
SYN-W-0356,webcam,SYN-FACE-01,nose,0.2566078637116441
SYN-W-0356,webcam,SYN-FACE-01,mouth,0.11566333635968559
SYN-W-0356,webcam,SYN-FACE-01,other,0.1556770240519961
SYN-W-0356,webcam,SYN-FACE-02,left_eye,0.0
SYN-W-0356,webcam,SYN-FACE-02,right_eye,0.22089659533029368
SYN-W-0356,webcam,SYN-FACE-02,nose,0.3659117134102131
SYN-W-0356,webcam,SYN-FACE-02,mouth,0.4131916912594932
SYN-W-0356,webcam,SYN-FACE-02,other,0.0
SYN-W-0356,webcam,SYN-FACE-03,left_eye,0.523379721617461
SYN-W-0356,webcam,SYN-FACE-03,right_eye,0.14914062754479313
SYN-W-0356,webcam,SYN-FACE-03,nose,0.17691851876481565
SYN-W-0356,webcam,SYN-FACE-03,mouth,0.07820040213878152
SYN-W-0356,webcam,SYN-FACE-03,other,0.07236072993414866
SYN-W-0357,webcam,SYN-FACE-01,left_eye,0.1614692913547837
SYN-W-0357,webcam,SYN-FACE-01,right_eye,0.316187027951391
SYN-W-0357,webcam,SYN-FACE-01,nose,0.17576856601903748
SYN-W-0357,webcam,SYN-FACE-01,mouth,0.2524528970954123
SYN-W-0357,webcam,SYN-FACE-01,other,0.09412221757937557
SYN-W-0357,webcam,SYN-FACE-02,left_eye,0.10891924791367565
SYN-W-0357,webcam,SYN-FACE-02,right_eye,0.2575484376768719
SYN-W-0357,webcam,SYN-FACE-02,nose,0.29155869002182117
SYN-W-0357,webcam,SYN-FACE-02,mouth,0.34197362438763124
SYN-W-0357,webcam,SYN-FACE-02,other,0.0
SYN-W-0357,webcam,SYN-FACE-03,left_eye,0.2889163733859128
SYN-W-0357,webcam,SYN-FACE-03,right_eye,0.22503180536983547
SYN-W-0357,webcam,SYN-FACE-03,nose,0.2527774279879837
SYN-W-0357,webcam,SYN-FACE-03,mouth,0.13471602743647468
SYN-W-0357,webcam,SYN-FACE-03,other,0.09855836581979326
SYN-W-0358,webcam,SYN-FACE-01,left_eye,0.293231970243907
SYN-W-0358,webcam,SYN-FACE-01,right_eye,0.3691087676028057
SYN-W-0358,webcam,SYN-FACE-01,nose,0.08759564118115287
SYN-W-0358,webcam,SYN-FACE-01,mouth,0.14926786619096788
SYN-W-0358,webcam,SYN-FACE-01,other,0.10079575478116651
SYN-W-0358,webcam,SYN-FACE-02,left_eye,0.15740334774067533
SYN-W-0358,webcam,SYN-FACE-02,right_eye,0.10196006105980421
SYN-W-0358,webcam,SYN-FACE-02,nose,0.24006919370666713
SYN-W-0358,webcam,SYN-FACE-02,mouth,0.4182420434599614
SYN-W-0358,webcam,SYN-FACE-02,other,0.08232535403289194
SYN-W-0358,webcam,SYN-FACE-03,left_eye,0.2950420758297266
SYN-W-0358,webcam,SYN-FACE-03,right_eye,0.09347195276738049
SYN-W-0358,webcam,SYN-FACE-03,nose,0.11209147502802931
SYN-W-0358,webcam,SYN-FACE-03,mouth,0.4290754746435652
SYN-W-0358,webcam,SYN-FACE-03,other,0.07031902173129838
SYN-W-0359,webcam,SYN-FACE-01,left_eye,0.4002442701889911
SYN-W-0359,webcam,SYN-FACE-01,right_eye,0.162268322585792
SYN-W-0359,webcam,SYN-FACE-01,nose,0.11309011327689286
SYN-W-0359,webcam,SYN-FACE-01,mouth,0.22865292369223195
SYN-W-0359,webcam,SYN-FACE-01,other,0.09574437025609206
SYN-W-0359,webcam,SYN-FACE-02,left_eye,0.3385978922770493
SYN-W-0359,webcam,SYN-FACE-02,right_eye,0.11296574320748862
SYN-W-0359,webcam,SYN-FACE-02,nose,0.14507167673923432
SYN-W-0359,webcam,SYN-FACE-02,mouth,0.2990972295317877
SYN-W-0359,webcam,SYN-FACE-02,other,0.1042674582444401
SYN-W-0359,webcam,SYN-FACE-03,left_eye,0.23563543410458848
SYN-W-0359,webcam,SYN-FACE-03,right_eye,0.3121114884505772
SYN-W-0359,webcam,SYN-FACE-03,nose,0.13071058485242526
SYN-W-0359,webcam,SYN-FACE-03,mouth,0.10840641799690492
SYN-W-0359,webcam,SYN-FACE-03,other,0.21313607459550407
SYN-W-0360,webcam,SYN-FACE-01,left_eye,0.26777279835869416
SYN-W-0360,webcam,SYN-FACE-01,right_eye,0.23451601267610162
SYN-W-0360,webcam,SYN-FACE-01,nose,0.28599821955295823
SYN-W-0360,webcam,SYN-FACE-01,mouth,0.1548179991035157
SYN-W-0360,webcam,SYN-FACE-01,other,0.056894970308730364
SYN-W-0360,webcam,SYN-FACE-02,left_eye,0.5058230317352745
SYN-W-0360,webcam,SYN-FACE-02,right_eye,0.14116500999244563
SYN-W-0360,webcam,SYN-FACE-02,nose,0.14769175705352425
SYN-W-0360,webcam,SYN-FACE-02,mouth,0.20532020121875555
SYN-W-0360,webcam,SYN-FACE-02,other,0.0
SYN-W-0360,webcam,SYN-FACE-03,left_eye,0.33876144742633346
SYN-W-0360,webcam,SYN-FACE-03,right_eye,0.353646575810701
SYN-W-0360,webcam,SYN-FACE-03,nose,0.16852715453062136
SYN-W-0360,webcam,SYN-FACE-03,mouth,0.13906482223234415
SYN-W-0360,webcam,SYN-FACE-03,other,0.0
SYN-W-0361,webcam,SYN-FACE-01,left_eye,0.2353121502937753
SYN-W-0361,webcam,SYN-FACE-01,right_eye,0.22986385846951785
SYN-W-0361,webcam,SYN-FACE-01,nose,0.1212069529887379
SYN-W-0361,webcam,SYN-FACE-01,mouth,0.2702079923279329
SYN-W-0361,webcam,SYN-FACE-01,other,0.143409045920036
SYN-W-0361,webcam,SYN-FACE-02,left_eye,0.2799649531475406
SYN-W-0361,webcam,SYN-FACE-02,right_eye,0.14363357245927735
SYN-W-0361,webcam,SYN-FACE-02,nose,0.269188026261226
SYN-W-0361,webcam,SYN-FACE-02,mouth,0.275486738927883
SYN-W-0361,webcam,SYN-FACE-02,other,0.03172670920407301
SYN-W-0361,webcam,SYN-FACE-03,left_eye,0.3530941216478888
SYN-W-0361,webcam,SYN-FACE-03,right_eye,0.23519809833691524
SYN-W-0361,webcam,SYN-FACE-03,nose,0.12616749627007262
SYN-W-0361,webcam,SYN-FACE-03,mouth,0.24323060617970907
SYN-W-0361,webcam,SYN-FACE-03,other,0.0423096775654143
SYN-W-0362,webcam,SYN-FACE-01,left_eye,0.28271241296200184
SYN-W-0362,webcam,SYN-FACE-01,right_eye,0.17645434680964528
SYN-W-0362,webcam,SYN-FACE-01,nose,0.37542600073027443
SYN-W-0362,webcam,SYN-FACE-01,mouth,0.16540723949807834
SYN-W-0362,webcam,SYN-FACE-01,other,0.0
SYN-W-0362,webcam,SYN-FACE-02,left_eye,0.1928105637509965
SYN-W-0362,webcam,SYN-FACE-02,right_eye,0.3876057356367009
SYN-W-0362,webcam,SYN-FACE-02,nose,0.1878505942260401
SYN-W-0362,webcam,SYN-FACE-02,mouth,0.16927352351376748
SYN-W-0362,webcam,SYN-FACE-02,other,0.06245958287249498
SYN-W-0362,webcam,SYN-FACE-03,left_eye,0.2639182593810663
SYN-W-0362,webcam,SYN-FACE-03,right_eye,0.16145677978112685
SYN-W-0362,webcam,SYN-FACE-03,nose,0.3721463696593444
SYN-W-0362,webcam,SYN-FACE-03,mouth,0.06897140635070191
SYN-W-0362,webcam,SYN-FACE-03,other,0.1335071848277606
SYN-W-0363,webcam,SYN-FACE-01,left_eye,0.18016347158024226
SYN-W-0363,webcam,SYN-FACE-01,right_eye,0.3436651219311092
SYN-W-0363,webcam,SYN-FACE-01,nose,0.0
SYN-W-0363,webcam,SYN-FACE-01,mouth,0.12211623382405506
SYN-W-0363,webcam,SYN-FACE-01,other,0.35405517266459346
SYN-W-0363,webcam,SYN-FACE-02,left_eye,0.5263161738871694
SYN-W-0363,webcam,SYN-FACE-02,right_eye,0.178549086309243
SYN-W-0363,webcam,SYN-FACE-02,nose,0.11529554053582278
SYN-W-0363,webcam,SYN-FACE-02,mouth,0.14227789270202212
SYN-W-0363,webcam,SYN-FACE-02,other,0.03756130656574263
SYN-W-0363,webcam,SYN-FACE-03,left_eye,0.4028598967358554
SYN-W-0363,webcam,SYN-FACE-03,right_eye,0.0677007034169256
SYN-W-0363,webcam,SYN-FACE-03,nose,0.32446856936593416
SYN-W-0363,webcam,SYN-FACE-03,mouth,0.07745613555178861
SYN-W-0363,webcam,SYN-FACE-03,other,0.1275146949294962
SYN-W-0364,webcam,SYN-FACE-01,left_eye,0.08235538168295435
SYN-W-0364,webcam,SYN-FACE-01,right_eye,0.3258869387837648
SYN-W-0364,webcam,SYN-FACE-01,nose,0.20223780738717678
SYN-W-0364,webcam,SYN-FACE-01,mouth,0.21639572094470028
SYN-W-0364,webcam,SYN-FACE-01,other,0.17312415120140384
SYN-W-0364,webcam,SYN-FACE-02,left_eye,0.29135409608454976
SYN-W-0364,webcam,SYN-FACE-02,right_eye,0.1820765600530197
SYN-W-0364,webcam,SYN-FACE-02,nose,0.31699567111226234
SYN-W-0364,webcam,SYN-FACE-02,mouth,0.20957367275016814
SYN-W-0364,webcam,SYN-FACE-02,other,0.0
SYN-W-0364,webcam,SYN-FACE-03,left_eye,0.18575360159005153
SYN-W-0364,webcam,SYN-FACE-03,right_eye,0.16333872444228648
SYN-W-0364,webcam,SYN-FACE-03,nose,0.18260592767516667
SYN-W-0364,webcam,SYN-FACE-03,mouth,0.38635816891708985
SYN-W-0364,webcam,SYN-FACE-03,other,0.08194357737540545
SYN-W-0365,webcam,SYN-FACE-01,left_eye,0.25432453401648925
SYN-W-0365,webcam,SYN-FACE-01,right_eye,0.24088512101208764
SYN-W-0365,webcam,SYN-FACE-01,nose,0.24733482482288915
SYN-W-0365,webcam,SYN-FACE-01,mouth,0.2165916424148124
SYN-W-0365,webcam,SYN-FACE-01,other,0.04086387773372156
SYN-W-0365,webcam,SYN-FACE-02,left_eye,0.1349854375697663
SYN-W-0365,webcam,SYN-FACE-02,right_eye,0.09908122292337465
SYN-W-0365,webcam,SYN-FACE-02,nose,0.10095766255946712
SYN-W-0365,webcam,SYN-FACE-02,mouth,0.4343532857653856
SYN-W-0365,webcam,SYN-FACE-02,other,0.23062239118200636
SYN-W-0365,webcam,SYN-FACE-03,left_eye,0.3605618389240099
SYN-W-0365,webcam,SYN-FACE-03,right_eye,0.2644002254859122
SYN-W-0365,webcam,SYN-FACE-03,nose,0.34649903027784673
SYN-W-0365,webcam,SYN-FACE-03,mouth,0.028538905312231192
SYN-W-0365,webcam,SYN-FACE-03,other,0.0
SYN-W-0366,webcam,SYN-FACE-01,left_eye,0.1634150865986846
SYN-W-0366,webcam,SYN-FACE-01,right_eye,0.29723046757949645
SYN-W-0366,webcam,SYN-FACE-01,nose,0.34664493049018325
SYN-W-0366,webcam,SYN-FACE-01,mouth,0.1927095153316358
SYN-W-0366,webcam,SYN-FACE-01,other,0.0
SYN-W-0366,webcam,SYN-FACE-02,left_eye,0.1797189259788402
SYN-W-0366,webcam,SYN-FACE-02,right_eye,0.25465508864351377
SYN-W-0366,webcam,SYN-FACE-02,nose,0.16003913364280364
SYN-W-0366,webcam,SYN-FACE-02,mouth,0.2766047112897359
SYN-W-0366,webcam,SYN-FACE-02,other,0.1289821404451064
SYN-W-0366,webcam,SYN-FACE-03,left_eye,0.43274349616539576
SYN-W-0366,webcam,SYN-FACE-03,right_eye,0.3112869401494356
SYN-W-0366,webcam,SYN-FACE-03,nose,0.1145867863135272
SYN-W-0366,webcam,SYN-FACE-03,mouth,0.10639483139805055
SYN-W-0366,webcam,SYN-FACE-03,other,0.03498794597359088
SYN-W-0367,webcam,SYN-FACE-01,left_eye,0.15426042489348943
SYN-W-0367,webcam,SYN-FACE-01,right_eye,0.4352376264536056
SYN-W-0367,webcam,SYN-FACE-01,nose,0.09004814281911801
SYN-W-0367,webcam,SYN-FACE-01,mouth,0.29243052308096396
SYN-W-0367,webcam,SYN-FACE-01,other,0.028023282752822967
SYN-W-0367,webcam,SYN-FACE-02,left_eye,0.13951616609535844
SYN-W-0367,webcam,SYN-FACE-02,right_eye,0.18888933523515733
SYN-W-0367,webcam,SYN-FACE-02,nose,0.1725704152653853
SYN-W-0367,webcam,SYN-FACE-02,mouth,0.3200635753840243
SYN-W-0367,webcam,SYN-FACE-02,other,0.1789605080200746
SYN-W-0367,webcam,SYN-FACE-03,left_eye,0.20335292881883274
SYN-W-0367,webcam,SYN-FACE-03,right_eye,0.2414529142871582
SYN-W-0367,webcam,SYN-FACE-03,nose,0.2720782869284425
SYN-W-0367,webcam,SYN-FACE-03,mouth,0.09001828413150524
SYN-W-0367,webcam,SYN-FACE-03,other,0.19309758583406136
SYN-W-0368,webcam,SYN-FACE-01,left_eye,0.16035800386180454
SYN-W-0368,webcam,SYN-FACE-01,right_eye,0.26756455974894594
SYN-W-0368,webcam,SYN-FACE-01,nose,0.2287066557840205
SYN-W-0368,webcam,SYN-FACE-01,mouth,0.3433707806052291
SYN-W-0368,webcam,SYN-FACE-01,other,0.0
SYN-W-0368,webcam,SYN-FACE-02,left_eye,0.4042718542378371
SYN-W-0368,webcam,SYN-FACE-02,right_eye,0.20253537030757068
SYN-W-0368,webcam,SYN-FACE-02,nose,0.07554613167380059
SYN-W-0368,webcam,SYN-FACE-02,mouth,0.20780518931656008
SYN-W-0368,webcam,SYN-FACE-02,other,0.10984145446423146
SYN-W-0368,webcam,SYN-FACE-03,left_eye,0.48465694892282
SYN-W-0368,webcam,SYN-FACE-03,right_eye,0.2686859459198186
SYN-W-0368,webcam,SYN-FACE-03,nose,0.18602778904399833
SYN-W-0368,webcam,SYN-FACE-03,mouth,0.03706174182751139
SYN-W-0368,webcam,SYN-FACE-03,other,0.02356757428585169
SYN-W-0369,webcam,SYN-FACE-01,left_eye,0.20999795914828556
SYN-W-0369,webcam,SYN-FACE-01,right_eye,0.26161067571224006
SYN-W-0369,webcam,SYN-FACE-01,nose,0.2301464004060748
SYN-W-0369,webcam,SYN-FACE-01,mouth,0.2574996110940764
SYN-W-0369,webcam,SYN-FACE-01,other,0.040745353639323134
SYN-W-0369,webcam,SYN-FACE-02,left_eye,0.10975665586574423
SYN-W-0369,webcam,SYN-FACE-02,right_eye,0.17193118537392135
SYN-W-0369,webcam,SYN-FACE-02,nose,0.2394756022853566
SYN-W-0369,webcam,SYN-FACE-02,mouth,0.4788365564749777
SYN-W-0369,webcam,SYN-FACE-02,other,0.0
SYN-W-0369,webcam,SYN-FACE-03,left_eye,0.31664849497444914
SYN-W-0369,webcam,SYN-FACE-03,right_eye,0.22958228221547017
SYN-W-0369,webcam,SYN-FACE-03,nose,0.2769270957511361
SYN-W-0369,webcam,SYN-FACE-03,mouth,0.17684212705894464
SYN-W-0369,webcam,SYN-FACE-03,other,0.0
SYN-W-0370,webcam,SYN-FACE-01,left_eye,0.26961868929848365
SYN-W-0370,webcam,SYN-FACE-01,right_eye,0.24311909164991324
SYN-W-0370,webcam,SYN-FACE-01,nose,0.3116418159605367
SYN-W-0370,webcam,SYN-FACE-01,mouth,0.10721678571247917
SYN-W-0370,webcam,SYN-FACE-01,other,0.06840361737858724
SYN-W-0370,webcam,SYN-FACE-02,left_eye,0.16869278766524098
SYN-W-0370,webcam,SYN-FACE-02,right_eye,0.24674385966072765
SYN-W-0370,webcam,SYN-FACE-02,nose,0.04523503494930394
SYN-W-0370,webcam,SYN-FACE-02,mouth,0.5393283177247273
SYN-W-0370,webcam,SYN-FACE-02,other,0.0
SYN-W-0370,webcam,SYN-FACE-03,left_eye,0.46241449467447815
SYN-W-0370,webcam,SYN-FACE-03,right_eye,0.2140531137185754
SYN-W-0370,webcam,SYN-FACE-03,nose,0.17066539361753422
SYN-W-0370,webcam,SYN-FACE-03,mouth,0.12636508985421632
SYN-W-0370,webcam,SYN-FACE-03,other,0.026501908135195998
SYN-W-0371,webcam,SYN-FACE-01,left_eye,0.09221264947383827
SYN-W-0371,webcam,SYN-FACE-01,right_eye,0.4671699155475713
SYN-W-0371,webcam,SYN-FACE-01,nose,0.21937096812976775
SYN-W-0371,webcam,SYN-FACE-01,mouth,0.22124646684882265
SYN-W-0371,webcam,SYN-FACE-01,other,0.0
SYN-W-0371,webcam,SYN-FACE-02,left_eye,0.28241766254419043
SYN-W-0371,webcam,SYN-FACE-02,right_eye,0.1533162407212648
SYN-W-0371,webcam,SYN-FACE-02,nose,0.17282007330649282
SYN-W-0371,webcam,SYN-FACE-02,mouth,0.3700765252422032
SYN-W-0371,webcam,SYN-FACE-02,other,0.02136949818584871
SYN-W-0371,webcam,SYN-FACE-03,left_eye,0.6419105845058278
SYN-W-0371,webcam,SYN-FACE-03,right_eye,0.22021175751102554
SYN-W-0371,webcam,SYN-FACE-03,nose,0.06893590625561288
SYN-W-0371,webcam,SYN-FACE-03,mouth,0.06894175172753372
SYN-W-0371,webcam,SYN-FACE-03,other,0.0
SYN-W-0372,webcam,SYN-FACE-01,left_eye,0.06403430633155258
SYN-W-0372,webcam,SYN-FACE-01,right_eye,0.3793349439225963
SYN-W-0372,webcam,SYN-FACE-01,nose,0.1819616347266765
SYN-W-0372,webcam,SYN-FACE-01,mouth,0.3345741244678901
SYN-W-0372,webcam,SYN-FACE-01,other,0.04009499055128456
SYN-W-0372,webcam,SYN-FACE-02,left_eye,0.13269830350781162
SYN-W-0372,webcam,SYN-FACE-02,right_eye,0.2464290091045387
SYN-W-0372,webcam,SYN-FACE-02,nose,0.04772769001072294
SYN-W-0372,webcam,SYN-FACE-02,mouth,0.4653094587071987
SYN-W-0372,webcam,SYN-FACE-02,other,0.10783553866972813
SYN-W-0372,webcam,SYN-FACE-03,left_eye,0.31009787452845117
SYN-W-0372,webcam,SYN-FACE-03,right_eye,0.21099280155947306
SYN-W-0372,webcam,SYN-FACE-03,nose,0.1312012070412041
SYN-W-0372,webcam,SYN-FACE-03,mouth,0.16055949140957101
SYN-W-0372,webcam,SYN-FACE-03,other,0.18714862546130068
SYN-W-0373,webcam,SYN-FACE-01,left_eye,0.42471923014379903
SYN-W-0373,webcam,SYN-FACE-01,right_eye,0.10379090480715274
SYN-W-0373,webcam,SYN-FACE-01,nose,0.2054447515280886
SYN-W-0373,webcam,SYN-FACE-01,mouth,0.26604511352095966
SYN-W-0373,webcam,SYN-FACE-01,other,0.0
SYN-W-0373,webcam,SYN-FACE-02,left_eye,0.20807999593689916
SYN-W-0373,webcam,SYN-FACE-02,right_eye,0.15298099186586975
SYN-W-0373,webcam,SYN-FACE-02,nose,0.2602251801803918
SYN-W-0373,webcam,SYN-FACE-02,mouth,0.35671262792153613
SYN-W-0373,webcam,SYN-FACE-02,other,0.02200120409530308
SYN-W-0373,webcam,SYN-FACE-03,left_eye,0.2837974431883218
SYN-W-0373,webcam,SYN-FACE-03,right_eye,0.3802509648889486
SYN-W-0373,webcam,SYN-FACE-03,nose,0.11698495146190872
SYN-W-0373,webcam,SYN-FACE-03,mouth,0.17700016135203725
SYN-W-0373,webcam,SYN-FACE-03,other,0.041966479108783615
SYN-W-0374,webcam,SYN-FACE-01,left_eye,0.07658732556858297
SYN-W-0374,webcam,SYN-FACE-01,right_eye,0.44854495193563343
SYN-W-0374,webcam,SYN-FACE-01,nose,0.26661811831460636
SYN-W-0374,webcam,SYN-FACE-01,mouth,0.16994007315866572
SYN-W-0374,webcam,SYN-FACE-01,other,0.038309531022511605
SYN-W-0374,webcam,SYN-FACE-02,left_eye,0.20228796543056116
SYN-W-0374,webcam,SYN-FACE-02,right_eye,0.2343283768804027
SYN-W-0374,webcam,SYN-FACE-02,nose,0.1999731610291434
SYN-W-0374,webcam,SYN-FACE-02,mouth,0.3634104966598928
SYN-W-0374,webcam,SYN-FACE-02,other,0.0
SYN-W-0374,webcam,SYN-FACE-03,left_eye,0.24878447560071465
SYN-W-0374,webcam,SYN-FACE-03,right_eye,0.29125523533440817
SYN-W-0374,webcam,SYN-FACE-03,nose,0.1491845259850674
SYN-W-0374,webcam,SYN-FACE-03,mouth,0.22771142198310806
SYN-W-0374,webcam,SYN-FACE-03,other,0.08306434109670177
SYN-W-0375,webcam,SYN-FACE-01,left_eye,0.3157029276025527
SYN-W-0375,webcam,SYN-FACE-01,right_eye,0.18542677453200912
SYN-W-0375,webcam,SYN-FACE-01,nose,0.24751649532670214
SYN-W-0375,webcam,SYN-FACE-01,mouth,0.13426083217158608
SYN-W-0375,webcam,SYN-FACE-01,other,0.11709297036714993
SYN-W-0375,webcam,SYN-FACE-02,left_eye,0.34837009097149146
SYN-W-0375,webcam,SYN-FACE-02,right_eye,0.08061330473152921
SYN-W-0375,webcam,SYN-FACE-02,nose,0.20830587303951478
SYN-W-0375,webcam,SYN-FACE-02,mouth,0.3627107312574646
SYN-W-0375,webcam,SYN-FACE-02,other,0.0
SYN-W-0375,webcam,SYN-FACE-03,left_eye,0.4537352712046735
SYN-W-0375,webcam,SYN-FACE-03,right_eye,0.20777146193667362
SYN-W-0375,webcam,SYN-FACE-03,nose,0.1286247164477254
SYN-W-0375,webcam,SYN-FACE-03,mouth,0.16824107987573003
SYN-W-0375,webcam,SYN-FACE-03,other,0.041627470535197414
SYN-W-0376,webcam,SYN-FACE-01,left_eye,0.2875291237674873
SYN-W-0376,webcam,SYN-FACE-01,right_eye,0.22339993704881722
SYN-W-0376,webcam,SYN-FACE-01,nose,0.199413023972073
SYN-W-0376,webcam,SYN-FACE-01,mouth,0.2896579152116225
SYN-W-0376,webcam,SYN-FACE-01,other,0.0
SYN-W-0376,webcam,SYN-FACE-02,left_eye,0.20325201413306457
SYN-W-0376,webcam,SYN-FACE-02,right_eye,0.24605056071917375
SYN-W-0376,webcam,SYN-FACE-02,nose,0.16551980528201435
SYN-W-0376,webcam,SYN-FACE-02,mouth,0.3003782815818196
SYN-W-0376,webcam,SYN-FACE-02,other,0.08479933828392774
SYN-W-0376,webcam,SYN-FACE-03,left_eye,0.2724268473304617
SYN-W-0376,webcam,SYN-FACE-03,right_eye,0.35441228086792015
SYN-W-0376,webcam,SYN-FACE-03,nose,0.14642500310606912
SYN-W-0376,webcam,SYN-FACE-03,mouth,0.1686313670371037
SYN-W-0376,webcam,SYN-FACE-03,other,0.05810450165844542
SYN-W-0377,webcam,SYN-FACE-01,left_eye,0.2448503182918806
SYN-W-0377,webcam,SYN-FACE-01,right_eye,0.2594810115931699
SYN-W-0377,webcam,SYN-FACE-01,nose,0.18304324039294884
SYN-W-0377,webcam,SYN-FACE-01,mouth,0.14874992077650087
SYN-W-0377,webcam,SYN-FACE-01,other,0.16387550894549985
SYN-W-0377,webcam,SYN-FACE-02,left_eye,0.3208975007947392
SYN-W-0377,webcam,SYN-FACE-02,right_eye,0.11686442101109804
SYN-W-0377,webcam,SYN-FACE-02,nose,0.04558707599812404
SYN-W-0377,webcam,SYN-FACE-02,mouth,0.4329198857917167
SYN-W-0377,webcam,SYN-FACE-02,other,0.08373111640432208
SYN-W-0377,webcam,SYN-FACE-03,left_eye,0.16993333139482394
SYN-W-0377,webcam,SYN-FACE-03,right_eye,0.18335666797930378
SYN-W-0377,webcam,SYN-FACE-03,nose,0.4433278883075536
SYN-W-0377,webcam,SYN-FACE-03,mouth,0.1250474431331921
SYN-W-0377,webcam,SYN-FACE-03,other,0.07833466918512666
SYN-W-0378,webcam,SYN-FACE-01,left_eye,0.22485749976542135
SYN-W-0378,webcam,SYN-FACE-01,right_eye,0.07488346283022301
SYN-W-0378,webcam,SYN-FACE-01,nose,0.15665168958057502
SYN-W-0378,webcam,SYN-FACE-01,mouth,0.45120568440300507
SYN-W-0378,webcam,SYN-FACE-01,other,0.09240166342077555
SYN-W-0378,webcam,SYN-FACE-02,left_eye,0.2462673144986229
SYN-W-0378,webcam,SYN-FACE-02,right_eye,0.19269318264934326
SYN-W-0378,webcam,SYN-FACE-02,nose,0.026219315381772496
SYN-W-0378,webcam,SYN-FACE-02,mouth,0.40333858494350405
SYN-W-0378,webcam,SYN-FACE-02,other,0.1314816025267573
SYN-W-0378,webcam,SYN-FACE-03,left_eye,0.27575303865473194
SYN-W-0378,webcam,SYN-FACE-03,right_eye,0.0
SYN-W-0378,webcam,SYN-FACE-03,nose,0.3343784860729538
SYN-W-0378,webcam,SYN-FACE-03,mouth,0.2811944579193671
SYN-W-0378,webcam,SYN-FACE-03,other,0.10867401735294709
SYN-W-0379,webcam,SYN-FACE-01,left_eye,0.3393057478347007
SYN-W-0379,webcam,SYN-FACE-01,right_eye,0.12178168275574658
SYN-W-0379,webcam,SYN-FACE-01,nose,0.3556889908567103
SYN-W-0379,webcam,SYN-FACE-01,mouth,0.15990169394603357
SYN-W-0379,webcam,SYN-FACE-01,other,0.02332188460680887
SYN-W-0379,webcam,SYN-FACE-02,left_eye,0.22303810323285483
SYN-W-0379,webcam,SYN-FACE-02,right_eye,0.18947136071729298
SYN-W-0379,webcam,SYN-FACE-02,nose,0.1823748068553059
SYN-W-0379,webcam,SYN-FACE-02,mouth,0.3468266135636556
SYN-W-0379,webcam,SYN-FACE-02,other,0.058289115630890766
SYN-W-0379,webcam,SYN-FACE-03,left_eye,0.23786928829667248
SYN-W-0379,webcam,SYN-FACE-03,right_eye,0.37797205006270307
SYN-W-0379,webcam,SYN-FACE-03,nose,0.03993387222928372
SYN-W-0379,webcam,SYN-FACE-03,mouth,0.2197028249952033
SYN-W-0379,webcam,SYN-FACE-03,other,0.1245219644161375
SYN-W-0380,webcam,SYN-FACE-01,left_eye,0.1148443804836925
SYN-W-0380,webcam,SYN-FACE-01,right_eye,0.24832139446708448
SYN-W-0380,webcam,SYN-FACE-01,nose,0.13823814895051695
SYN-W-0380,webcam,SYN-FACE-01,mouth,0.41772308428107785
SYN-W-0380,webcam,SYN-FACE-01,other,0.08087299181762818
SYN-W-0380,webcam,SYN-FACE-02,left_eye,0.41714802251014543
SYN-W-0380,webcam,SYN-FACE-02,right_eye,0.22746680453284004
SYN-W-0380,webcam,SYN-FACE-02,nose,0.19743798483493316
SYN-W-0380,webcam,SYN-FACE-02,mouth,0.08112509841565908
SYN-W-0380,webcam,SYN-FACE-02,other,0.07682208970642229
SYN-W-0380,webcam,SYN-FACE-03,left_eye,0.4192512794374377
SYN-W-0380,webcam,SYN-FACE-03,right_eye,0.20625365561725073
SYN-W-0380,webcam,SYN-FACE-03,nose,0.13450336052001238
SYN-W-0380,webcam,SYN-FACE-03,mouth,0.13908995732246568
SYN-W-0380,webcam,SYN-FACE-03,other,0.10090174710283353
SYN-W-0381,webcam,SYN-FACE-01,left_eye,0.06886997831499589
SYN-W-0381,webcam,SYN-FACE-01,right_eye,0.2440754520831367
SYN-W-0381,webcam,SYN-FACE-01,nose,0.4457273981519739
SYN-W-0381,webcam,SYN-FACE-01,mouth,0.2413271714498936
SYN-W-0381,webcam,SYN-FACE-01,other,0.0
SYN-W-0381,webcam,SYN-FACE-02,left_eye,0.4236824241418607
SYN-W-0381,webcam,SYN-FACE-02,right_eye,0.18654833460733103
SYN-W-0381,webcam,SYN-FACE-02,nose,0.21827686633924243
SYN-W-0381,webcam,SYN-FACE-02,mouth,0.09338544019458614
SYN-W-0381,webcam,SYN-FACE-02,other,0.07810693471697973
SYN-W-0381,webcam,SYN-FACE-03,left_eye,0.2767919844839349
SYN-W-0381,webcam,SYN-FACE-03,right_eye,0.20662412697436094
SYN-W-0381,webcam,SYN-FACE-03,nose,0.25125095109691403
SYN-W-0381,webcam,SYN-FACE-03,mouth,0.26533293744479025
SYN-W-0381,webcam,SYN-FACE-03,other,0.0
SYN-W-0382,webcam,SYN-FACE-01,left_eye,0.24371761329609334
SYN-W-0382,webcam,SYN-FACE-01,right_eye,0.2802864873659774
SYN-W-0382,webcam,SYN-FACE-01,nose,0.1910860558284148
SYN-W-0382,webcam,SYN-FACE-01,mouth,0.2603169658055054
SYN-W-0382,webcam,SYN-FACE-01,other,0.024592877704009062
SYN-W-0382,webcam,SYN-FACE-02,left_eye,0.3223798301400075
SYN-W-0382,webcam,SYN-FACE-02,right_eye,0.1971723908349138
SYN-W-0382,webcam,SYN-FACE-02,nose,0.11248418913111691
SYN-W-0382,webcam,SYN-FACE-02,mouth,0.32716982835375885
SYN-W-0382,webcam,SYN-FACE-02,other,0.040793761540202964
SYN-W-0382,webcam,SYN-FACE-03,left_eye,0.35250765099207676
SYN-W-0382,webcam,SYN-FACE-03,right_eye,0.19187374231509166
SYN-W-0382,webcam,SYN-FACE-03,nose,0.24380193876939082
SYN-W-0382,webcam,SYN-FACE-03,mouth,0.2118166679234407
SYN-W-0382,webcam,SYN-FACE-03,other,0.0
SYN-W-0383,webcam,SYN-FACE-01,left_eye,0.506751488818429
SYN-W-0383,webcam,SYN-FACE-01,right_eye,0.16677770036642578
SYN-W-0383,webcam,SYN-FACE-01,nose,0.16085659301163263
SYN-W-0383,webcam,SYN-FACE-01,mouth,0.13678710118381238
SYN-W-0383,webcam,SYN-FACE-01,other,0.028827116619700333
SYN-W-0383,webcam,SYN-FACE-02,left_eye,0.3199304498589193
SYN-W-0383,webcam,SYN-FACE-02,right_eye,0.10461745275980898
SYN-W-0383,webcam,SYN-FACE-02,nose,0.18768142893405557
SYN-W-0383,webcam,SYN-FACE-02,mouth,0.24070667971769946
SYN-W-0383,webcam,SYN-FACE-02,other,0.14706398872951673
SYN-W-0383,webcam,SYN-FACE-03,left_eye,0.406734046704531
SYN-W-0383,webcam,SYN-FACE-03,right_eye,0.06616855818304146
SYN-W-0383,webcam,SYN-FACE-03,nose,0.20816200445703834
SYN-W-0383,webcam,SYN-FACE-03,mouth,0.14066291164573738
SYN-W-0383,webcam,SYN-FACE-03,other,0.17827247900965176
SYN-W-0384,webcam,SYN-FACE-01,left_eye,0.25430940997194756
SYN-W-0384,webcam,SYN-FACE-01,right_eye,0.0997734242218736
SYN-W-0384,webcam,SYN-FACE-01,nose,0.18707819494165362
SYN-W-0384,webcam,SYN-FACE-01,mouth,0.3931548662297746
SYN-W-0384,webcam,SYN-FACE-01,other,0.06568410463475065
SYN-W-0384,webcam,SYN-FACE-02,left_eye,0.3129551550310878
SYN-W-0384,webcam,SYN-FACE-02,right_eye,0.18558492625212508
SYN-W-0384,webcam,SYN-FACE-02,nose,0.3285603629842109
SYN-W-0384,webcam,SYN-FACE-02,mouth,0.14647028556302705
SYN-W-0384,webcam,SYN-FACE-02,other,0.026429270169549195
SYN-W-0384,webcam,SYN-FACE-03,left_eye,0.15264359331196295
SYN-W-0384,webcam,SYN-FACE-03,right_eye,0.2897995640098676
SYN-W-0384,webcam,SYN-FACE-03,nose,0.1908812209529521
SYN-W-0384,webcam,SYN-FACE-03,mouth,0.36667562172521734
SYN-W-0384,webcam,SYN-FACE-03,other,0.0
SYN-W-0385,webcam,SYN-FACE-01,left_eye,0.14936818613346128
SYN-W-0385,webcam,SYN-FACE-01,right_eye,0.3282955777554989
SYN-W-0385,webcam,SYN-FACE-01,nose,0.1660628435515906
SYN-W-0385,webcam,SYN-FACE-01,mouth,0.2489580238763355
SYN-W-0385,webcam,SYN-FACE-01,other,0.10731536868311374
SYN-W-0385,webcam,SYN-FACE-02,left_eye,0.3854224680489597
SYN-W-0385,webcam,SYN-FACE-02,right_eye,0.03169873305832799
SYN-W-0385,webcam,SYN-FACE-02,nose,0.25905764438630663
SYN-W-0385,webcam,SYN-FACE-02,mouth,0.23868672823234452
SYN-W-0385,webcam,SYN-FACE-02,other,0.08513442627406115
SYN-W-0385,webcam,SYN-FACE-03,left_eye,0.2796728456930676
SYN-W-0385,webcam,SYN-FACE-03,right_eye,0.07554505322514712
SYN-W-0385,webcam,SYN-FACE-03,nose,0.14608131853163406
SYN-W-0385,webcam,SYN-FACE-03,mouth,0.49870078255015116
SYN-W-0385,webcam,SYN-FACE-03,other,0.0
SYN-W-0386,webcam,SYN-FACE-01,left_eye,0.16159856266491263
SYN-W-0386,webcam,SYN-FACE-01,right_eye,0.3456449439154881
SYN-W-0386,webcam,SYN-FACE-01,nose,0.32224228833394863
SYN-W-0386,webcam,SYN-FACE-01,mouth,0.10565239344701634
SYN-W-0386,webcam,SYN-FACE-01,other,0.06486181163863419
SYN-W-0386,webcam,SYN-FACE-02,left_eye,0.20485129177760122
SYN-W-0386,webcam,SYN-FACE-02,right_eye,0.08426063824212629
SYN-W-0386,webcam,SYN-FACE-02,nose,0.08094153609258928
SYN-W-0386,webcam,SYN-FACE-02,mouth,0.5578412273920345
SYN-W-0386,webcam,SYN-FACE-02,other,0.07210530649564881
SYN-W-0386,webcam,SYN-FACE-03,left_eye,0.27984354544491513
SYN-W-0386,webcam,SYN-FACE-03,right_eye,0.14426304772199966
SYN-W-0386,webcam,SYN-FACE-03,nose,0.32606730989461935
SYN-W-0386,webcam,SYN-FACE-03,mouth,0.24982609693846575
SYN-W-0386,webcam,SYN-FACE-03,other,0.0
SYN-W-0387,webcam,SYN-FACE-01,left_eye,0.3871820698671182
SYN-W-0387,webcam,SYN-FACE-01,right_eye,0.23399823952283924
SYN-W-0387,webcam,SYN-FACE-01,nose,0.09617364126781396
SYN-W-0387,webcam,SYN-FACE-01,mouth,0.28264604934222864
SYN-W-0387,webcam,SYN-FACE-01,other,0.0
SYN-W-0387,webcam,SYN-FACE-02,left_eye,0.3494465599130981
SYN-W-0387,webcam,SYN-FACE-02,right_eye,0.026851717401432187
SYN-W-0387,webcam,SYN-FACE-02,nose,0.21389091967513163
SYN-W-0387,webcam,SYN-FACE-02,mouth,0.3649788096165444
SYN-W-0387,webcam,SYN-FACE-02,other,0.044831993393793734
SYN-W-0387,webcam,SYN-FACE-03,left_eye,0.3625528175790353
SYN-W-0387,webcam,SYN-FACE-03,right_eye,0.12907518334603102
SYN-W-0387,webcam,SYN-FACE-03,nose,0.39651714328658094
SYN-W-0387,webcam,SYN-FACE-03,mouth,0.0
SYN-W-0387,webcam,SYN-FACE-03,other,0.11185485578835269
SYN-W-0388,webcam,SYN-FACE-01,left_eye,0.12249346849386478
SYN-W-0388,webcam,SYN-FACE-01,right_eye,0.26007561442830013
SYN-W-0388,webcam,SYN-FACE-01,nose,0.32717157733607044
SYN-W-0388,webcam,SYN-FACE-01,mouth,0.2431505545763133
SYN-W-0388,webcam,SYN-FACE-01,other,0.04710878516545131
SYN-W-0388,webcam,SYN-FACE-02,left_eye,0.11735571583881187
SYN-W-0388,webcam,SYN-FACE-02,right_eye,0.24180195581152708
SYN-W-0388,webcam,SYN-FACE-02,nose,0.25085360371944854
SYN-W-0388,webcam,SYN-FACE-02,mouth,0.38998872463021245
SYN-W-0388,webcam,SYN-FACE-02,other,0.0
SYN-W-0388,webcam,SYN-FACE-03,left_eye,0.5764454102744189
SYN-W-0388,webcam,SYN-FACE-03,right_eye,0.1510325854235392
SYN-W-0388,webcam,SYN-FACE-03,nose,0.14415406340794923
SYN-W-0388,webcam,SYN-FACE-03,mouth,0.12836794089409276
SYN-W-0388,webcam,SYN-FACE-03,other,0.0
SYN-W-0389,webcam,SYN-FACE-01,left_eye,0.3238206721212135
SYN-W-0389,webcam,SYN-FACE-01,right_eye,0.35925476562962616
SYN-W-0389,webcam,SYN-FACE-01,nose,0.14464599921073182
SYN-W-0389,webcam,SYN-FACE-01,mouth,0.17227856303842848
SYN-W-0389,webcam,SYN-FACE-01,other,0.0
SYN-W-0389,webcam,SYN-FACE-02,left_eye,0.2821719471950944
SYN-W-0389,webcam,SYN-FACE-02,right_eye,0.16165721105629474
SYN-W-0389,webcam,SYN-FACE-02,nose,0.1749082053047318
SYN-W-0389,webcam,SYN-FACE-02,mouth,0.29168894553313734
SYN-W-0389,webcam,SYN-FACE-02,other,0.08957369091074167
SYN-W-0389,webcam,SYN-FACE-03,left_eye,0.25821872642726224
SYN-W-0389,webcam,SYN-FACE-03,right_eye,0.1724804764855246
SYN-W-0389,webcam,SYN-FACE-03,nose,0.16081115073217464
SYN-W-0389,webcam,SYN-FACE-03,mouth,0.2938756503369748
SYN-W-0389,webcam,SYN-FACE-03,other,0.11461399601806364
SYN-W-0390,webcam,SYN-FACE-01,left_eye,0.11218127750452439
SYN-W-0390,webcam,SYN-FACE-01,right_eye,0.5846354724819799
SYN-W-0390,webcam,SYN-FACE-01,nose,0.057979081543522645
SYN-W-0390,webcam,SYN-FACE-01,mouth,0.13854492647426017
SYN-W-0390,webcam,SYN-FACE-01,other,0.10665924199571289
SYN-W-0390,webcam,SYN-FACE-02,left_eye,0.20909860852642367
SYN-W-0390,webcam,SYN-FACE-02,right_eye,0.21926180163917822
SYN-W-0390,webcam,SYN-FACE-02,nose,0.30885904903785893
SYN-W-0390,webcam,SYN-FACE-02,mouth,0.26278054079653923
SYN-W-0390,webcam,SYN-FACE-02,other,0.0
SYN-W-0390,webcam,SYN-FACE-03,left_eye,0.33066563811915295
SYN-W-0390,webcam,SYN-FACE-03,right_eye,0.17563258315224725
SYN-W-0390,webcam,SYN-FACE-03,nose,0.1556467679444844
SYN-W-0390,webcam,SYN-FACE-03,mouth,0.2245433667137001
SYN-W-0390,webcam,SYN-FACE-03,other,0.11351164407041534
SYN-W-0391,webcam,SYN-FACE-01,left_eye,0.18595356049713224
SYN-W-0391,webcam,SYN-FACE-01,right_eye,0.1918538598188121
SYN-W-0391,webcam,SYN-FACE-01,nose,0.11467011452336276
SYN-W-0391,webcam,SYN-FACE-01,mouth,0.31973244956888874
SYN-W-0391,webcam,SYN-FACE-01,other,0.18779001559180422
SYN-W-0391,webcam,SYN-FACE-02,left_eye,0.1694275629715175
SYN-W-0391,webcam,SYN-FACE-02,right_eye,0.3495638625176176
SYN-W-0391,webcam,SYN-FACE-02,nose,0.061924941510193406
SYN-W-0391,webcam,SYN-FACE-02,mouth,0.3565961028752238
SYN-W-0391,webcam,SYN-FACE-02,other,0.0624875301254477
SYN-W-0391,webcam,SYN-FACE-03,left_eye,0.2726247280031845
SYN-W-0391,webcam,SYN-FACE-03,right_eye,0.32253644415803007
SYN-W-0391,webcam,SYN-FACE-03,nose,0.1808764025905274
SYN-W-0391,webcam,SYN-FACE-03,mouth,0.18720379717130758
SYN-W-0391,webcam,SYN-FACE-03,other,0.036758628076950454
SYN-W-0392,webcam,SYN-FACE-01,left_eye,0.19242108627753812
SYN-W-0392,webcam,SYN-FACE-01,right_eye,0.5888029477066502
SYN-W-0392,webcam,SYN-FACE-01,nose,0.06520438854805842
SYN-W-0392,webcam,SYN-FACE-01,mouth,0.061359069440509846
SYN-W-0392,webcam,SYN-FACE-01,other,0.09221250802724336
SYN-W-0392,webcam,SYN-FACE-02,left_eye,0.20699077103320737
SYN-W-0392,webcam,SYN-FACE-02,right_eye,0.12217520420502484
SYN-W-0392,webcam,SYN-FACE-02,nose,0.22736765611810858
SYN-W-0392,webcam,SYN-FACE-02,mouth,0.40629503823161206
SYN-W-0392,webcam,SYN-FACE-02,other,0.03717133041204721
SYN-W-0392,webcam,SYN-FACE-03,left_eye,0.3231180185688808
SYN-W-0392,webcam,SYN-FACE-03,right_eye,0.18194383780514453
SYN-W-0392,webcam,SYN-FACE-03,nose,0.23484078373679432
SYN-W-0392,webcam,SYN-FACE-03,mouth,0.023357068762910483
SYN-W-0392,webcam,SYN-FACE-03,other,0.2367402911262699
SYN-W-0393,webcam,SYN-FACE-01,left_eye,0.18860882801322465
SYN-W-0393,webcam,SYN-FACE-01,right_eye,0.4416569576192556
SYN-W-0393,webcam,SYN-FACE-01,nose,0.15315099230465257
SYN-W-0393,webcam,SYN-FACE-01,mouth,0.13131602153957575
SYN-W-0393,webcam,SYN-FACE-01,other,0.08526720052329143
SYN-W-0393,webcam,SYN-FACE-02,left_eye,0.07232498344868493
SYN-W-0393,webcam,SYN-FACE-02,right_eye,0.23752658687557746
SYN-W-0393,webcam,SYN-FACE-02,nose,0.36443246069332424
SYN-W-0393,webcam,SYN-FACE-02,mouth,0.1632919369053697
SYN-W-0393,webcam,SYN-FACE-02,other,0.16242403207704367
SYN-W-0393,webcam,SYN-FACE-03,left_eye,0.3089554147174005
SYN-W-0393,webcam,SYN-FACE-03,right_eye,0.17572422895369322
SYN-W-0393,webcam,SYN-FACE-03,nose,0.24283223803900442
SYN-W-0393,webcam,SYN-FACE-03,mouth,0.17990519839948754
SYN-W-0393,webcam,SYN-FACE-03,other,0.0925829198904143
SYN-W-0394,webcam,SYN-FACE-01,left_eye,0.19594521952427799
SYN-W-0394,webcam,SYN-FACE-01,right_eye,0.24422401743023153
SYN-W-0394,webcam,SYN-FACE-01,nose,0.06205226134407601
SYN-W-0394,webcam,SYN-FACE-01,mouth,0.33854643556432257
SYN-W-0394,webcam,SYN-FACE-01,other,0.159232066137092
SYN-W-0394,webcam,SYN-FACE-02,left_eye,0.30640485663675093
SYN-W-0394,webcam,SYN-FACE-02,right_eye,0.101560797796697
SYN-W-0394,webcam,SYN-FACE-02,nose,0.16138513282354439
SYN-W-0394,webcam,SYN-FACE-02,mouth,0.33941081636697007
SYN-W-0394,webcam,SYN-FACE-02,other,0.09123839637603763
SYN-W-0394,webcam,SYN-FACE-03,left_eye,0.4793145291306071
SYN-W-0394,webcam,SYN-FACE-03,right_eye,0.1967507507447227
SYN-W-0394,webcam,SYN-FACE-03,nose,0.041005198601698774
SYN-W-0394,webcam,SYN-FACE-03,mouth,0.21145320491487288
SYN-W-0394,webcam,SYN-FACE-03,other,0.0714763166080985
SYN-W-0395,webcam,SYN-FACE-01,left_eye,0.1571370091806833
SYN-W-0395,webcam,SYN-FACE-01,right_eye,0.46493858938356963
SYN-W-0395,webcam,SYN-FACE-01,nose,0.07970163315786827
SYN-W-0395,webcam,SYN-FACE-01,mouth,0.19627147678573223
SYN-W-0395,webcam,SYN-FACE-01,other,0.10195129149214655
SYN-W-0395,webcam,SYN-FACE-02,left_eye,0.14579458821932426
SYN-W-0395,webcam,SYN-FACE-02,right_eye,0.23151146166896208
SYN-W-0395,webcam,SYN-FACE-02,nose,0.1519291061157651
SYN-W-0395,webcam,SYN-FACE-02,mouth,0.2545638268533122
SYN-W-0395,webcam,SYN-FACE-02,other,0.21620101714263643
SYN-W-0395,webcam,SYN-FACE-03,left_eye,0.2857540526039753
SYN-W-0395,webcam,SYN-FACE-03,right_eye,0.10689797707360268
SYN-W-0395,webcam,SYN-FACE-03,nose,0.18966182386897695
SYN-W-0395,webcam,SYN-FACE-03,mouth,0.34054518646230136
SYN-W-0395,webcam,SYN-FACE-03,other,0.07714095999114365
SYN-W-0396,webcam,SYN-FACE-01,left_eye,0.3147465734963397
SYN-W-0396,webcam,SYN-FACE-01,right_eye,0.1837562496486656
SYN-W-0396,webcam,SYN-FACE-01,nose,0.17136252805966318
SYN-W-0396,webcam,SYN-FACE-01,mouth,0.28960905844354756
SYN-W-0396,webcam,SYN-FACE-01,other,0.040525590351783956
SYN-W-0396,webcam,SYN-FACE-02,left_eye,0.21795236622394024
SYN-W-0396,webcam,SYN-FACE-02,right_eye,0.3681155740507695
SYN-W-0396,webcam,SYN-FACE-02,nose,0.12827666531281176
SYN-W-0396,webcam,SYN-FACE-02,mouth,0.2524373730220163
SYN-W-0396,webcam,SYN-FACE-02,other,0.03321802139046224
SYN-W-0396,webcam,SYN-FACE-03,left_eye,0.3810801195278845
SYN-W-0396,webcam,SYN-FACE-03,right_eye,0.3459186821274637
SYN-W-0396,webcam,SYN-FACE-03,nose,0.06368402823980099
SYN-W-0396,webcam,SYN-FACE-03,mouth,0.20931717010485085
SYN-W-0396,webcam,SYN-FACE-03,other,0.0
SYN-W-0397,webcam,SYN-FACE-01,left_eye,0.32493200587552257
SYN-W-0397,webcam,SYN-FACE-01,right_eye,0.2484391350564076
SYN-W-0397,webcam,SYN-FACE-01,nose,0.17061196730261288
SYN-W-0397,webcam,SYN-FACE-01,mouth,0.25601689176545694
SYN-W-0397,webcam,SYN-FACE-01,other,0.0
SYN-W-0397,webcam,SYN-FACE-02,left_eye,0.19445472080430345
SYN-W-0397,webcam,SYN-FACE-02,right_eye,0.35430002378445025
SYN-W-0397,webcam,SYN-FACE-02,nose,0.12625097419116246
SYN-W-0397,webcam,SYN-FACE-02,mouth,0.3249942812200839
SYN-W-0397,webcam,SYN-FACE-02,other,0.0
SYN-W-0397,webcam,SYN-FACE-03,left_eye,0.2938431962927755
SYN-W-0397,webcam,SYN-FACE-03,right_eye,0.3422485018764739
SYN-W-0397,webcam,SYN-FACE-03,nose,0.09327672629691218
SYN-W-0397,webcam,SYN-FACE-03,mouth,0.2326870724403157
SYN-W-0397,webcam,SYN-FACE-03,other,0.03794450309352282
SYN-W-0398,webcam,SYN-FACE-01,left_eye,0.15543296447094213
SYN-W-0398,webcam,SYN-FACE-01,right_eye,0.24122091058570008
SYN-W-0398,webcam,SYN-FACE-01,nose,0.25986563420989217
SYN-W-0398,webcam,SYN-FACE-01,mouth,0.2309453238171573
SYN-W-0398,webcam,SYN-FACE-01,other,0.11253516691630835
SYN-W-0398,webcam,SYN-FACE-02,left_eye,0.16567095335535106
SYN-W-0398,webcam,SYN-FACE-02,right_eye,0.07222111425360608
SYN-W-0398,webcam,SYN-FACE-02,nose,0.28076419461964336
SYN-W-0398,webcam,SYN-FACE-02,mouth,0.4584587236776415
SYN-W-0398,webcam,SYN-FACE-02,other,0.022885014093758066
SYN-W-0398,webcam,SYN-FACE-03,left_eye,0.41317005582705496
SYN-W-0398,webcam,SYN-FACE-03,right_eye,0.29829130398871223
SYN-W-0398,webcam,SYN-FACE-03,nose,0.13146912229215174
SYN-W-0398,webcam,SYN-FACE-03,mouth,0.10658183180998808
SYN-W-0398,webcam,SYN-FACE-03,other,0.050487686082093024
SYN-W-0399,webcam,SYN-FACE-01,left_eye,0.33755407611167126
SYN-W-0399,webcam,SYN-FACE-01,right_eye,0.16937924317077405
SYN-W-0399,webcam,SYN-FACE-01,nose,0.23588711668015624
SYN-W-0399,webcam,SYN-FACE-01,mouth,0.18523995069854923
SYN-W-0399,webcam,SYN-FACE-01,other,0.07193961333884917
SYN-W-0399,webcam,SYN-FACE-02,left_eye,0.03912290725528978
SYN-W-0399,webcam,SYN-FACE-02,right_eye,0.31980443718400603
SYN-W-0399,webcam,SYN-FACE-02,nose,0.18102142374929064
SYN-W-0399,webcam,SYN-FACE-02,mouth,0.3939352594360773
SYN-W-0399,webcam,SYN-FACE-02,other,0.06611597237533624
SYN-W-0399,webcam,SYN-FACE-03,left_eye,0.17176113414893746
SYN-W-0399,webcam,SYN-FACE-03,right_eye,0.15312639301460948
SYN-W-0399,webcam,SYN-FACE-03,nose,0.15012893694938106
SYN-W-0399,webcam,SYN-FACE-03,mouth,0.22777728583729817
SYN-W-0399,webcam,SYN-FACE-03,other,0.29720625004977386
SYN-W-0400,webcam,SYN-FACE-01,left_eye,0.15680292307667945
SYN-W-0400,webcam,SYN-FACE-01,right_eye,0.1589732258538675
SYN-W-0400,webcam,SYN-FACE-01,nose,0.3741897238471159
SYN-W-0400,webcam,SYN-FACE-01,mouth,0.21497903679050073
SYN-W-0400,webcam,SYN-FACE-01,other,0.09505509043183642
SYN-W-0400,webcam,SYN-FACE-02,left_eye,0.17371533574406378
SYN-W-0400,webcam,SYN-FACE-02,right_eye,0.39010437039001866
SYN-W-0400,webcam,SYN-FACE-02,nose,0.15929762064540362
SYN-W-0400,webcam,SYN-FACE-02,mouth,0.2490736401257585
SYN-W-0400,webcam,SYN-FACE-02,other,0.02780903309475541
SYN-W-0400,webcam,SYN-FACE-03,left_eye,0.13139246858818357
SYN-W-0400,webcam,SYN-FACE-03,right_eye,0.3556807989936812
SYN-W-0400,webcam,SYN-FACE-03,nose,0.12596375029201812
SYN-W-0400,webcam,SYN-FACE-03,mouth,0.3403578036295569
SYN-W-0400,webcam,SYN-FACE-03,other,0.04660517849656023
SYN-W-0401,webcam,SYN-FACE-01,left_eye,0.2547376454913128
SYN-W-0401,webcam,SYN-FACE-01,right_eye,0.10393340566438336
SYN-W-0401,webcam,SYN-FACE-01,nose,0.17409124744768759
SYN-W-0401,webcam,SYN-FACE-01,mouth,0.28237629246718493
SYN-W-0401,webcam,SYN-FACE-01,other,0.18486140892943131
SYN-W-0401,webcam,SYN-FACE-02,left_eye,0.24820868899308995
SYN-W-0401,webcam,SYN-FACE-02,right_eye,0.30567280334049585
SYN-W-0401,webcam,SYN-FACE-02,nose,0.1377846874360182
SYN-W-0401,webcam,SYN-FACE-02,mouth,0.308333820230396
SYN-W-0401,webcam,SYN-FACE-02,other,0.0
SYN-W-0401,webcam,SYN-FACE-03,left_eye,0.24732094796872248
SYN-W-0401,webcam,SYN-FACE-03,right_eye,0.20561983042032425
SYN-W-0401,webcam,SYN-FACE-03,nose,0.17527011197283365
SYN-W-0401,webcam,SYN-FACE-03,mouth,0.2198710261453192
SYN-W-0401,webcam,SYN-FACE-03,other,0.1519180834928004
SYN-W-0402,webcam,SYN-FACE-01,left_eye,0.4046951733385955
SYN-W-0402,webcam,SYN-FACE-01,right_eye,0.1431172327351446
SYN-W-0402,webcam,SYN-FACE-01,nose,0.14457283142156643
SYN-W-0402,webcam,SYN-FACE-01,mouth,0.1816763490210603
SYN-W-0402,webcam,SYN-FACE-01,other,0.12593841348363316
SYN-W-0402,webcam,SYN-FACE-02,left_eye,0.14941704826963167
SYN-W-0402,webcam,SYN-FACE-02,right_eye,0.09067556937619556
SYN-W-0402,webcam,SYN-FACE-02,nose,0.32238445161196416
SYN-W-0402,webcam,SYN-FACE-02,mouth,0.2539762187879872
SYN-W-0402,webcam,SYN-FACE-02,other,0.18354671195422143
SYN-W-0402,webcam,SYN-FACE-03,left_eye,0.24750123239130734
SYN-W-0402,webcam,SYN-FACE-03,right_eye,0.3787009510703316
SYN-W-0402,webcam,SYN-FACE-03,nose,0.1584303648316527
SYN-W-0402,webcam,SYN-FACE-03,mouth,0.12151002885968192
SYN-W-0402,webcam,SYN-FACE-03,other,0.09385742284702642
SYN-W-0403,webcam,SYN-FACE-01,left_eye,0.1447155934943743
SYN-W-0403,webcam,SYN-FACE-01,right_eye,0.2978223696014163
SYN-W-0403,webcam,SYN-FACE-01,nose,0.2477365265970375
SYN-W-0403,webcam,SYN-FACE-01,mouth,0.22330850767711297
SYN-W-0403,webcam,SYN-FACE-01,other,0.08641700263005903
SYN-W-0403,webcam,SYN-FACE-02,left_eye,0.3026451253835452
SYN-W-0403,webcam,SYN-FACE-02,right_eye,0.19673423584404393
SYN-W-0403,webcam,SYN-FACE-02,nose,0.14117685661243495
SYN-W-0403,webcam,SYN-FACE-02,mouth,0.3107663997877099
SYN-W-0403,webcam,SYN-FACE-02,other,0.04867738237226595
SYN-W-0403,webcam,SYN-FACE-03,left_eye,0.24121290710249446
SYN-W-0403,webcam,SYN-FACE-03,right_eye,0.23358400199524626
SYN-W-0403,webcam,SYN-FACE-03,nose,0.0
SYN-W-0403,webcam,SYN-FACE-03,mouth,0.35809341737655814
SYN-W-0403,webcam,SYN-FACE-03,other,0.1671096735257011
SYN-W-0404,webcam,SYN-FACE-01,left_eye,0.3137190530996391
SYN-W-0404,webcam,SYN-FACE-01,right_eye,0.39655783511251136
SYN-W-0404,webcam,SYN-FACE-01,nose,0.08925522256999283
SYN-W-0404,webcam,SYN-FACE-01,mouth,0.20046788921785672
SYN-W-0404,webcam,SYN-FACE-01,other,0.0
SYN-W-0404,webcam,SYN-FACE-02,left_eye,0.12479915772191011
SYN-W-0404,webcam,SYN-FACE-02,right_eye,0.30002867620498536
SYN-W-0404,webcam,SYN-FACE-02,nose,0.11206212553514076
SYN-W-0404,webcam,SYN-FACE-02,mouth,0.21011583001684764
SYN-W-0404,webcam,SYN-FACE-02,other,0.2529942105211161
SYN-W-0404,webcam,SYN-FACE-03,left_eye,0.07539913685283081
SYN-W-0404,webcam,SYN-FACE-03,right_eye,0.4121238629512618
SYN-W-0404,webcam,SYN-FACE-03,nose,0.288419750624163
SYN-W-0404,webcam,SYN-FACE-03,mouth,0.14112500922739923
SYN-W-0404,webcam,SYN-FACE-03,other,0.08293224034434511
SYN-W-0405,webcam,SYN-FACE-01,left_eye,0.17900656566337772
SYN-W-0405,webcam,SYN-FACE-01,right_eye,0.353521511572929
SYN-W-0405,webcam,SYN-FACE-01,nose,0.1869442776664916
SYN-W-0405,webcam,SYN-FACE-01,mouth,0.19370346245438028
SYN-W-0405,webcam,SYN-FACE-01,other,0.08682418264282143
SYN-W-0405,webcam,SYN-FACE-02,left_eye,0.13165187981946364
SYN-W-0405,webcam,SYN-FACE-02,right_eye,0.2866505355901178
SYN-W-0405,webcam,SYN-FACE-02,nose,0.16067124035207064
SYN-W-0405,webcam,SYN-FACE-02,mouth,0.32359765717442374
SYN-W-0405,webcam,SYN-FACE-02,other,0.09742868706392409
SYN-W-0405,webcam,SYN-FACE-03,left_eye,0.32448944354085596
SYN-W-0405,webcam,SYN-FACE-03,right_eye,0.21751195673016802
SYN-W-0405,webcam,SYN-FACE-03,nose,0.2917518363581204
SYN-W-0405,webcam,SYN-FACE-03,mouth,0.13862162649918097
SYN-W-0405,webcam,SYN-FACE-03,other,0.027625136871674633
SYN-W-0406,webcam,SYN-FACE-01,left_eye,0.23354066889773425
SYN-W-0406,webcam,SYN-FACE-01,right_eye,0.22115621555518267
SYN-W-0406,webcam,SYN-FACE-01,nose,0.25548474992831
SYN-W-0406,webcam,SYN-FACE-01,mouth,0.24895000170788403
SYN-W-0406,webcam,SYN-FACE-01,other,0.04086836391088907
SYN-W-0406,webcam,SYN-FACE-02,left_eye,0.0
SYN-W-0406,webcam,SYN-FACE-02,right_eye,0.5387640796238077
SYN-W-0406,webcam,SYN-FACE-02,nose,0.2832446662937996
SYN-W-0406,webcam,SYN-FACE-02,mouth,0.13188234468193571
SYN-W-0406,webcam,SYN-FACE-02,other,0.04610890940045708
SYN-W-0406,webcam,SYN-FACE-03,left_eye,0.4263453602660858
SYN-W-0406,webcam,SYN-FACE-03,right_eye,0.1773586719910004
SYN-W-0406,webcam,SYN-FACE-03,nose,0.16010948516144846
SYN-W-0406,webcam,SYN-FACE-03,mouth,0.2361864825814653
SYN-W-0406,webcam,SYN-FACE-03,other,0.0
SYN-W-0407,webcam,SYN-FACE-01,left_eye,0.3024187194366947
SYN-W-0407,webcam,SYN-FACE-01,right_eye,0.25238710198047754
SYN-W-0407,webcam,SYN-FACE-01,nose,0.07690265654063418
SYN-W-0407,webcam,SYN-FACE-01,mouth,0.3099699735408827
SYN-W-0407,webcam,SYN-FACE-01,other,0.05832154850131091
SYN-W-0407,webcam,SYN-FACE-02,left_eye,0.25392805255101303
SYN-W-0407,webcam,SYN-FACE-02,right_eye,0.12745777826322172
SYN-W-0407,webcam,SYN-FACE-02,nose,0.11009434850544553
SYN-W-0407,webcam,SYN-FACE-02,mouth,0.4604153517689412
SYN-W-0407,webcam,SYN-FACE-02,other,0.04810446891137848
SYN-W-0407,webcam,SYN-FACE-03,left_eye,0.17379365515560452
SYN-W-0407,webcam,SYN-FACE-03,right_eye,0.2994328477340696
SYN-W-0407,webcam,SYN-FACE-03,nose,0.22840371076889648
SYN-W-0407,webcam,SYN-FACE-03,mouth,0.27168717652517216
SYN-W-0407,webcam,SYN-FACE-03,other,0.02668260981625736
SYN-W-0408,webcam,SYN-FACE-01,left_eye,0.06870976247126082
SYN-W-0408,webcam,SYN-FACE-01,right_eye,0.2710399452162227
SYN-W-0408,webcam,SYN-FACE-01,nose,0.1490161323701491
SYN-W-0408,webcam,SYN-FACE-01,mouth,0.48882281213866013
SYN-W-0408,webcam,SYN-FACE-01,other,0.022411347803707224
SYN-W-0408,webcam,SYN-FACE-02,left_eye,0.16149728046862272
SYN-W-0408,webcam,SYN-FACE-02,right_eye,0.08395406483179688
SYN-W-0408,webcam,SYN-FACE-02,nose,0.14961320141518475
SYN-W-0408,webcam,SYN-FACE-02,mouth,0.42800329566783646
SYN-W-0408,webcam,SYN-FACE-02,other,0.17693215761655928
SYN-W-0408,webcam,SYN-FACE-03,left_eye,0.40360469394610776
SYN-W-0408,webcam,SYN-FACE-03,right_eye,0.16347394976811924
SYN-W-0408,webcam,SYN-FACE-03,nose,0.1504516624730321
SYN-W-0408,webcam,SYN-FACE-03,mouth,0.2824696938127409
SYN-W-0408,webcam,SYN-FACE-03,other,0.0
SYN-W-0409,webcam,SYN-FACE-01,left_eye,0.2289820594375835
SYN-W-0409,webcam,SYN-FACE-01,right_eye,0.2128217942272698
SYN-W-0409,webcam,SYN-FACE-01,nose,0.19165069525932574
SYN-W-0409,webcam,SYN-FACE-01,mouth,0.3084439829425873
SYN-W-0409,webcam,SYN-FACE-01,other,0.05810146813323361
SYN-W-0409,webcam,SYN-FACE-02,left_eye,0.24287238718091003
SYN-W-0409,webcam,SYN-FACE-02,right_eye,0.23412485681250483
SYN-W-0409,webcam,SYN-FACE-02,nose,0.19660425466979756
SYN-W-0409,webcam,SYN-FACE-02,mouth,0.24565696739436949
SYN-W-0409,webcam,SYN-FACE-02,other,0.08074153394241816
SYN-W-0409,webcam,SYN-FACE-03,left_eye,0.41092457062293036
SYN-W-0409,webcam,SYN-FACE-03,right_eye,0.3021027018212194
SYN-W-0409,webcam,SYN-FACE-03,nose,0.20676484163492412
SYN-W-0409,webcam,SYN-FACE-03,mouth,0.08020788592092623
SYN-W-0409,webcam,SYN-FACE-03,other,0.0
SYN-W-0410,webcam,SYN-FACE-01,left_eye,0.11764916094918132
SYN-W-0410,webcam,SYN-FACE-01,right_eye,0.38348613263691006
SYN-W-0410,webcam,SYN-FACE-01,nose,0.22718098889412877
SYN-W-0410,webcam,SYN-FACE-01,mouth,0.21374636639054742
SYN-W-0410,webcam,SYN-FACE-01,other,0.05793735112923248
SYN-W-0410,webcam,SYN-FACE-02,left_eye,0.36626684035908275
SYN-W-0410,webcam,SYN-FACE-02,right_eye,0.2324484464670761
SYN-W-0410,webcam,SYN-FACE-02,nose,0.1952439256213447
SYN-W-0410,webcam,SYN-FACE-02,mouth,0.10553143663422573
SYN-W-0410,webcam,SYN-FACE-02,other,0.10050935091827065
SYN-W-0410,webcam,SYN-FACE-03,left_eye,0.1369789515769639
SYN-W-0410,webcam,SYN-FACE-03,right_eye,0.2912374193230727
SYN-W-0410,webcam,SYN-FACE-03,nose,0.19396185017269305
SYN-W-0410,webcam,SYN-FACE-03,mouth,0.15169645196677298
SYN-W-0410,webcam,SYN-FACE-03,other,0.22612532696049745
SYN-W-0411,webcam,SYN-FACE-01,left_eye,0.2455765402831885
SYN-W-0411,webcam,SYN-FACE-01,right_eye,0.2786133353485854
SYN-W-0411,webcam,SYN-FACE-01,nose,0.2309444543088934
SYN-W-0411,webcam,SYN-FACE-01,mouth,0.1846161304344991
SYN-W-0411,webcam,SYN-FACE-01,other,0.060249539624833655
SYN-W-0411,webcam,SYN-FACE-02,left_eye,0.3784998822084646
SYN-W-0411,webcam,SYN-FACE-02,right_eye,0.17947787923614206
SYN-W-0411,webcam,SYN-FACE-02,nose,0.08445347340045489
SYN-W-0411,webcam,SYN-FACE-02,mouth,0.3575687651549384
SYN-W-0411,webcam,SYN-FACE-02,other,0.0
SYN-W-0411,webcam,SYN-FACE-03,left_eye,0.1907605010836243
SYN-W-0411,webcam,SYN-FACE-03,right_eye,0.3237006332801712
SYN-W-0411,webcam,SYN-FACE-03,nose,0.2386823722664882
SYN-W-0411,webcam,SYN-FACE-03,mouth,0.24685649336971638
SYN-W-0411,webcam,SYN-FACE-03,other,0.0
SYN-W-0412,webcam,SYN-FACE-01,left_eye,0.3912752959157383
SYN-W-0412,webcam,SYN-FACE-01,right_eye,0.1519524712711029
SYN-W-0412,webcam,SYN-FACE-01,nose,0.25410085977748337
SYN-W-0412,webcam,SYN-FACE-01,mouth,0.10833841983960228
SYN-W-0412,webcam,SYN-FACE-01,other,0.09433295319607311
SYN-W-0412,webcam,SYN-FACE-02,left_eye,0.24849363255408663
SYN-W-0412,webcam,SYN-FACE-02,right_eye,0.12683122530586363
SYN-W-0412,webcam,SYN-FACE-02,nose,0.3174465498787009
SYN-W-0412,webcam,SYN-FACE-02,mouth,0.2480391989496526
SYN-W-0412,webcam,SYN-FACE-02,other,0.05918939331169618
SYN-W-0412,webcam,SYN-FACE-03,left_eye,0.13674910308862095
SYN-W-0412,webcam,SYN-FACE-03,right_eye,0.26481320557980326
SYN-W-0412,webcam,SYN-FACE-03,nose,0.1898477392948357
SYN-W-0412,webcam,SYN-FACE-03,mouth,0.367556478271105
SYN-W-0412,webcam,SYN-FACE-03,other,0.04103347376563511
SYN-W-0413,webcam,SYN-FACE-01,left_eye,0.12602479440385242
SYN-W-0413,webcam,SYN-FACE-01,right_eye,0.23250176906985653
SYN-W-0413,webcam,SYN-FACE-01,nose,0.2159436391125824
SYN-W-0413,webcam,SYN-FACE-01,mouth,0.17232524703523966
SYN-W-0413,webcam,SYN-FACE-01,other,0.2532045503784689
SYN-W-0413,webcam,SYN-FACE-02,left_eye,0.43910790071185024
SYN-W-0413,webcam,SYN-FACE-02,right_eye,0.15561836193270412
SYN-W-0413,webcam,SYN-FACE-02,nose,0.23841207216617782
SYN-W-0413,webcam,SYN-FACE-02,mouth,0.09790448077968392
SYN-W-0413,webcam,SYN-FACE-02,other,0.0689571844095839
SYN-W-0413,webcam,SYN-FACE-03,left_eye,0.27788487867946954
SYN-W-0413,webcam,SYN-FACE-03,right_eye,0.27415618982504697
SYN-W-0413,webcam,SYN-FACE-03,nose,0.27737410019010494
SYN-W-0413,webcam,SYN-FACE-03,mouth,0.17058483130537852
SYN-W-0413,webcam,SYN-FACE-03,other,0.0
SYN-W-0414,webcam,SYN-FACE-01,left_eye,0.15944040275756582
SYN-W-0414,webcam,SYN-FACE-01,right_eye,0.2554858113664685
SYN-W-0414,webcam,SYN-FACE-01,nose,0.2598762974184501
SYN-W-0414,webcam,SYN-FACE-01,mouth,0.22795803095970046
SYN-W-0414,webcam,SYN-FACE-01,other,0.09723945749781507
SYN-W-0414,webcam,SYN-FACE-02,left_eye,0.1981880751416115
SYN-W-0414,webcam,SYN-FACE-02,right_eye,0.06557808776482611
SYN-W-0414,webcam,SYN-FACE-02,nose,0.2121344369976432
SYN-W-0414,webcam,SYN-FACE-02,mouth,0.39328969898031796
SYN-W-0414,webcam,SYN-FACE-02,other,0.13080970111560128
SYN-W-0414,webcam,SYN-FACE-03,left_eye,0.30326685044143864
SYN-W-0414,webcam,SYN-FACE-03,right_eye,0.1689783537203508
SYN-W-0414,webcam,SYN-FACE-03,nose,0.1021702447556721
SYN-W-0414,webcam,SYN-FACE-03,mouth,0.2686092779003657
SYN-W-0414,webcam,SYN-FACE-03,other,0.15697527318217264
SYN-W-0415,webcam,SYN-FACE-01,left_eye,0.14423833599800004
SYN-W-0415,webcam,SYN-FACE-01,right_eye,0.29295923994720463
SYN-W-0415,webcam,SYN-FACE-01,nose,0.10492481737294529
SYN-W-0415,webcam,SYN-FACE-01,mouth,0.30480789550125686
SYN-W-0415,webcam,SYN-FACE-01,other,0.15306971118059326
SYN-W-0415,webcam,SYN-FACE-02,left_eye,0.22753674680561084
SYN-W-0415,webcam,SYN-FACE-02,right_eye,0.3058646386087609
SYN-W-0415,webcam,SYN-FACE-02,nose,0.10593940581912305
SYN-W-0415,webcam,SYN-FACE-02,mouth,0.2984555710100831
SYN-W-0415,webcam,SYN-FACE-02,other,0.06220363775642216
SYN-W-0415,webcam,SYN-FACE-03,left_eye,0.4283498104074293
SYN-W-0415,webcam,SYN-FACE-03,right_eye,0.05428459816919361
SYN-W-0415,webcam,SYN-FACE-03,nose,0.23547001235860676
SYN-W-0415,webcam,SYN-FACE-03,mouth,0.28189557906477025
SYN-W-0415,webcam,SYN-FACE-03,other,0.0
SYN-W-0416,webcam,SYN-FACE-01,left_eye,0.27440582571688116
SYN-W-0416,webcam,SYN-FACE-01,right_eye,0.2639625237407115
SYN-W-0416,webcam,SYN-FACE-01,nose,0.10758830780902598
SYN-W-0416,webcam,SYN-FACE-01,mouth,0.35404334273338145
SYN-W-0416,webcam,SYN-FACE-01,other,0.0
SYN-W-0416,webcam,SYN-FACE-02,left_eye,0.07474607411390449
SYN-W-0416,webcam,SYN-FACE-02,right_eye,0.27877438647714675
SYN-W-0416,webcam,SYN-FACE-02,nose,0.144906821620277
SYN-W-0416,webcam,SYN-FACE-02,mouth,0.4779367792410952
SYN-W-0416,webcam,SYN-FACE-02,other,0.023635938547576552
SYN-W-0416,webcam,SYN-FACE-03,left_eye,0.3687607770877317
SYN-W-0416,webcam,SYN-FACE-03,right_eye,0.14031364929989895
SYN-W-0416,webcam,SYN-FACE-03,nose,0.16895325773245165
SYN-W-0416,webcam,SYN-FACE-03,mouth,0.240187628048491
SYN-W-0416,webcam,SYN-FACE-03,other,0.08178468783142664
SYN-W-0417,webcam,SYN-FACE-01,left_eye,0.31365914720484694
SYN-W-0417,webcam,SYN-FACE-01,right_eye,0.37973202341521667
SYN-W-0417,webcam,SYN-FACE-01,nose,0.07900525759805144
SYN-W-0417,webcam,SYN-FACE-01,mouth,0.18054766817059179
SYN-W-0417,webcam,SYN-FACE-01,other,0.04705590361129309
SYN-W-0417,webcam,SYN-FACE-02,left_eye,0.40479641363454444
SYN-W-0417,webcam,SYN-FACE-02,right_eye,0.13955808956424284
SYN-W-0417,webcam,SYN-FACE-02,nose,0.07495816759705029
SYN-W-0417,webcam,SYN-FACE-02,mouth,0.3472748816577501
SYN-W-0417,webcam,SYN-FACE-02,other,0.03341244754641237
SYN-W-0417,webcam,SYN-FACE-03,left_eye,0.31344905397967326
SYN-W-0417,webcam,SYN-FACE-03,right_eye,0.20619275978022994
SYN-W-0417,webcam,SYN-FACE-03,nose,0.12314447662142985
SYN-W-0417,webcam,SYN-FACE-03,mouth,0.28202296182503195
SYN-W-0417,webcam,SYN-FACE-03,other,0.07519074779363506
SYN-W-0418,webcam,SYN-FACE-01,left_eye,0.2031924759404912
SYN-W-0418,webcam,SYN-FACE-01,right_eye,0.3940423829706736
SYN-W-0418,webcam,SYN-FACE-01,nose,0.256950553504149
SYN-W-0418,webcam,SYN-FACE-01,mouth,0.14581458758468624
SYN-W-0418,webcam,SYN-FACE-01,other,0.0
SYN-W-0418,webcam,SYN-FACE-02,left_eye,0.17607552534440712
SYN-W-0418,webcam,SYN-FACE-02,right_eye,0.3969676320652111
SYN-W-0418,webcam,SYN-FACE-02,nose,0.1739864597174678
SYN-W-0418,webcam,SYN-FACE-02,mouth,0.18736102542698013
SYN-W-0418,webcam,SYN-FACE-02,other,0.06560935744593391
SYN-W-0418,webcam,SYN-FACE-03,left_eye,0.37035369005352947
SYN-W-0418,webcam,SYN-FACE-03,right_eye,0.19855202288784812
SYN-W-0418,webcam,SYN-FACE-03,nose,0.1566972649807689
SYN-W-0418,webcam,SYN-FACE-03,mouth,0.2336693875642323
SYN-W-0418,webcam,SYN-FACE-03,other,0.040727634513621276
SYN-W-0419,webcam,SYN-FACE-01,left_eye,0.18057736537528746
SYN-W-0419,webcam,SYN-FACE-01,right_eye,0.2463093644964766
SYN-W-0419,webcam,SYN-FACE-01,nose,0.17742797639858576
SYN-W-0419,webcam,SYN-FACE-01,mouth,0.30988167705513414
SYN-W-0419,webcam,SYN-FACE-01,other,0.08580361667451598
SYN-W-0419,webcam,SYN-FACE-02,left_eye,0.3516000435113001
SYN-W-0419,webcam,SYN-FACE-02,right_eye,0.10105341846860685
SYN-W-0419,webcam,SYN-FACE-02,nose,0.16514993103472958
SYN-W-0419,webcam,SYN-FACE-02,mouth,0.2946437159149946
SYN-W-0419,webcam,SYN-FACE-02,other,0.08755289107036883
SYN-W-0419,webcam,SYN-FACE-03,left_eye,0.22137423637727222
SYN-W-0419,webcam,SYN-FACE-03,right_eye,0.44307229432071826
SYN-W-0419,webcam,SYN-FACE-03,nose,0.24542735428304366
SYN-W-0419,webcam,SYN-FACE-03,mouth,0.0901261150189659
SYN-W-0419,webcam,SYN-FACE-03,other,0.0
SYN-W-0420,webcam,SYN-FACE-01,left_eye,0.16261884910649885
SYN-W-0420,webcam,SYN-FACE-01,right_eye,0.36495544465164026
SYN-W-0420,webcam,SYN-FACE-01,nose,0.16672934152552826
SYN-W-0420,webcam,SYN-FACE-01,mouth,0.26787341173531987
SYN-W-0420,webcam,SYN-FACE-01,other,0.03782295298101285
SYN-W-0420,webcam,SYN-FACE-02,left_eye,0.20228810200876085
SYN-W-0420,webcam,SYN-FACE-02,right_eye,0.19914682304024495
SYN-W-0420,webcam,SYN-FACE-02,nose,0.2926627668989891
SYN-W-0420,webcam,SYN-FACE-02,mouth,0.14529664335702627
SYN-W-0420,webcam,SYN-FACE-02,other,0.16060566469497883
SYN-W-0420,webcam,SYN-FACE-03,left_eye,0.3168299399678037
SYN-W-0420,webcam,SYN-FACE-03,right_eye,0.2522159550287991
SYN-W-0420,webcam,SYN-FACE-03,nose,0.08202739381889133
SYN-W-0420,webcam,SYN-FACE-03,mouth,0.2721061961086533
SYN-W-0420,webcam,SYN-FACE-03,other,0.07682051507585261
SYN-W-0421,webcam,SYN-FACE-01,left_eye,0.15012447505943777
SYN-W-0421,webcam,SYN-FACE-01,right_eye,0.28413869402287656
SYN-W-0421,webcam,SYN-FACE-01,nose,0.037321599154000386
SYN-W-0421,webcam,SYN-FACE-01,mouth,0.2996569875129708
SYN-W-0421,webcam,SYN-FACE-01,other,0.22875824425071445
SYN-W-0421,webcam,SYN-FACE-02,left_eye,0.15952689633437728
SYN-W-0421,webcam,SYN-FACE-02,right_eye,0.3587290824135318
SYN-W-0421,webcam,SYN-FACE-02,nose,0.2660105970437594
SYN-W-0421,webcam,SYN-FACE-02,mouth,0.1691408614384388
SYN-W-0421,webcam,SYN-FACE-02,other,0.04659256276989279
SYN-W-0421,webcam,SYN-FACE-03,left_eye,0.18561168889934954
SYN-W-0421,webcam,SYN-FACE-03,right_eye,0.36821099952111336
SYN-W-0421,webcam,SYN-FACE-03,nose,0.04842647714372012
SYN-W-0421,webcam,SYN-FACE-03,mouth,0.3288584850547187
SYN-W-0421,webcam,SYN-FACE-03,other,0.06889234938109823
SYN-W-0422,webcam,SYN-FACE-01,left_eye,0.16890825673842047
SYN-W-0422,webcam,SYN-FACE-01,right_eye,0.35565441806167314
SYN-W-0422,webcam,SYN-FACE-01,nose,0.340781593976653
SYN-W-0422,webcam,SYN-FACE-01,mouth,0.05668898275527393
SYN-W-0422,webcam,SYN-FACE-01,other,0.07796674846797949
SYN-W-0422,webcam,SYN-FACE-02,left_eye,0.33806786148160284
SYN-W-0422,webcam,SYN-FACE-02,right_eye,0.2151130906060699
SYN-W-0422,webcam,SYN-FACE-02,nose,0.14330731215100137
SYN-W-0422,webcam,SYN-FACE-02,mouth,0.22061660962865093
SYN-W-0422,webcam,SYN-FACE-02,other,0.08289512613267505
SYN-W-0422,webcam,SYN-FACE-03,left_eye,0.26041602065529584
SYN-W-0422,webcam,SYN-FACE-03,right_eye,0.08922681317964423
SYN-W-0422,webcam,SYN-FACE-03,nose,0.16808902424804478
SYN-W-0422,webcam,SYN-FACE-03,mouth,0.3173713626446986
SYN-W-0422,webcam,SYN-FACE-03,other,0.16489677927231655
SYN-W-0423,webcam,SYN-FACE-01,left_eye,0.4751867174136621
SYN-W-0423,webcam,SYN-FACE-01,right_eye,0.27622577213111865
SYN-W-0423,webcam,SYN-FACE-01,nose,0.14165315581098725
SYN-W-0423,webcam,SYN-FACE-01,mouth,0.10693435464423198
SYN-W-0423,webcam,SYN-FACE-01,other,0.0
SYN-W-0423,webcam,SYN-FACE-02,left_eye,0.2561261715803296
SYN-W-0423,webcam,SYN-FACE-02,right_eye,0.0243129668017167
SYN-W-0423,webcam,SYN-FACE-02,nose,0.34631461680591435
SYN-W-0423,webcam,SYN-FACE-02,mouth,0.31175138416513243
SYN-W-0423,webcam,SYN-FACE-02,other,0.06149486064690692
SYN-W-0423,webcam,SYN-FACE-03,left_eye,0.39744948326066193
SYN-W-0423,webcam,SYN-FACE-03,right_eye,0.13481460606706339
SYN-W-0423,webcam,SYN-FACE-03,nose,0.15996697708313717
SYN-W-0423,webcam,SYN-FACE-03,mouth,0.1594469535763934
SYN-W-0423,webcam,SYN-FACE-03,other,0.14832198001274405
SYN-W-0424,webcam,SYN-FACE-01,left_eye,0.24763515815420986
SYN-W-0424,webcam,SYN-FACE-01,right_eye,0.19075649266160255
SYN-W-0424,webcam,SYN-FACE-01,nose,0.19756959781352199
SYN-W-0424,webcam,SYN-FACE-01,mouth,0.22335006545023525
SYN-W-0424,webcam,SYN-FACE-01,other,0.1406886859204303
SYN-W-0424,webcam,SYN-FACE-02,left_eye,0.18082356915952214
SYN-W-0424,webcam,SYN-FACE-02,right_eye,0.27011610723623175
SYN-W-0424,webcam,SYN-FACE-02,nose,0.07462808890152249
SYN-W-0424,webcam,SYN-FACE-02,mouth,0.43755597313044675
SYN-W-0424,webcam,SYN-FACE-02,other,0.036876261572276976
SYN-W-0424,webcam,SYN-FACE-03,left_eye,0.35929497893324286
SYN-W-0424,webcam,SYN-FACE-03,right_eye,0.15407004288046267
SYN-W-0424,webcam,SYN-FACE-03,nose,0.337999434777348
SYN-W-0424,webcam,SYN-FACE-03,mouth,0.11558142958529564
SYN-W-0424,webcam,SYN-FACE-03,other,0.03305411382365095
SYN-W-0425,webcam,SYN-FACE-01,left_eye,0.5397734116712499
SYN-W-0425,webcam,SYN-FACE-01,right_eye,0.08736700219879566
SYN-W-0425,webcam,SYN-FACE-01,nose,0.0
SYN-W-0425,webcam,SYN-FACE-01,mouth,0.18371015709342442
SYN-W-0425,webcam,SYN-FACE-01,other,0.18914942903653006
SYN-W-0425,webcam,SYN-FACE-02,left_eye,0.19461443618658145
SYN-W-0425,webcam,SYN-FACE-02,right_eye,0.024973112733118818
SYN-W-0425,webcam,SYN-FACE-02,nose,0.3288005420651352
SYN-W-0425,webcam,SYN-FACE-02,mouth,0.3571765044175745
SYN-W-0425,webcam,SYN-FACE-02,other,0.09443540459759009
SYN-W-0425,webcam,SYN-FACE-03,left_eye,0.4068798678031607
SYN-W-0425,webcam,SYN-FACE-03,right_eye,0.17435652584386507
SYN-W-0425,webcam,SYN-FACE-03,nose,0.1356177063555648
SYN-W-0425,webcam,SYN-FACE-03,mouth,0.2491336878687058
SYN-W-0425,webcam,SYN-FACE-03,other,0.034012212128703596
SYN-W-0426,webcam,SYN-FACE-01,left_eye,0.24514376452777037
SYN-W-0426,webcam,SYN-FACE-01,right_eye,0.07252277774978631
SYN-W-0426,webcam,SYN-FACE-01,nose,0.1845238842732932
SYN-W-0426,webcam,SYN-FACE-01,mouth,0.3341464576340321
SYN-W-0426,webcam,SYN-FACE-01,other,0.16366311581511803
SYN-W-0426,webcam,SYN-FACE-02,left_eye,0.1444044660566214
SYN-W-0426,webcam,SYN-FACE-02,right_eye,0.22185687512845623
SYN-W-0426,webcam,SYN-FACE-02,nose,0.17901932856479122
SYN-W-0426,webcam,SYN-FACE-02,mouth,0.24335733565215867
SYN-W-0426,webcam,SYN-FACE-02,other,0.2113619945979725
SYN-W-0426,webcam,SYN-FACE-03,left_eye,0.17802556586309778
SYN-W-0426,webcam,SYN-FACE-03,right_eye,0.0829708921135111
SYN-W-0426,webcam,SYN-FACE-03,nose,0.27459062549056173
SYN-W-0426,webcam,SYN-FACE-03,mouth,0.38699944467558206
SYN-W-0426,webcam,SYN-FACE-03,other,0.0774134718572474
SYN-W-0427,webcam,SYN-FACE-01,left_eye,0.2221703866075845
SYN-W-0427,webcam,SYN-FACE-01,right_eye,0.2936022683210851
SYN-W-0427,webcam,SYN-FACE-01,nose,0.22237101896069225
SYN-W-0427,webcam,SYN-FACE-01,mouth,0.26185632611063814
SYN-W-0427,webcam,SYN-FACE-01,other,0.0
SYN-W-0427,webcam,SYN-FACE-02,left_eye,0.32575854048536557
SYN-W-0427,webcam,SYN-FACE-02,right_eye,0.12041498276605749
SYN-W-0427,webcam,SYN-FACE-02,nose,0.11608366307514974
SYN-W-0427,webcam,SYN-FACE-02,mouth,0.2626737587740158
SYN-W-0427,webcam,SYN-FACE-02,other,0.17506905489941152
SYN-W-0427,webcam,SYN-FACE-03,left_eye,0.27344355827228384
SYN-W-0427,webcam,SYN-FACE-03,right_eye,0.3364251361598905
SYN-W-0427,webcam,SYN-FACE-03,nose,0.21485974909123984
SYN-W-0427,webcam,SYN-FACE-03,mouth,0.08595525506895728
SYN-W-0427,webcam,SYN-FACE-03,other,0.08931630140762847
SYN-W-0428,webcam,SYN-FACE-01,left_eye,0.19933718156042732
SYN-W-0428,webcam,SYN-FACE-01,right_eye,0.3030791199321612
SYN-W-0428,webcam,SYN-FACE-01,nose,0.22310260036418922
SYN-W-0428,webcam,SYN-FACE-01,mouth,0.13630691197331493
SYN-W-0428,webcam,SYN-FACE-01,other,0.1381741861699073
SYN-W-0428,webcam,SYN-FACE-02,left_eye,0.02846600037475971
SYN-W-0428,webcam,SYN-FACE-02,right_eye,0.2921406291789553
SYN-W-0428,webcam,SYN-FACE-02,nose,0.06494608895959118
SYN-W-0428,webcam,SYN-FACE-02,mouth,0.48594704806419725
SYN-W-0428,webcam,SYN-FACE-02,other,0.12850023342249656
SYN-W-0428,webcam,SYN-FACE-03,left_eye,0.3302905115465134
SYN-W-0428,webcam,SYN-FACE-03,right_eye,0.34942089611466165
SYN-W-0428,webcam,SYN-FACE-03,nose,0.1610319652528852
SYN-W-0428,webcam,SYN-FACE-03,mouth,0.08841544869476695
SYN-W-0428,webcam,SYN-FACE-03,other,0.07084117839117285
SYN-W-0429,webcam,SYN-FACE-01,left_eye,0.41403586649470636
SYN-W-0429,webcam,SYN-FACE-01,right_eye,0.238783108463932
SYN-W-0429,webcam,SYN-FACE-01,nose,0.07238492083528879
SYN-W-0429,webcam,SYN-FACE-01,mouth,0.21366263662920126
SYN-W-0429,webcam,SYN-FACE-01,other,0.06113346757687165
SYN-W-0429,webcam,SYN-FACE-02,left_eye,0.2843017037416634
SYN-W-0429,webcam,SYN-FACE-02,right_eye,0.24707928461808917
SYN-W-0429,webcam,SYN-FACE-02,nose,0.21924759930775942
SYN-W-0429,webcam,SYN-FACE-02,mouth,0.22415327502906732
SYN-W-0429,webcam,SYN-FACE-02,other,0.02521813730342064
SYN-W-0429,webcam,SYN-FACE-03,left_eye,0.2703366768140349
SYN-W-0429,webcam,SYN-FACE-03,right_eye,0.15719577586193118
SYN-W-0429,webcam,SYN-FACE-03,nose,0.31279839080396077
SYN-W-0429,webcam,SYN-FACE-03,mouth,0.13884376312385513
SYN-W-0429,webcam,SYN-FACE-03,other,0.12082539339621802
SYN-W-0430,webcam,SYN-FACE-01,left_eye,0.23970586008232292
SYN-W-0430,webcam,SYN-FACE-01,right_eye,0.3284428251399732
SYN-W-0430,webcam,SYN-FACE-01,nose,0.32777521321913256
SYN-W-0430,webcam,SYN-FACE-01,mouth,0.10407610155857142
SYN-W-0430,webcam,SYN-FACE-01,other,0.0
SYN-W-0430,webcam,SYN-FACE-02,left_eye,0.17350157808944797
SYN-W-0430,webcam,SYN-FACE-02,right_eye,0.4026223774646763
SYN-W-0430,webcam,SYN-FACE-02,nose,0.09739051212651817
SYN-W-0430,webcam,SYN-FACE-02,mouth,0.3264855323193577
SYN-W-0430,webcam,SYN-FACE-02,other,0.0
SYN-W-0430,webcam,SYN-FACE-03,left_eye,0.11214679263681665
SYN-W-0430,webcam,SYN-FACE-03,right_eye,0.31606129668603383
SYN-W-0430,webcam,SYN-FACE-03,nose,0.151943785416521
SYN-W-0430,webcam,SYN-FACE-03,mouth,0.3465019382095933
SYN-W-0430,webcam,SYN-FACE-03,other,0.07334618705103516
SYN-W-0431,webcam,SYN-FACE-01,left_eye,0.19471111844602249
SYN-W-0431,webcam,SYN-FACE-01,right_eye,0.5274436938500531
SYN-W-0431,webcam,SYN-FACE-01,nose,0.06816229602841667
SYN-W-0431,webcam,SYN-FACE-01,mouth,0.12280825430702037
SYN-W-0431,webcam,SYN-FACE-01,other,0.08687463736848734
SYN-W-0431,webcam,SYN-FACE-02,left_eye,0.18295847985788455
SYN-W-0431,webcam,SYN-FACE-02,right_eye,0.2074820312518028
SYN-W-0431,webcam,SYN-FACE-02,nose,0.20845922890229088
SYN-W-0431,webcam,SYN-FACE-02,mouth,0.32554722403140096
SYN-W-0431,webcam,SYN-FACE-02,other,0.07555303595662086
SYN-W-0431,webcam,SYN-FACE-03,left_eye,0.3643062085813257
SYN-W-0431,webcam,SYN-FACE-03,right_eye,0.29040982912355273
SYN-W-0431,webcam,SYN-FACE-03,nose,0.09225655223041794
SYN-W-0431,webcam,SYN-FACE-03,mouth,0.16603741656450782
SYN-W-0431,webcam,SYN-FACE-03,other,0.08698999350019586
SYN-W-0432,webcam,SYN-FACE-01,left_eye,0.3503418345317036
SYN-W-0432,webcam,SYN-FACE-01,right_eye,0.2561449572275099
SYN-W-0432,webcam,SYN-FACE-01,nose,0.19330967602972596
SYN-W-0432,webcam,SYN-FACE-01,mouth,0.20020353221106055
SYN-W-0432,webcam,SYN-FACE-01,other,0.0
SYN-W-0432,webcam,SYN-FACE-02,left_eye,0.3664576542586488
SYN-W-0432,webcam,SYN-FACE-02,right_eye,0.13723231069893418
SYN-W-0432,webcam,SYN-FACE-02,nose,0.14093015830766895
SYN-W-0432,webcam,SYN-FACE-02,mouth,0.22785121615270082
SYN-W-0432,webcam,SYN-FACE-02,other,0.12752866058204726
SYN-W-0432,webcam,SYN-FACE-03,left_eye,0.3444584366430079
SYN-W-0432,webcam,SYN-FACE-03,right_eye,0.28054750182839294
SYN-W-0432,webcam,SYN-FACE-03,nose,0.09862124825800817
SYN-W-0432,webcam,SYN-FACE-03,mouth,0.12971643142280367
SYN-W-0432,webcam,SYN-FACE-03,other,0.14665638184778731
SYN-W-0433,webcam,SYN-FACE-01,left_eye,0.2746285862698142
SYN-W-0433,webcam,SYN-FACE-01,right_eye,0.2185529254880721
SYN-W-0433,webcam,SYN-FACE-01,nose,0.15686522226988472
SYN-W-0433,webcam,SYN-FACE-01,mouth,0.2680512341232362
SYN-W-0433,webcam,SYN-FACE-01,other,0.0819020318489927
SYN-W-0433,webcam,SYN-FACE-02,left_eye,0.13216173730860584
SYN-W-0433,webcam,SYN-FACE-02,right_eye,0.15854297381170207
SYN-W-0433,webcam,SYN-FACE-02,nose,0.16084634719790641
SYN-W-0433,webcam,SYN-FACE-02,mouth,0.4509809268760352
SYN-W-0433,webcam,SYN-FACE-02,other,0.09746801480575051
SYN-W-0433,webcam,SYN-FACE-03,left_eye,0.3425857066675322
SYN-W-0433,webcam,SYN-FACE-03,right_eye,0.18349710528480812
SYN-W-0433,webcam,SYN-FACE-03,nose,0.33866173913695574
SYN-W-0433,webcam,SYN-FACE-03,mouth,0.06681879104325915
SYN-W-0433,webcam,SYN-FACE-03,other,0.06843665786744488
SYN-W-0434,webcam,SYN-FACE-01,left_eye,0.13133272999778187
SYN-W-0434,webcam,SYN-FACE-01,right_eye,0.3517972166613414
SYN-W-0434,webcam,SYN-FACE-01,nose,0.12895953614949124
SYN-W-0434,webcam,SYN-FACE-01,mouth,0.33719196841363946
SYN-W-0434,webcam,SYN-FACE-01,other,0.05071854877774592
SYN-W-0434,webcam,SYN-FACE-02,left_eye,0.27243035608967214
SYN-W-0434,webcam,SYN-FACE-02,right_eye,0.0671409559583526
SYN-W-0434,webcam,SYN-FACE-02,nose,0.27633612756064446
SYN-W-0434,webcam,SYN-FACE-02,mouth,0.28021897330176804
SYN-W-0434,webcam,SYN-FACE-02,other,0.10387358708956282
SYN-W-0434,webcam,SYN-FACE-03,left_eye,0.27055667928403426
SYN-W-0434,webcam,SYN-FACE-03,right_eye,0.2739827832877978
SYN-W-0434,webcam,SYN-FACE-03,nose,0.032252269054180896
SYN-W-0434,webcam,SYN-FACE-03,mouth,0.30420170652570727
SYN-W-0434,webcam,SYN-FACE-03,other,0.11900656184827986
SYN-W-0435,webcam,SYN-FACE-01,left_eye,0.31236091599128385
SYN-W-0435,webcam,SYN-FACE-01,right_eye,0.13036166872255864
SYN-W-0435,webcam,SYN-FACE-01,nose,0.270736841562622
SYN-W-0435,webcam,SYN-FACE-01,mouth,0.10155753987609185
SYN-W-0435,webcam,SYN-FACE-01,other,0.18498303384744363
SYN-W-0435,webcam,SYN-FACE-02,left_eye,0.28169586965456456
SYN-W-0435,webcam,SYN-FACE-02,right_eye,0.20981146701047176
SYN-W-0435,webcam,SYN-FACE-02,nose,0.18421228585850083
SYN-W-0435,webcam,SYN-FACE-02,mouth,0.28942332428583156
SYN-W-0435,webcam,SYN-FACE-02,other,0.034857053190631246
SYN-W-0435,webcam,SYN-FACE-03,left_eye,0.22355531555386013
SYN-W-0435,webcam,SYN-FACE-03,right_eye,0.32689232138374485
SYN-W-0435,webcam,SYN-FACE-03,nose,0.2830483404896258
SYN-W-0435,webcam,SYN-FACE-03,mouth,0.11593292255642983
SYN-W-0435,webcam,SYN-FACE-03,other,0.050571100016339354
SYN-W-0436,webcam,SYN-FACE-01,left_eye,0.22572831585688127
SYN-W-0436,webcam,SYN-FACE-01,right_eye,0.25384573627464047
SYN-W-0436,webcam,SYN-FACE-01,nose,0.4139182518831194
SYN-W-0436,webcam,SYN-FACE-01,mouth,0.10650769598535878
SYN-W-0436,webcam,SYN-FACE-01,other,0.0
SYN-W-0436,webcam,SYN-FACE-02,left_eye,0.3421583748920555
SYN-W-0436,webcam,SYN-FACE-02,right_eye,0.24790569431007514
SYN-W-0436,webcam,SYN-FACE-02,nose,0.2307795465453934
SYN-W-0436,webcam,SYN-FACE-02,mouth,0.17915638425247596
SYN-W-0436,webcam,SYN-FACE-02,other,0.0
SYN-W-0436,webcam,SYN-FACE-03,left_eye,0.20834134085927145
SYN-W-0436,webcam,SYN-FACE-03,right_eye,0.3369849507809366
SYN-W-0436,webcam,SYN-FACE-03,nose,0.16863262532813741
SYN-W-0436,webcam,SYN-FACE-03,mouth,0.15749467741181752
SYN-W-0436,webcam,SYN-FACE-03,other,0.12854640561983702
SYN-W-0437,webcam,SYN-FACE-01,left_eye,0.1873934937961444
SYN-W-0437,webcam,SYN-FACE-01,right_eye,0.17103051735039787
SYN-W-0437,webcam,SYN-FACE-01,nose,0.300912828691065
SYN-W-0437,webcam,SYN-FACE-01,mouth,0.27580144067175044
SYN-W-0437,webcam,SYN-FACE-01,other,0.06486171949064223
SYN-W-0437,webcam,SYN-FACE-02,left_eye,0.17639495869236588
SYN-W-0437,webcam,SYN-FACE-02,right_eye,0.3287968282167386
SYN-W-0437,webcam,SYN-FACE-02,nose,0.18714538669693911
SYN-W-0437,webcam,SYN-FACE-02,mouth,0.260381599104845
SYN-W-0437,webcam,SYN-FACE-02,other,0.04728122728911139
SYN-W-0437,webcam,SYN-FACE-03,left_eye,0.274118514047724
SYN-W-0437,webcam,SYN-FACE-03,right_eye,0.21532457620656328
SYN-W-0437,webcam,SYN-FACE-03,nose,0.3218741599130933
SYN-W-0437,webcam,SYN-FACE-03,mouth,0.12299035967414461
SYN-W-0437,webcam,SYN-FACE-03,other,0.06569239015847482
SYN-W-0438,webcam,SYN-FACE-01,left_eye,0.21822649399849064
SYN-W-0438,webcam,SYN-FACE-01,right_eye,0.17676501066658373
SYN-W-0438,webcam,SYN-FACE-01,nose,0.20661274711012856
SYN-W-0438,webcam,SYN-FACE-01,mouth,0.18615310754601003
SYN-W-0438,webcam,SYN-FACE-01,other,0.21224264067878712
SYN-W-0438,webcam,SYN-FACE-02,left_eye,0.11803065656816197
SYN-W-0438,webcam,SYN-FACE-02,right_eye,0.23552637014215205
SYN-W-0438,webcam,SYN-FACE-02,nose,0.1682200965654734
SYN-W-0438,webcam,SYN-FACE-02,mouth,0.43595700713712826
SYN-W-0438,webcam,SYN-FACE-02,other,0.042265869587084254
SYN-W-0438,webcam,SYN-FACE-03,left_eye,0.2660812284058697
SYN-W-0438,webcam,SYN-FACE-03,right_eye,0.11600271636011854
SYN-W-0438,webcam,SYN-FACE-03,nose,0.14974377834637306
SYN-W-0438,webcam,SYN-FACE-03,mouth,0.2782314538161855
SYN-W-0438,webcam,SYN-FACE-03,other,0.1899408230714533
SYN-W-0439,webcam,SYN-FACE-01,left_eye,0.1701472104451901
SYN-W-0439,webcam,SYN-FACE-01,right_eye,0.3776786569106179
SYN-W-0439,webcam,SYN-FACE-01,nose,0.10982512029204308
SYN-W-0439,webcam,SYN-FACE-01,mouth,0.16557449468460794
SYN-W-0439,webcam,SYN-FACE-01,other,0.176774517667541
SYN-W-0439,webcam,SYN-FACE-02,left_eye,0.2915690290052383
SYN-W-0439,webcam,SYN-FACE-02,right_eye,0.24642018871251886
SYN-W-0439,webcam,SYN-FACE-02,nose,0.12069850165642941
SYN-W-0439,webcam,SYN-FACE-02,mouth,0.3152195742487368
SYN-W-0439,webcam,SYN-FACE-02,other,0.026092706377076655
SYN-W-0439,webcam,SYN-FACE-03,left_eye,0.413060498053124
SYN-W-0439,webcam,SYN-FACE-03,right_eye,0.21676444380916607
SYN-W-0439,webcam,SYN-FACE-03,nose,0.17924595933864965
SYN-W-0439,webcam,SYN-FACE-03,mouth,0.13749246920139965
SYN-W-0439,webcam,SYN-FACE-03,other,0.05343662959766064
SYN-W-0440,webcam,SYN-FACE-01,left_eye,0.1284926046026114
SYN-W-0440,webcam,SYN-FACE-01,right_eye,0.20676188645053634
SYN-W-0440,webcam,SYN-FACE-01,nose,0.29670514587133845
SYN-W-0440,webcam,SYN-FACE-01,mouth,0.33513484011236844
SYN-W-0440,webcam,SYN-FACE-01,other,0.032905522963145396
SYN-W-0440,webcam,SYN-FACE-02,left_eye,0.36581811780299966
SYN-W-0440,webcam,SYN-FACE-02,right_eye,0.2265639252166554
SYN-W-0440,webcam,SYN-FACE-02,nose,0.03038342839663163
SYN-W-0440,webcam,SYN-FACE-02,mouth,0.29760403266267116
SYN-W-0440,webcam,SYN-FACE-02,other,0.0796304959210422
SYN-W-0440,webcam,SYN-FACE-03,left_eye,0.26202949755807176
SYN-W-0440,webcam,SYN-FACE-03,right_eye,0.07079035375106575
SYN-W-0440,webcam,SYN-FACE-03,nose,0.23573229088495554
SYN-W-0440,webcam,SYN-FACE-03,mouth,0.2436448153786573
SYN-W-0440,webcam,SYN-FACE-03,other,0.18780304242724963
SYN-W-0441,webcam,SYN-FACE-01,left_eye,0.5695236596983896
SYN-W-0441,webcam,SYN-FACE-01,right_eye,0.24882348620274258
SYN-W-0441,webcam,SYN-FACE-01,nose,0.11449056131846401
SYN-W-0441,webcam,SYN-FACE-01,mouth,0.06716229278040382
SYN-W-0441,webcam,SYN-FACE-01,other,0.0
SYN-W-0441,webcam,SYN-FACE-02,left_eye,0.19821680810386005
SYN-W-0441,webcam,SYN-FACE-02,right_eye,0.1308143564507034
SYN-W-0441,webcam,SYN-FACE-02,nose,0.4897441063784329
SYN-W-0441,webcam,SYN-FACE-02,mouth,0.18122472906700363
SYN-W-0441,webcam,SYN-FACE-02,other,0.0
SYN-W-0441,webcam,SYN-FACE-03,left_eye,0.4385640281334723
SYN-W-0441,webcam,SYN-FACE-03,right_eye,0.19692043084919444
SYN-W-0441,webcam,SYN-FACE-03,nose,0.22275166405055535
SYN-W-0441,webcam,SYN-FACE-03,mouth,0.11904567945576662
SYN-W-0441,webcam,SYN-FACE-03,other,0.0227181975110113
SYN-W-0442,webcam,SYN-FACE-01,left_eye,0.24765365075781173
SYN-W-0442,webcam,SYN-FACE-01,right_eye,0.2255086565822003
SYN-W-0442,webcam,SYN-FACE-01,nose,0.11290168296705082
SYN-W-0442,webcam,SYN-FACE-01,mouth,0.290844427417773
SYN-W-0442,webcam,SYN-FACE-01,other,0.1230915822751642
SYN-W-0442,webcam,SYN-FACE-02,left_eye,0.4108309663721686
SYN-W-0442,webcam,SYN-FACE-02,right_eye,0.23766870297319692
SYN-W-0442,webcam,SYN-FACE-02,nose,0.043456704881622336
SYN-W-0442,webcam,SYN-FACE-02,mouth,0.23592515598935596
SYN-W-0442,webcam,SYN-FACE-02,other,0.07211846978365614
SYN-W-0442,webcam,SYN-FACE-03,left_eye,0.40829166595978544
SYN-W-0442,webcam,SYN-FACE-03,right_eye,0.21104665759236751
SYN-W-0442,webcam,SYN-FACE-03,nose,0.17075421668869922
SYN-W-0442,webcam,SYN-FACE-03,mouth,0.06426569096852865
SYN-W-0442,webcam,SYN-FACE-03,other,0.14564176879061907
SYN-W-0443,webcam,SYN-FACE-01,left_eye,0.21120563074244653
SYN-W-0443,webcam,SYN-FACE-01,right_eye,0.2851425531048303
SYN-W-0443,webcam,SYN-FACE-01,nose,0.08794914506528018
SYN-W-0443,webcam,SYN-FACE-01,mouth,0.35997523198595077
SYN-W-0443,webcam,SYN-FACE-01,other,0.055727439101492186
SYN-W-0443,webcam,SYN-FACE-02,left_eye,0.29865998702155744
SYN-W-0443,webcam,SYN-FACE-02,right_eye,0.15380400577866438
SYN-W-0443,webcam,SYN-FACE-02,nose,0.09655956035862924
SYN-W-0443,webcam,SYN-FACE-02,mouth,0.3503893300883048
SYN-W-0443,webcam,SYN-FACE-02,other,0.10058711675284415
SYN-W-0443,webcam,SYN-FACE-03,left_eye,0.4623068795187714
SYN-W-0443,webcam,SYN-FACE-03,right_eye,0.2338846603737803
SYN-W-0443,webcam,SYN-FACE-03,nose,0.18374108679394527
SYN-W-0443,webcam,SYN-FACE-03,mouth,0.12006737331350298
SYN-W-0443,webcam,SYN-FACE-03,other,0.0
SYN-W-0444,webcam,SYN-FACE-01,left_eye,0.27293041628721504
SYN-W-0444,webcam,SYN-FACE-01,right_eye,0.11006603583541218
SYN-W-0444,webcam,SYN-FACE-01,nose,0.15813088099691242
SYN-W-0444,webcam,SYN-FACE-01,mouth,0.35459892345538374
SYN-W-0444,webcam,SYN-FACE-01,other,0.10427374342507664
SYN-W-0444,webcam,SYN-FACE-02,left_eye,0.20542698481853605
SYN-W-0444,webcam,SYN-FACE-02,right_eye,0.2110981447445553
SYN-W-0444,webcam,SYN-FACE-02,nose,0.23931263608515094
SYN-W-0444,webcam,SYN-FACE-02,mouth,0.2037817507992857
SYN-W-0444,webcam,SYN-FACE-02,other,0.14038048355247199
SYN-W-0444,webcam,SYN-FACE-03,left_eye,0.349737574684867
SYN-W-0444,webcam,SYN-FACE-03,right_eye,0.1621106778354778
SYN-W-0444,webcam,SYN-FACE-03,nose,0.2787969912894959
SYN-W-0444,webcam,SYN-FACE-03,mouth,0.17384458449689133
SYN-W-0444,webcam,SYN-FACE-03,other,0.0355101716932679
SYN-W-0445,webcam,SYN-FACE-01,left_eye,0.2191326743468189
SYN-W-0445,webcam,SYN-FACE-01,right_eye,0.24504734374888687
SYN-W-0445,webcam,SYN-FACE-01,nose,0.19179708124470132
SYN-W-0445,webcam,SYN-FACE-01,mouth,0.31454469609401037
SYN-W-0445,webcam,SYN-FACE-01,other,0.029478204565582554
SYN-W-0445,webcam,SYN-FACE-02,left_eye,0.09267896096476352
SYN-W-0445,webcam,SYN-FACE-02,right_eye,0.18093224162242644
SYN-W-0445,webcam,SYN-FACE-02,nose,0.2944318421687367
SYN-W-0445,webcam,SYN-FACE-02,mouth,0.31760890275353765
SYN-W-0445,webcam,SYN-FACE-02,other,0.1143480524905357
SYN-W-0445,webcam,SYN-FACE-03,left_eye,0.1876626668072792
SYN-W-0445,webcam,SYN-FACE-03,right_eye,0.30496533214882854
SYN-W-0445,webcam,SYN-FACE-03,nose,0.3182273615635417
SYN-W-0445,webcam,SYN-FACE-03,mouth,0.11250756226216388
SYN-W-0445,webcam,SYN-FACE-03,other,0.07663707721818666
SYN-W-0446,webcam,SYN-FACE-01,left_eye,0.1704801813926799
SYN-W-0446,webcam,SYN-FACE-01,right_eye,0.11332153418605993
SYN-W-0446,webcam,SYN-FACE-01,nose,0.24715999765094251
SYN-W-0446,webcam,SYN-FACE-01,mouth,0.37541654968137117
SYN-W-0446,webcam,SYN-FACE-01,other,0.09362173708894653
SYN-W-0446,webcam,SYN-FACE-02,left_eye,0.24144538215373626
SYN-W-0446,webcam,SYN-FACE-02,right_eye,0.2700866344346466
SYN-W-0446,webcam,SYN-FACE-02,nose,0.3236322206821218
SYN-W-0446,webcam,SYN-FACE-02,mouth,0.13416722357118108
SYN-W-0446,webcam,SYN-FACE-02,other,0.030668539158314384
SYN-W-0446,webcam,SYN-FACE-03,left_eye,0.27305053515667627
SYN-W-0446,webcam,SYN-FACE-03,right_eye,0.24386638418243997
SYN-W-0446,webcam,SYN-FACE-03,nose,0.194969149964499
SYN-W-0446,webcam,SYN-FACE-03,mouth,0.18797568547730817
SYN-W-0446,webcam,SYN-FACE-03,other,0.10013824521907667
SYN-W-0447,webcam,SYN-FACE-01,left_eye,0.16956634742336887
SYN-W-0447,webcam,SYN-FACE-01,right_eye,0.31692831729417975
SYN-W-0447,webcam,SYN-FACE-01,nose,0.06833634608619293
SYN-W-0447,webcam,SYN-FACE-01,mouth,0.34891671286937825
SYN-W-0447,webcam,SYN-FACE-01,other,0.09625227632688024
SYN-W-0447,webcam,SYN-FACE-02,left_eye,0.19195016925881125
SYN-W-0447,webcam,SYN-FACE-02,right_eye,0.2751996026571329
SYN-W-0447,webcam,SYN-FACE-02,nose,0.12565752548243578
SYN-W-0447,webcam,SYN-FACE-02,mouth,0.28432639377799473
SYN-W-0447,webcam,SYN-FACE-02,other,0.12286630882362534
SYN-W-0447,webcam,SYN-FACE-03,left_eye,0.3478954759661876
SYN-W-0447,webcam,SYN-FACE-03,right_eye,0.23773335090327505
SYN-W-0447,webcam,SYN-FACE-03,nose,0.11184342358609342
SYN-W-0447,webcam,SYN-FACE-03,mouth,0.0951686319485833
SYN-W-0447,webcam,SYN-FACE-03,other,0.2073591175958607
SYN-W-0448,webcam,SYN-FACE-01,left_eye,0.22523935423534758
SYN-W-0448,webcam,SYN-FACE-01,right_eye,0.32456650940493476
SYN-W-0448,webcam,SYN-FACE-01,nose,0.16524731192112851
SYN-W-0448,webcam,SYN-FACE-01,mouth,0.2849468244385891
SYN-W-0448,webcam,SYN-FACE-01,other,0.0
SYN-W-0448,webcam,SYN-FACE-02,left_eye,0.07739910477061084
SYN-W-0448,webcam,SYN-FACE-02,right_eye,0.2453433384337398
SYN-W-0448,webcam,SYN-FACE-02,nose,0.17543257693310982
SYN-W-0448,webcam,SYN-FACE-02,mouth,0.32899263537668194
SYN-W-0448,webcam,SYN-FACE-02,other,0.17283234448585758
SYN-W-0448,webcam,SYN-FACE-03,left_eye,0.19622188328027515
SYN-W-0448,webcam,SYN-FACE-03,right_eye,0.2128707734268148
SYN-W-0448,webcam,SYN-FACE-03,nose,0.31304962828009786
SYN-W-0448,webcam,SYN-FACE-03,mouth,0.18523156563674653
SYN-W-0448,webcam,SYN-FACE-03,other,0.09262614937606571
SYN-W-0449,webcam,SYN-FACE-01,left_eye,0.1782209405106463
SYN-W-0449,webcam,SYN-FACE-01,right_eye,0.21418883182353451
SYN-W-0449,webcam,SYN-FACE-01,nose,0.24440885837650325
SYN-W-0449,webcam,SYN-FACE-01,mouth,0.20133512372088416
SYN-W-0449,webcam,SYN-FACE-01,other,0.16184624556843183
SYN-W-0449,webcam,SYN-FACE-02,left_eye,0.14568533682846366
SYN-W-0449,webcam,SYN-FACE-02,right_eye,0.20161818039936233
SYN-W-0449,webcam,SYN-FACE-02,nose,0.21477203808807957
SYN-W-0449,webcam,SYN-FACE-02,mouth,0.3585817374055737
SYN-W-0449,webcam,SYN-FACE-02,other,0.07934270727852083
SYN-W-0449,webcam,SYN-FACE-03,left_eye,0.33548144685780035
SYN-W-0449,webcam,SYN-FACE-03,right_eye,0.1260869402096017
SYN-W-0449,webcam,SYN-FACE-03,nose,0.24645643792367128
SYN-W-0449,webcam,SYN-FACE-03,mouth,0.1766986449088682
SYN-W-0449,webcam,SYN-FACE-03,other,0.11527653010005845
SYN-W-0450,webcam,SYN-FACE-01,left_eye,0.2886765273339869
SYN-W-0450,webcam,SYN-FACE-01,right_eye,0.3498512233071558
SYN-W-0450,webcam,SYN-FACE-01,nose,0.15020843412072185
SYN-W-0450,webcam,SYN-FACE-01,mouth,0.1884644771896656
SYN-W-0450,webcam,SYN-FACE-01,other,0.02279933804846984
SYN-W-0450,webcam,SYN-FACE-02,left_eye,0.027215137793904973
SYN-W-0450,webcam,SYN-FACE-02,right_eye,0.08707418003261866
SYN-W-0450,webcam,SYN-FACE-02,nose,0.29887992897411864
SYN-W-0450,webcam,SYN-FACE-02,mouth,0.38373121858036313
SYN-W-0450,webcam,SYN-FACE-02,other,0.20309953461899458
SYN-W-0450,webcam,SYN-FACE-03,left_eye,0.302150102599168
SYN-W-0450,webcam,SYN-FACE-03,right_eye,0.2584973250349978
SYN-W-0450,webcam,SYN-FACE-03,nose,0.3227532058504154
SYN-W-0450,webcam,SYN-FACE-03,mouth,0.11659936651541877
SYN-W-0450,webcam,SYN-FACE-03,other,0.0
SYN-W-0451,webcam,SYN-FACE-01,left_eye,0.17512630728297432
SYN-W-0451,webcam,SYN-FACE-01,right_eye,0.3553842051619732
SYN-W-0451,webcam,SYN-FACE-01,nose,0.297104105550012
SYN-W-0451,webcam,SYN-FACE-01,mouth,0.17238538200504053
SYN-W-0451,webcam,SYN-FACE-01,other,0.0
SYN-W-0451,webcam,SYN-FACE-02,left_eye,0.2806834744387609
SYN-W-0451,webcam,SYN-FACE-02,right_eye,0.14742806817233411
SYN-W-0451,webcam,SYN-FACE-02,nose,0.12879172267415853
SYN-W-0451,webcam,SYN-FACE-02,mouth,0.41035774661046615
SYN-W-0451,webcam,SYN-FACE-02,other,0.03273898810428037
SYN-W-0451,webcam,SYN-FACE-03,left_eye,0.18475790818346244
SYN-W-0451,webcam,SYN-FACE-03,right_eye,0.33232883949102143
SYN-W-0451,webcam,SYN-FACE-03,nose,0.23720154812169963
SYN-W-0451,webcam,SYN-FACE-03,mouth,0.033188204843640455
SYN-W-0451,webcam,SYN-FACE-03,other,0.21252349936017598
SYN-W-0452,webcam,SYN-FACE-01,left_eye,0.16367601171678972
SYN-W-0452,webcam,SYN-FACE-01,right_eye,0.11998247875296394
SYN-W-0452,webcam,SYN-FACE-01,nose,0.3190596544161517
SYN-W-0452,webcam,SYN-FACE-01,mouth,0.3353684785639845
SYN-W-0452,webcam,SYN-FACE-01,other,0.0619133765501102
SYN-W-0452,webcam,SYN-FACE-02,left_eye,0.2778281236336806
SYN-W-0452,webcam,SYN-FACE-02,right_eye,0.24309648179456747
SYN-W-0452,webcam,SYN-FACE-02,nose,0.08450737788308525
SYN-W-0452,webcam,SYN-FACE-02,mouth,0.2778500320066496
SYN-W-0452,webcam,SYN-FACE-02,other,0.11671798468201709
SYN-W-0452,webcam,SYN-FACE-03,left_eye,0.36832752061239943
SYN-W-0452,webcam,SYN-FACE-03,right_eye,0.09481097783377285
SYN-W-0452,webcam,SYN-FACE-03,nose,0.3589906700694406
SYN-W-0452,webcam,SYN-FACE-03,mouth,0.14883392738464726
SYN-W-0452,webcam,SYN-FACE-03,other,0.029036904099739858
SYN-W-0453,webcam,SYN-FACE-01,left_eye,0.1714789882891455
SYN-W-0453,webcam,SYN-FACE-01,right_eye,0.2645060624893739
SYN-W-0453,webcam,SYN-FACE-01,nose,0.08155639774232111
SYN-W-0453,webcam,SYN-FACE-01,mouth,0.30378233513126257
SYN-W-0453,webcam,SYN-FACE-01,other,0.17867621634789696
SYN-W-0453,webcam,SYN-FACE-02,left_eye,0.38112398061689007
SYN-W-0453,webcam,SYN-FACE-02,right_eye,0.07564985175215978
SYN-W-0453,webcam,SYN-FACE-02,nose,0.1905903176163468
SYN-W-0453,webcam,SYN-FACE-02,mouth,0.2927600313572638
SYN-W-0453,webcam,SYN-FACE-02,other,0.05987581865733959
SYN-W-0453,webcam,SYN-FACE-03,left_eye,0.22599978846707916
SYN-W-0453,webcam,SYN-FACE-03,right_eye,0.1723565803884242
SYN-W-0453,webcam,SYN-FACE-03,nose,0.3338151431952509
SYN-W-0453,webcam,SYN-FACE-03,mouth,0.17012072359023972
SYN-W-0453,webcam,SYN-FACE-03,other,0.09770776435900595
SYN-W-0454,webcam,SYN-FACE-01,left_eye,0.1345473849764145
SYN-W-0454,webcam,SYN-FACE-01,right_eye,0.20962942200946658
SYN-W-0454,webcam,SYN-FACE-01,nose,0.2899416794278189
SYN-W-0454,webcam,SYN-FACE-01,mouth,0.24762610038854613
SYN-W-0454,webcam,SYN-FACE-01,other,0.1182554131977539
SYN-W-0454,webcam,SYN-FACE-02,left_eye,0.2732753039290941
SYN-W-0454,webcam,SYN-FACE-02,right_eye,0.20869248918996622
SYN-W-0454,webcam,SYN-FACE-02,nose,0.07482121490942564
SYN-W-0454,webcam,SYN-FACE-02,mouth,0.23694001521124716
SYN-W-0454,webcam,SYN-FACE-02,other,0.20627097676026687
SYN-W-0454,webcam,SYN-FACE-03,left_eye,0.43085808188099417
SYN-W-0454,webcam,SYN-FACE-03,right_eye,0.2805559432292324
SYN-W-0454,webcam,SYN-FACE-03,nose,0.06423078507389514
SYN-W-0454,webcam,SYN-FACE-03,mouth,0.19008157578005305
SYN-W-0454,webcam,SYN-FACE-03,other,0.034273614035825226
SYN-W-0455,webcam,SYN-FACE-01,left_eye,0.12920213993687618
SYN-W-0455,webcam,SYN-FACE-01,right_eye,0.3571703061851381
SYN-W-0455,webcam,SYN-FACE-01,nose,0.20446212162856472
SYN-W-0455,webcam,SYN-FACE-01,mouth,0.1831390167742871
SYN-W-0455,webcam,SYN-FACE-01,other,0.12602641547513388
SYN-W-0455,webcam,SYN-FACE-02,left_eye,0.2177432135821896
SYN-W-0455,webcam,SYN-FACE-02,right_eye,0.09999706246916634
SYN-W-0455,webcam,SYN-FACE-02,nose,0.27856895309270474
SYN-W-0455,webcam,SYN-FACE-02,mouth,0.4036907708559393
SYN-W-0455,webcam,SYN-FACE-02,other,0.0
SYN-W-0455,webcam,SYN-FACE-03,left_eye,0.26757077794205886
SYN-W-0455,webcam,SYN-FACE-03,right_eye,0.20414729547546334
SYN-W-0455,webcam,SYN-FACE-03,nose,0.20366759390546574
SYN-W-0455,webcam,SYN-FACE-03,mouth,0.15046278791317091
SYN-W-0455,webcam,SYN-FACE-03,other,0.17415154476384112
SYN-W-0456,webcam,SYN-FACE-01,left_eye,0.3587965778667252
SYN-W-0456,webcam,SYN-FACE-01,right_eye,0.11430663863720215
SYN-W-0456,webcam,SYN-FACE-01,nose,0.15494429237966253
SYN-W-0456,webcam,SYN-FACE-01,mouth,0.30768631047562417
SYN-W-0456,webcam,SYN-FACE-01,other,0.06426618064078597
SYN-W-0456,webcam,SYN-FACE-02,left_eye,0.45000848153941464
SYN-W-0456,webcam,SYN-FACE-02,right_eye,0.31790398811893883
SYN-W-0456,webcam,SYN-FACE-02,nose,0.07889598360024526
SYN-W-0456,webcam,SYN-FACE-02,mouth,0.15319154674140134
SYN-W-0456,webcam,SYN-FACE-02,other,0.0
SYN-W-0456,webcam,SYN-FACE-03,left_eye,0.18909402869631742
SYN-W-0456,webcam,SYN-FACE-03,right_eye,0.3761135580532587
SYN-W-0456,webcam,SYN-FACE-03,nose,0.23416633158087027
SYN-W-0456,webcam,SYN-FACE-03,mouth,0.149874601706486
SYN-W-0456,webcam,SYN-FACE-03,other,0.050751479963067565
SYN-W-0457,webcam,SYN-FACE-01,left_eye,0.5389101876081034
SYN-W-0457,webcam,SYN-FACE-01,right_eye,0.12393554621775756
SYN-W-0457,webcam,SYN-FACE-01,nose,0.22047704129585474
SYN-W-0457,webcam,SYN-FACE-01,mouth,0.048048593012971964
SYN-W-0457,webcam,SYN-FACE-01,other,0.06862863186531233
SYN-W-0457,webcam,SYN-FACE-02,left_eye,0.19129383843634162
SYN-W-0457,webcam,SYN-FACE-02,right_eye,0.2693571852654705
SYN-W-0457,webcam,SYN-FACE-02,nose,0.1977218492357399
SYN-W-0457,webcam,SYN-FACE-02,mouth,0.3069265772542234
SYN-W-0457,webcam,SYN-FACE-02,other,0.0347005498082245
SYN-W-0457,webcam,SYN-FACE-03,left_eye,0.30390527302727344
SYN-W-0457,webcam,SYN-FACE-03,right_eye,0.21133364569682653
SYN-W-0457,webcam,SYN-FACE-03,nose,0.1946244585149579
SYN-W-0457,webcam,SYN-FACE-03,mouth,0.2450632953267515
SYN-W-0457,webcam,SYN-FACE-03,other,0.04507332743419064
SYN-W-0458,webcam,SYN-FACE-01,left_eye,0.19133222405745687
SYN-W-0458,webcam,SYN-FACE-01,right_eye,0.4274625215496684
SYN-W-0458,webcam,SYN-FACE-01,nose,0.12645108214717424
SYN-W-0458,webcam,SYN-FACE-01,mouth,0.12385131082440899
SYN-W-0458,webcam,SYN-FACE-01,other,0.13090286142129148
SYN-W-0458,webcam,SYN-FACE-02,left_eye,0.10845645579475202
SYN-W-0458,webcam,SYN-FACE-02,right_eye,0.1837992391747682
SYN-W-0458,webcam,SYN-FACE-02,nose,0.3291380318716458
SYN-W-0458,webcam,SYN-FACE-02,mouth,0.22623991869200918
SYN-W-0458,webcam,SYN-FACE-02,other,0.15236635446682478
SYN-W-0458,webcam,SYN-FACE-03,left_eye,0.22504122123438414
SYN-W-0458,webcam,SYN-FACE-03,right_eye,0.131135295365728
SYN-W-0458,webcam,SYN-FACE-03,nose,0.10778311541367275
SYN-W-0458,webcam,SYN-FACE-03,mouth,0.39411170217591635
SYN-W-0458,webcam,SYN-FACE-03,other,0.14192866581029884
SYN-W-0459,webcam,SYN-FACE-01,left_eye,0.21050975227943086
SYN-W-0459,webcam,SYN-FACE-01,right_eye,0.16796813359841806
SYN-W-0459,webcam,SYN-FACE-01,nose,0.2031128302796793
SYN-W-0459,webcam,SYN-FACE-01,mouth,0.2958018812154716
SYN-W-0459,webcam,SYN-FACE-01,other,0.12260740262700022
SYN-W-0459,webcam,SYN-FACE-02,left_eye,0.10614237581351255
SYN-W-0459,webcam,SYN-FACE-02,right_eye,0.2942387461574138
SYN-W-0459,webcam,SYN-FACE-02,nose,0.09066622030841723
SYN-W-0459,webcam,SYN-FACE-02,mouth,0.35193872188205544
SYN-W-0459,webcam,SYN-FACE-02,other,0.15701393583860096
SYN-W-0459,webcam,SYN-FACE-03,left_eye,0.20164358717783748
SYN-W-0459,webcam,SYN-FACE-03,right_eye,0.30288622762329
SYN-W-0459,webcam,SYN-FACE-03,nose,0.09276371421164056
SYN-W-0459,webcam,SYN-FACE-03,mouth,0.30903567559397876
SYN-W-0459,webcam,SYN-FACE-03,other,0.0936707953932532
SYN-W-0460,webcam,SYN-FACE-01,left_eye,0.16816727723297806
SYN-W-0460,webcam,SYN-FACE-01,right_eye,0.32196799711812324
SYN-W-0460,webcam,SYN-FACE-01,nose,0.2447061990908587
SYN-W-0460,webcam,SYN-FACE-01,mouth,0.20562356581902097
SYN-W-0460,webcam,SYN-FACE-01,other,0.05953496073901901
SYN-W-0460,webcam,SYN-FACE-02,left_eye,0.03734597680277285
SYN-W-0460,webcam,SYN-FACE-02,right_eye,0.3485983465068991
SYN-W-0460,webcam,SYN-FACE-02,nose,0.15517526768378384
SYN-W-0460,webcam,SYN-FACE-02,mouth,0.35802076878028405
SYN-W-0460,webcam,SYN-FACE-02,other,0.10085964022626025
SYN-W-0460,webcam,SYN-FACE-03,left_eye,0.07772307954570856
SYN-W-0460,webcam,SYN-FACE-03,right_eye,0.3604566403135395
SYN-W-0460,webcam,SYN-FACE-03,nose,0.30800743351313653
SYN-W-0460,webcam,SYN-FACE-03,mouth,0.25381284662761533
SYN-W-0460,webcam,SYN-FACE-03,other,0.0
SYN-W-0461,webcam,SYN-FACE-01,left_eye,0.14382057548239488
SYN-W-0461,webcam,SYN-FACE-01,right_eye,0.15797800898315675
SYN-W-0461,webcam,SYN-FACE-01,nose,0.21174820234153968
SYN-W-0461,webcam,SYN-FACE-01,mouth,0.23080040736457386
SYN-W-0461,webcam,SYN-FACE-01,other,0.2556528058283349
SYN-W-0461,webcam,SYN-FACE-02,left_eye,0.25733251885695785
SYN-W-0461,webcam,SYN-FACE-02,right_eye,0.5544230932757087
SYN-W-0461,webcam,SYN-FACE-02,nose,0.046075711476146024
SYN-W-0461,webcam,SYN-FACE-02,mouth,0.03375793034531326
SYN-W-0461,webcam,SYN-FACE-02,other,0.10841074604587426
SYN-W-0461,webcam,SYN-FACE-03,left_eye,0.25582424961927996
SYN-W-0461,webcam,SYN-FACE-03,right_eye,0.3141070051945792
SYN-W-0461,webcam,SYN-FACE-03,nose,0.08889092586165992
SYN-W-0461,webcam,SYN-FACE-03,mouth,0.2891582496366282
SYN-W-0461,webcam,SYN-FACE-03,other,0.05201956968785268
SYN-W-0462,webcam,SYN-FACE-01,left_eye,0.38826784700987965
SYN-W-0462,webcam,SYN-FACE-01,right_eye,0.1613569973711019
SYN-W-0462,webcam,SYN-FACE-01,nose,0.3021623247512595
SYN-W-0462,webcam,SYN-FACE-01,mouth,0.14821283086775885
SYN-W-0462,webcam,SYN-FACE-01,other,0.0
SYN-W-0462,webcam,SYN-FACE-02,left_eye,0.23250419789193172
SYN-W-0462,webcam,SYN-FACE-02,right_eye,0.11004295767634495
SYN-W-0462,webcam,SYN-FACE-02,nose,0.20230959823141487
SYN-W-0462,webcam,SYN-FACE-02,mouth,0.4190539763362019
SYN-W-0462,webcam,SYN-FACE-02,other,0.03608926986410653
SYN-W-0462,webcam,SYN-FACE-03,left_eye,0.18605529258587608
SYN-W-0462,webcam,SYN-FACE-03,right_eye,0.2858079771047415
SYN-W-0462,webcam,SYN-FACE-03,nose,0.17945109782816593
SYN-W-0462,webcam,SYN-FACE-03,mouth,0.15338960113258532
SYN-W-0462,webcam,SYN-FACE-03,other,0.1952960313486312
SYN-W-0463,webcam,SYN-FACE-01,left_eye,0.3841352567073009
SYN-W-0463,webcam,SYN-FACE-01,right_eye,0.30374390600899626
SYN-W-0463,webcam,SYN-FACE-01,nose,0.14575515958112503
SYN-W-0463,webcam,SYN-FACE-01,mouth,0.13213027399081267
SYN-W-0463,webcam,SYN-FACE-01,other,0.03423540371176505
SYN-W-0463,webcam,SYN-FACE-02,left_eye,0.18333521960540816
SYN-W-0463,webcam,SYN-FACE-02,right_eye,0.22479150620233868
SYN-W-0463,webcam,SYN-FACE-02,nose,0.12159161165895373
SYN-W-0463,webcam,SYN-FACE-02,mouth,0.2489809842742173
SYN-W-0463,webcam,SYN-FACE-02,other,0.2213006782590822
SYN-W-0463,webcam,SYN-FACE-03,left_eye,0.2394592606938065
SYN-W-0463,webcam,SYN-FACE-03,right_eye,0.3511879779273531
SYN-W-0463,webcam,SYN-FACE-03,nose,0.12541658964513602
SYN-W-0463,webcam,SYN-FACE-03,mouth,0.1777685654330018
SYN-W-0463,webcam,SYN-FACE-03,other,0.10616760630070259
SYN-W-0464,webcam,SYN-FACE-01,left_eye,0.30820322961025326
SYN-W-0464,webcam,SYN-FACE-01,right_eye,0.28841691809186
SYN-W-0464,webcam,SYN-FACE-01,nose,0.1645421456560964
SYN-W-0464,webcam,SYN-FACE-01,mouth,0.18368145398876304
SYN-W-0464,webcam,SYN-FACE-01,other,0.055156252653027246
SYN-W-0464,webcam,SYN-FACE-02,left_eye,0.16227552070291962
SYN-W-0464,webcam,SYN-FACE-02,right_eye,0.4271794320570149
SYN-W-0464,webcam,SYN-FACE-02,nose,0.08277353212078009
SYN-W-0464,webcam,SYN-FACE-02,mouth,0.2581125415482554
SYN-W-0464,webcam,SYN-FACE-02,other,0.06965897357102999
SYN-W-0464,webcam,SYN-FACE-03,left_eye,0.28451046942073155
SYN-W-0464,webcam,SYN-FACE-03,right_eye,0.052089603963675214
SYN-W-0464,webcam,SYN-FACE-03,nose,0.41518131634557437
SYN-W-0464,webcam,SYN-FACE-03,mouth,0.19193302669082993
SYN-W-0464,webcam,SYN-FACE-03,other,0.056285583579188975
SYN-W-0465,webcam,SYN-FACE-01,left_eye,0.20169652499370763
SYN-W-0465,webcam,SYN-FACE-01,right_eye,0.3553766034571788
SYN-W-0465,webcam,SYN-FACE-01,nose,0.24840648655313982
SYN-W-0465,webcam,SYN-FACE-01,mouth,0.19452038499597385
SYN-W-0465,webcam,SYN-FACE-01,other,0.0
SYN-W-0465,webcam,SYN-FACE-02,left_eye,0.18504650594815852
SYN-W-0465,webcam,SYN-FACE-02,right_eye,0.3283484629247675
SYN-W-0465,webcam,SYN-FACE-02,nose,0.16710019048251198
SYN-W-0465,webcam,SYN-FACE-02,mouth,0.22808730061252996
SYN-W-0465,webcam,SYN-FACE-02,other,0.09141754003203198
SYN-W-0465,webcam,SYN-FACE-03,left_eye,0.23879729190003665
SYN-W-0465,webcam,SYN-FACE-03,right_eye,0.4568280290845978
SYN-W-0465,webcam,SYN-FACE-03,nose,0.1386437593574286
SYN-W-0465,webcam,SYN-FACE-03,mouth,0.0749180593215329
SYN-W-0465,webcam,SYN-FACE-03,other,0.09081286033640401
SYN-W-0466,webcam,SYN-FACE-01,left_eye,0.021836567208137612
SYN-W-0466,webcam,SYN-FACE-01,right_eye,0.1645052025471133
SYN-W-0466,webcam,SYN-FACE-01,nose,0.49375020948942633
SYN-W-0466,webcam,SYN-FACE-01,mouth,0.2754813475770475
SYN-W-0466,webcam,SYN-FACE-01,other,0.04442667317827532
SYN-W-0466,webcam,SYN-FACE-02,left_eye,0.2404308304351062
SYN-W-0466,webcam,SYN-FACE-02,right_eye,0.037101192581172684
SYN-W-0466,webcam,SYN-FACE-02,nose,0.10425716964590945
SYN-W-0466,webcam,SYN-FACE-02,mouth,0.38342327336113535
SYN-W-0466,webcam,SYN-FACE-02,other,0.2347875339766763
SYN-W-0466,webcam,SYN-FACE-03,left_eye,0.19851902752884173
SYN-W-0466,webcam,SYN-FACE-03,right_eye,0.13860873308138139
SYN-W-0466,webcam,SYN-FACE-03,nose,0.09829996160563313
SYN-W-0466,webcam,SYN-FACE-03,mouth,0.47201515057999605
SYN-W-0466,webcam,SYN-FACE-03,other,0.09255712720414763
SYN-W-0467,webcam,SYN-FACE-01,left_eye,0.16713758550623858
SYN-W-0467,webcam,SYN-FACE-01,right_eye,0.0651713011513781
SYN-W-0467,webcam,SYN-FACE-01,nose,0.28558694373293436
SYN-W-0467,webcam,SYN-FACE-01,mouth,0.3034440407769587
SYN-W-0467,webcam,SYN-FACE-01,other,0.17866012883249033
SYN-W-0467,webcam,SYN-FACE-02,left_eye,0.20268108244605787
SYN-W-0467,webcam,SYN-FACE-02,right_eye,0.0938551305733594
SYN-W-0467,webcam,SYN-FACE-02,nose,0.1996552826294887
SYN-W-0467,webcam,SYN-FACE-02,mouth,0.367412553073423
SYN-W-0467,webcam,SYN-FACE-02,other,0.13639595127767098
SYN-W-0467,webcam,SYN-FACE-03,left_eye,0.29850477349745963
SYN-W-0467,webcam,SYN-FACE-03,right_eye,0.3107728750834219
SYN-W-0467,webcam,SYN-FACE-03,nose,0.20339070423532613
SYN-W-0467,webcam,SYN-FACE-03,mouth,0.09949375238165553
SYN-W-0467,webcam,SYN-FACE-03,other,0.08783789480213687
SYN-W-0468,webcam,SYN-FACE-01,left_eye,0.21118809283502782
SYN-W-0468,webcam,SYN-FACE-01,right_eye,0.29771597902467906
SYN-W-0468,webcam,SYN-FACE-01,nose,0.08665717937709715
SYN-W-0468,webcam,SYN-FACE-01,mouth,0.28868805159063204
SYN-W-0468,webcam,SYN-FACE-01,other,0.11575069717256388
SYN-W-0468,webcam,SYN-FACE-02,left_eye,0.07104249189557355
SYN-W-0468,webcam,SYN-FACE-02,right_eye,0.32025417250163396
SYN-W-0468,webcam,SYN-FACE-02,nose,0.260273346752928
SYN-W-0468,webcam,SYN-FACE-02,mouth,0.3144731284546862
SYN-W-0468,webcam,SYN-FACE-02,other,0.03395686039517825
SYN-W-0468,webcam,SYN-FACE-03,left_eye,0.2048289052217349
SYN-W-0468,webcam,SYN-FACE-03,right_eye,0.11971045254319865
SYN-W-0468,webcam,SYN-FACE-03,nose,0.21599431608591635
SYN-W-0468,webcam,SYN-FACE-03,mouth,0.2505448584781941
SYN-W-0468,webcam,SYN-FACE-03,other,0.208921467670956
SYN-W-0469,webcam,SYN-FACE-01,left_eye,0.22418577076807156
SYN-W-0469,webcam,SYN-FACE-01,right_eye,0.1904567225765381
SYN-W-0469,webcam,SYN-FACE-01,nose,0.14844073517564113
SYN-W-0469,webcam,SYN-FACE-01,mouth,0.37699441154274177
SYN-W-0469,webcam,SYN-FACE-01,other,0.05992235993700738
SYN-W-0469,webcam,SYN-FACE-02,left_eye,0.17453255963050174
SYN-W-0469,webcam,SYN-FACE-02,right_eye,0.14722431151399792
SYN-W-0469,webcam,SYN-FACE-02,nose,0.28178203088076303
SYN-W-0469,webcam,SYN-FACE-02,mouth,0.26207620214884325
SYN-W-0469,webcam,SYN-FACE-02,other,0.13438489582589408
SYN-W-0469,webcam,SYN-FACE-03,left_eye,0.4643651710579718
SYN-W-0469,webcam,SYN-FACE-03,right_eye,0.08867084845472761
SYN-W-0469,webcam,SYN-FACE-03,nose,0.1010228681463708
SYN-W-0469,webcam,SYN-FACE-03,mouth,0.1952796849655666
SYN-W-0469,webcam,SYN-FACE-03,other,0.15066142737536323
SYN-W-0470,webcam,SYN-FACE-01,left_eye,0.4222699190067162
SYN-W-0470,webcam,SYN-FACE-01,right_eye,0.15401354119590552
SYN-W-0470,webcam,SYN-FACE-01,nose,0.1751065532801368
SYN-W-0470,webcam,SYN-FACE-01,mouth,0.13521452228197664
SYN-W-0470,webcam,SYN-FACE-01,other,0.11339546423526484
SYN-W-0470,webcam,SYN-FACE-02,left_eye,0.051139394357694656
SYN-W-0470,webcam,SYN-FACE-02,right_eye,0.23855404052316806
SYN-W-0470,webcam,SYN-FACE-02,nose,0.3317232620278161
SYN-W-0470,webcam,SYN-FACE-02,mouth,0.3443935951421623
SYN-W-0470,webcam,SYN-FACE-02,other,0.03418970794915886
SYN-W-0470,webcam,SYN-FACE-03,left_eye,0.32302833991433555
SYN-W-0470,webcam,SYN-FACE-03,right_eye,0.26862914234093527
SYN-W-0470,webcam,SYN-FACE-03,nose,0.13392692738049677
SYN-W-0470,webcam,SYN-FACE-03,mouth,0.1962529119479538
SYN-W-0470,webcam,SYN-FACE-03,other,0.07816267841627858
SYN-W-0471,webcam,SYN-FACE-01,left_eye,0.3110900249972746
SYN-W-0471,webcam,SYN-FACE-01,right_eye,0.19581917753480138
SYN-W-0471,webcam,SYN-FACE-01,nose,0.19898481425971426
SYN-W-0471,webcam,SYN-FACE-01,mouth,0.1814367885472017
SYN-W-0471,webcam,SYN-FACE-01,other,0.11266919466100805
SYN-W-0471,webcam,SYN-FACE-02,left_eye,0.1412347650541623
SYN-W-0471,webcam,SYN-FACE-02,right_eye,0.1575710188887765
SYN-W-0471,webcam,SYN-FACE-02,nose,0.17529210002777962
SYN-W-0471,webcam,SYN-FACE-02,mouth,0.30402908196125594
SYN-W-0471,webcam,SYN-FACE-02,other,0.22187303406802564
SYN-W-0471,webcam,SYN-FACE-03,left_eye,0.4057242393974669
SYN-W-0471,webcam,SYN-FACE-03,right_eye,0.21654597882324458
SYN-W-0471,webcam,SYN-FACE-03,nose,0.13714568782937067
SYN-W-0471,webcam,SYN-FACE-03,mouth,0.24058409394991787
SYN-W-0471,webcam,SYN-FACE-03,other,0.0
SYN-W-0472,webcam,SYN-FACE-01,left_eye,0.07069916116802297
SYN-W-0472,webcam,SYN-FACE-01,right_eye,0.43278016687336585
SYN-W-0472,webcam,SYN-FACE-01,nose,0.0
SYN-W-0472,webcam,SYN-FACE-01,mouth,0.49652067195861116
SYN-W-0472,webcam,SYN-FACE-01,other,0.0
SYN-W-0472,webcam,SYN-FACE-02,left_eye,0.22866544624476728
SYN-W-0472,webcam,SYN-FACE-02,right_eye,0.08149665291169622
SYN-W-0472,webcam,SYN-FACE-02,nose,0.4288287223326329
SYN-W-0472,webcam,SYN-FACE-02,mouth,0.26100917851090355
SYN-W-0472,webcam,SYN-FACE-02,other,0.0
SYN-W-0472,webcam,SYN-FACE-03,left_eye,0.47273836957023097
SYN-W-0472,webcam,SYN-FACE-03,right_eye,0.2659087938885831
SYN-W-0472,webcam,SYN-FACE-03,nose,0.030100807365904345
SYN-W-0472,webcam,SYN-FACE-03,mouth,0.11901856285148468
SYN-W-0472,webcam,SYN-FACE-03,other,0.11223346632379691
SYN-W-0473,webcam,SYN-FACE-01,left_eye,0.18135161700332944
SYN-W-0473,webcam,SYN-FACE-01,right_eye,0.4064748577855376
SYN-W-0473,webcam,SYN-FACE-01,nose,0.27553959323066246
SYN-W-0473,webcam,SYN-FACE-01,mouth,0.10312322748822997
SYN-W-0473,webcam,SYN-FACE-01,other,0.033510704492240494
SYN-W-0473,webcam,SYN-FACE-02,left_eye,0.16644597072869954
SYN-W-0473,webcam,SYN-FACE-02,right_eye,0.44532921517451524
SYN-W-0473,webcam,SYN-FACE-02,nose,0.1349258224417918
SYN-W-0473,webcam,SYN-FACE-02,mouth,0.08721122414857094
SYN-W-0473,webcam,SYN-FACE-02,other,0.16608776750642254
SYN-W-0473,webcam,SYN-FACE-03,left_eye,0.3303556958919744
SYN-W-0473,webcam,SYN-FACE-03,right_eye,0.08072291137948676
SYN-W-0473,webcam,SYN-FACE-03,nose,0.19694703012612277
SYN-W-0473,webcam,SYN-FACE-03,mouth,0.3919743626024161
SYN-W-0473,webcam,SYN-FACE-03,other,0.0
SYN-W-0474,webcam,SYN-FACE-01,left_eye,0.2468572077575791
SYN-W-0474,webcam,SYN-FACE-01,right_eye,0.302824266690293
SYN-W-0474,webcam,SYN-FACE-01,nose,0.13832635334941953
SYN-W-0474,webcam,SYN-FACE-01,mouth,0.2732496349816075
SYN-W-0474,webcam,SYN-FACE-01,other,0.038742537221100916
SYN-W-0474,webcam,SYN-FACE-02,left_eye,0.3000842407316987
SYN-W-0474,webcam,SYN-FACE-02,right_eye,0.17916335992604468
SYN-W-0474,webcam,SYN-FACE-02,nose,0.08931479918469842
SYN-W-0474,webcam,SYN-FACE-02,mouth,0.2798210627771752
SYN-W-0474,webcam,SYN-FACE-02,other,0.15161653738038294
SYN-W-0474,webcam,SYN-FACE-03,left_eye,0.22498393248311552
SYN-W-0474,webcam,SYN-FACE-03,right_eye,0.15235934711650365
SYN-W-0474,webcam,SYN-FACE-03,nose,0.08291162421514511
SYN-W-0474,webcam,SYN-FACE-03,mouth,0.3602445784388696
SYN-W-0474,webcam,SYN-FACE-03,other,0.17950051774636622
SYN-W-0475,webcam,SYN-FACE-01,left_eye,0.21201851575376565
SYN-W-0475,webcam,SYN-FACE-01,right_eye,0.2624752711747718
SYN-W-0475,webcam,SYN-FACE-01,nose,0.21714210276588242
SYN-W-0475,webcam,SYN-FACE-01,mouth,0.14064036116495274
SYN-W-0475,webcam,SYN-FACE-01,other,0.16772374914062738
SYN-W-0475,webcam,SYN-FACE-02,left_eye,0.1652679673057994
SYN-W-0475,webcam,SYN-FACE-02,right_eye,0.16280881076896406
SYN-W-0475,webcam,SYN-FACE-02,nose,0.13826119881796547
SYN-W-0475,webcam,SYN-FACE-02,mouth,0.4875336209616409
SYN-W-0475,webcam,SYN-FACE-02,other,0.04612840214563014
SYN-W-0475,webcam,SYN-FACE-03,left_eye,0.08907026508614353
SYN-W-0475,webcam,SYN-FACE-03,right_eye,0.3511321516975556
SYN-W-0475,webcam,SYN-FACE-03,nose,0.2976504989829088
SYN-W-0475,webcam,SYN-FACE-03,mouth,0.14603891665045074
SYN-W-0475,webcam,SYN-FACE-03,other,0.11610816758294132
SYN-W-0476,webcam,SYN-FACE-01,left_eye,0.2742451520586993
SYN-W-0476,webcam,SYN-FACE-01,right_eye,0.20289158779840935
SYN-W-0476,webcam,SYN-FACE-01,nose,0.2105795119162961
SYN-W-0476,webcam,SYN-FACE-01,mouth,0.2677855991480011
SYN-W-0476,webcam,SYN-FACE-01,other,0.044498149078594236
SYN-W-0476,webcam,SYN-FACE-02,left_eye,0.17143188022470318
SYN-W-0476,webcam,SYN-FACE-02,right_eye,0.20469621787689177
SYN-W-0476,webcam,SYN-FACE-02,nose,0.056305682369896415
SYN-W-0476,webcam,SYN-FACE-02,mouth,0.41269488017550693
SYN-W-0476,webcam,SYN-FACE-02,other,0.15487133935300165
SYN-W-0476,webcam,SYN-FACE-03,left_eye,0.43027560501465634
SYN-W-0476,webcam,SYN-FACE-03,right_eye,0.2743897917812434
SYN-W-0476,webcam,SYN-FACE-03,nose,0.10929282060226511
SYN-W-0476,webcam,SYN-FACE-03,mouth,0.0829197049132422
SYN-W-0476,webcam,SYN-FACE-03,other,0.10312207768859306
SYN-W-0477,webcam,SYN-FACE-01,left_eye,0.2377032690717696
SYN-W-0477,webcam,SYN-FACE-01,right_eye,0.27507320561245246
SYN-W-0477,webcam,SYN-FACE-01,nose,0.06607525914837485
SYN-W-0477,webcam,SYN-FACE-01,mouth,0.4211482661674031
SYN-W-0477,webcam,SYN-FACE-01,other,0.0
SYN-W-0477,webcam,SYN-FACE-02,left_eye,0.48924790940584106
SYN-W-0477,webcam,SYN-FACE-02,right_eye,0.21484133297654456
SYN-W-0477,webcam,SYN-FACE-02,nose,0.029691729795128224
SYN-W-0477,webcam,SYN-FACE-02,mouth,0.26621902782248613
SYN-W-0477,webcam,SYN-FACE-02,other,0.0
SYN-W-0477,webcam,SYN-FACE-03,left_eye,0.12541661367357457
SYN-W-0477,webcam,SYN-FACE-03,right_eye,0.3811415094563096
SYN-W-0477,webcam,SYN-FACE-03,nose,0.39284920043238936
SYN-W-0477,webcam,SYN-FACE-03,mouth,0.048086441886078676
SYN-W-0477,webcam,SYN-FACE-03,other,0.052506234551647726
SYN-W-0478,webcam,SYN-FACE-01,left_eye,0.10003963533652858
SYN-W-0478,webcam,SYN-FACE-01,right_eye,0.5148113890724832
SYN-W-0478,webcam,SYN-FACE-01,nose,0.1096573031773574
SYN-W-0478,webcam,SYN-FACE-01,mouth,0.209424935357197
SYN-W-0478,webcam,SYN-FACE-01,other,0.0660667370564338
SYN-W-0478,webcam,SYN-FACE-02,left_eye,0.20356570625541037
SYN-W-0478,webcam,SYN-FACE-02,right_eye,0.1369484950669837
SYN-W-0478,webcam,SYN-FACE-02,nose,0.09125054815375487
SYN-W-0478,webcam,SYN-FACE-02,mouth,0.5682352505238512
SYN-W-0478,webcam,SYN-FACE-02,other,0.0
SYN-W-0478,webcam,SYN-FACE-03,left_eye,0.12783656347575834
SYN-W-0478,webcam,SYN-FACE-03,right_eye,0.30315897131082936
SYN-W-0478,webcam,SYN-FACE-03,nose,0.306984107430533
SYN-W-0478,webcam,SYN-FACE-03,mouth,0.2065077272772525
SYN-W-0478,webcam,SYN-FACE-03,other,0.055512630505626874
SYN-W-0479,webcam,SYN-FACE-01,left_eye,0.10450450911286617
SYN-W-0479,webcam,SYN-FACE-01,right_eye,0.36281263775905015
SYN-W-0479,webcam,SYN-FACE-01,nose,0.26039156421665255
SYN-W-0479,webcam,SYN-FACE-01,mouth,0.25086512627898067
SYN-W-0479,webcam,SYN-FACE-01,other,0.02142616263245047
SYN-W-0479,webcam,SYN-FACE-02,left_eye,0.14222210355625656
SYN-W-0479,webcam,SYN-FACE-02,right_eye,0.24637241452025402
SYN-W-0479,webcam,SYN-FACE-02,nose,0.22042336406639554
SYN-W-0479,webcam,SYN-FACE-02,mouth,0.39098211785709386
SYN-W-0479,webcam,SYN-FACE-02,other,0.0
SYN-W-0479,webcam,SYN-FACE-03,left_eye,0.19257901218926007
SYN-W-0479,webcam,SYN-FACE-03,right_eye,0.12417053081828378
SYN-W-0479,webcam,SYN-FACE-03,nose,0.31030821528474656
SYN-W-0479,webcam,SYN-FACE-03,mouth,0.26624077188157774
SYN-W-0479,webcam,SYN-FACE-03,other,0.10670146982613181
SYN-W-0480,webcam,SYN-FACE-01,left_eye,0.12347098952650203
SYN-W-0480,webcam,SYN-FACE-01,right_eye,0.2504449070596799
SYN-W-0480,webcam,SYN-FACE-01,nose,0.3836605532771147
SYN-W-0480,webcam,SYN-FACE-01,mouth,0.24242355013670344
SYN-W-0480,webcam,SYN-FACE-01,other,0.0
SYN-W-0480,webcam,SYN-FACE-02,left_eye,0.16259924375000248
SYN-W-0480,webcam,SYN-FACE-02,right_eye,0.292392315473384
SYN-W-0480,webcam,SYN-FACE-02,nose,0.149058966538345
SYN-W-0480,webcam,SYN-FACE-02,mouth,0.31491462382979984
SYN-W-0480,webcam,SYN-FACE-02,other,0.08103485040846868
SYN-W-0480,webcam,SYN-FACE-03,left_eye,0.26872963690814905
SYN-W-0480,webcam,SYN-FACE-03,right_eye,0.16381444603523046
SYN-W-0480,webcam,SYN-FACE-03,nose,0.1473008191423531
SYN-W-0480,webcam,SYN-FACE-03,mouth,0.15327721620851179
SYN-W-0480,webcam,SYN-FACE-03,other,0.26687788170575566
SYN-W-0481,webcam,SYN-FACE-01,left_eye,0.24392487325170006
SYN-W-0481,webcam,SYN-FACE-01,right_eye,0.2210654494088228
SYN-W-0481,webcam,SYN-FACE-01,nose,0.15660417601100854
SYN-W-0481,webcam,SYN-FACE-01,mouth,0.3219333379175387
SYN-W-0481,webcam,SYN-FACE-01,other,0.0564721634109299
SYN-W-0481,webcam,SYN-FACE-02,left_eye,0.4558569929044539
SYN-W-0481,webcam,SYN-FACE-02,right_eye,0.18822441543905435
SYN-W-0481,webcam,SYN-FACE-02,nose,0.11946917937950147
SYN-W-0481,webcam,SYN-FACE-02,mouth,0.21009886622072826
SYN-W-0481,webcam,SYN-FACE-02,other,0.026350546056261994
SYN-W-0481,webcam,SYN-FACE-03,left_eye,0.11031474031959058
SYN-W-0481,webcam,SYN-FACE-03,right_eye,0.18523478233260549
SYN-W-0481,webcam,SYN-FACE-03,nose,0.4104368062943781
SYN-W-0481,webcam,SYN-FACE-03,mouth,0.1329656007086744
SYN-W-0481,webcam,SYN-FACE-03,other,0.1610480703447515
SYN-W-0482,webcam,SYN-FACE-01,left_eye,0.08011411142323024
SYN-W-0482,webcam,SYN-FACE-01,right_eye,0.47082760122765255
SYN-W-0482,webcam,SYN-FACE-01,nose,0.27879300599750106
SYN-W-0482,webcam,SYN-FACE-01,mouth,0.0995196313811609
SYN-W-0482,webcam,SYN-FACE-01,other,0.0707456499704552
SYN-W-0482,webcam,SYN-FACE-02,left_eye,0.1493914592169574
SYN-W-0482,webcam,SYN-FACE-02,right_eye,0.24480150537699027
SYN-W-0482,webcam,SYN-FACE-02,nose,0.10372203380278067
SYN-W-0482,webcam,SYN-FACE-02,mouth,0.37925519502537874
SYN-W-0482,webcam,SYN-FACE-02,other,0.12282980657789287
SYN-W-0482,webcam,SYN-FACE-03,left_eye,0.3494216197064617
SYN-W-0482,webcam,SYN-FACE-03,right_eye,0.28775123273757913
SYN-W-0482,webcam,SYN-FACE-03,nose,0.16703960888676583
SYN-W-0482,webcam,SYN-FACE-03,mouth,0.19578753866919346
SYN-W-0482,webcam,SYN-FACE-03,other,0.0
SYN-W-0483,webcam,SYN-FACE-01,left_eye,0.2271363606630987
SYN-W-0483,webcam,SYN-FACE-01,right_eye,0.2982226984061882
SYN-W-0483,webcam,SYN-FACE-01,nose,0.2681781796298478
SYN-W-0483,webcam,SYN-FACE-01,mouth,0.20646276130086536
SYN-W-0483,webcam,SYN-FACE-01,other,0.0
SYN-W-0483,webcam,SYN-FACE-02,left_eye,0.15464766885978085
SYN-W-0483,webcam,SYN-FACE-02,right_eye,0.40455068175110553
SYN-W-0483,webcam,SYN-FACE-02,nose,0.11794087672516848
SYN-W-0483,webcam,SYN-FACE-02,mouth,0.1702700761149548
SYN-W-0483,webcam,SYN-FACE-02,other,0.15259069654899027
SYN-W-0483,webcam,SYN-FACE-03,left_eye,0.3068921814622348
SYN-W-0483,webcam,SYN-FACE-03,right_eye,0.1856507805263417
SYN-W-0483,webcam,SYN-FACE-03,nose,0.21962217871639528
SYN-W-0483,webcam,SYN-FACE-03,mouth,0.2878348592950281
SYN-W-0483,webcam,SYN-FACE-03,other,0.0
SYN-W-0484,webcam,SYN-FACE-01,left_eye,0.11078753438201673
SYN-W-0484,webcam,SYN-FACE-01,right_eye,0.22921021129287605
SYN-W-0484,webcam,SYN-FACE-01,nose,0.3689000575337575
SYN-W-0484,webcam,SYN-FACE-01,mouth,0.2527142974504074
SYN-W-0484,webcam,SYN-FACE-01,other,0.03838789934094219
SYN-W-0484,webcam,SYN-FACE-02,left_eye,0.13232930279014585
SYN-W-0484,webcam,SYN-FACE-02,right_eye,0.14253611098834046
SYN-W-0484,webcam,SYN-FACE-02,nose,0.18153618784167846
SYN-W-0484,webcam,SYN-FACE-02,mouth,0.5435983983798353
SYN-W-0484,webcam,SYN-FACE-02,other,0.0
SYN-W-0484,webcam,SYN-FACE-03,left_eye,0.28197907975566344
SYN-W-0484,webcam,SYN-FACE-03,right_eye,0.1550927372429093
SYN-W-0484,webcam,SYN-FACE-03,nose,0.15175529497734194
SYN-W-0484,webcam,SYN-FACE-03,mouth,0.32890279996085287
SYN-W-0484,webcam,SYN-FACE-03,other,0.0822700880632324
SYN-W-0485,webcam,SYN-FACE-01,left_eye,0.4944838537682938
SYN-W-0485,webcam,SYN-FACE-01,right_eye,0.1096770320839306
SYN-W-0485,webcam,SYN-FACE-01,nose,0.11376403115358524
SYN-W-0485,webcam,SYN-FACE-01,mouth,0.14475412125715695
SYN-W-0485,webcam,SYN-FACE-01,other,0.13732096173703348
SYN-W-0485,webcam,SYN-FACE-02,left_eye,0.07631673352878322
SYN-W-0485,webcam,SYN-FACE-02,right_eye,0.42145412543643623
SYN-W-0485,webcam,SYN-FACE-02,nose,0.2740597044928437
SYN-W-0485,webcam,SYN-FACE-02,mouth,0.20497809368866463
SYN-W-0485,webcam,SYN-FACE-02,other,0.023191342853272165
SYN-W-0485,webcam,SYN-FACE-03,left_eye,0.20195528156786371
SYN-W-0485,webcam,SYN-FACE-03,right_eye,0.35040378257609717
SYN-W-0485,webcam,SYN-FACE-03,nose,0.31201412152145624
SYN-W-0485,webcam,SYN-FACE-03,mouth,0.13562681433458282
SYN-W-0485,webcam,SYN-FACE-03,other,0.0
SYN-W-0486,webcam,SYN-FACE-01,left_eye,0.15100169153050322
SYN-W-0486,webcam,SYN-FACE-01,right_eye,0.17143499094026712
SYN-W-0486,webcam,SYN-FACE-01,nose,0.16610524950035557
SYN-W-0486,webcam,SYN-FACE-01,mouth,0.2793411645299236
SYN-W-0486,webcam,SYN-FACE-01,other,0.2321169034989505
SYN-W-0486,webcam,SYN-FACE-02,left_eye,0.3635275713434532
SYN-W-0486,webcam,SYN-FACE-02,right_eye,0.29273726746578604
SYN-W-0486,webcam,SYN-FACE-02,nose,0.17258255697976543
SYN-W-0486,webcam,SYN-FACE-02,mouth,0.14380575457073178
SYN-W-0486,webcam,SYN-FACE-02,other,0.02734684964026355
SYN-W-0486,webcam,SYN-FACE-03,left_eye,0.41741732415404936
SYN-W-0486,webcam,SYN-FACE-03,right_eye,0.05871332091644411
SYN-W-0486,webcam,SYN-FACE-03,nose,0.22714501879656535
SYN-W-0486,webcam,SYN-FACE-03,mouth,0.1787675641144964
SYN-W-0486,webcam,SYN-FACE-03,other,0.11795677201844475
SYN-W-0487,webcam,SYN-FACE-01,left_eye,0.10393496376968749
SYN-W-0487,webcam,SYN-FACE-01,right_eye,0.26217760570664767
SYN-W-0487,webcam,SYN-FACE-01,nose,0.18872204829135145
SYN-W-0487,webcam,SYN-FACE-01,mouth,0.3203076626263145
SYN-W-0487,webcam,SYN-FACE-01,other,0.12485771960599887
SYN-W-0487,webcam,SYN-FACE-02,left_eye,0.3610472094037905
SYN-W-0487,webcam,SYN-FACE-02,right_eye,0.19905154752983756
SYN-W-0487,webcam,SYN-FACE-02,nose,0.21847130217778407
SYN-W-0487,webcam,SYN-FACE-02,mouth,0.2214299408885878
SYN-W-0487,webcam,SYN-FACE-02,other,0.0
SYN-W-0487,webcam,SYN-FACE-03,left_eye,0.1442203638868116
SYN-W-0487,webcam,SYN-FACE-03,right_eye,0.2979914815302627
SYN-W-0487,webcam,SYN-FACE-03,nose,0.10699702747452965
SYN-W-0487,webcam,SYN-FACE-03,mouth,0.3646651405646385
SYN-W-0487,webcam,SYN-FACE-03,other,0.08612598654375751
SYN-W-0488,webcam,SYN-FACE-01,left_eye,0.26507461189807957
SYN-W-0488,webcam,SYN-FACE-01,right_eye,0.32811796033068646
SYN-W-0488,webcam,SYN-FACE-01,nose,0.1834409366664147
SYN-W-0488,webcam,SYN-FACE-01,mouth,0.2233664911048193
SYN-W-0488,webcam,SYN-FACE-01,other,0.0
SYN-W-0488,webcam,SYN-FACE-02,left_eye,0.205668327709979
SYN-W-0488,webcam,SYN-FACE-02,right_eye,0.23631611589581442
SYN-W-0488,webcam,SYN-FACE-02,nose,0.3801374778688084
SYN-W-0488,webcam,SYN-FACE-02,mouth,0.1266509366193466
SYN-W-0488,webcam,SYN-FACE-02,other,0.05122714190605157
SYN-W-0488,webcam,SYN-FACE-03,left_eye,0.3103684800952646
SYN-W-0488,webcam,SYN-FACE-03,right_eye,0.17278282338125536
SYN-W-0488,webcam,SYN-FACE-03,nose,0.11233810194256888
SYN-W-0488,webcam,SYN-FACE-03,mouth,0.2703835064535554
SYN-W-0488,webcam,SYN-FACE-03,other,0.13412708812735574
SYN-W-0489,webcam,SYN-FACE-01,left_eye,0.26545136717263473
SYN-W-0489,webcam,SYN-FACE-01,right_eye,0.09567837396456655
SYN-W-0489,webcam,SYN-FACE-01,nose,0.29326991170743333
SYN-W-0489,webcam,SYN-FACE-01,mouth,0.26145471419455196
SYN-W-0489,webcam,SYN-FACE-01,other,0.08414563296081348
SYN-W-0489,webcam,SYN-FACE-02,left_eye,0.1972417723634586
SYN-W-0489,webcam,SYN-FACE-02,right_eye,0.09318444080947688
SYN-W-0489,webcam,SYN-FACE-02,nose,0.16855205725129502
SYN-W-0489,webcam,SYN-FACE-02,mouth,0.49426660116755444
SYN-W-0489,webcam,SYN-FACE-02,other,0.046755128408215094
SYN-W-0489,webcam,SYN-FACE-03,left_eye,0.1873064500378964
SYN-W-0489,webcam,SYN-FACE-03,right_eye,0.2797622053744324
SYN-W-0489,webcam,SYN-FACE-03,nose,0.2660096352615374
SYN-W-0489,webcam,SYN-FACE-03,mouth,0.2127058028285658
SYN-W-0489,webcam,SYN-FACE-03,other,0.05421590649756798
SYN-W-0490,webcam,SYN-FACE-01,left_eye,0.37426062049728687
SYN-W-0490,webcam,SYN-FACE-01,right_eye,0.04273846365980143
SYN-W-0490,webcam,SYN-FACE-01,nose,0.3184380870995699
SYN-W-0490,webcam,SYN-FACE-01,mouth,0.1837931666533438
SYN-W-0490,webcam,SYN-FACE-01,other,0.08076966208999799
SYN-W-0490,webcam,SYN-FACE-02,left_eye,0.17842972183864608
SYN-W-0490,webcam,SYN-FACE-02,right_eye,0.011890187421715
SYN-W-0490,webcam,SYN-FACE-02,nose,0.21597442913845497
SYN-W-0490,webcam,SYN-FACE-02,mouth,0.4776582862860506
SYN-W-0490,webcam,SYN-FACE-02,other,0.11604737531513332
SYN-W-0490,webcam,SYN-FACE-03,left_eye,0.3009787377695928
SYN-W-0490,webcam,SYN-FACE-03,right_eye,0.21868240493993957
SYN-W-0490,webcam,SYN-FACE-03,nose,0.0845160196258627
SYN-W-0490,webcam,SYN-FACE-03,mouth,0.3320904917126083
SYN-W-0490,webcam,SYN-FACE-03,other,0.06373234595199664
SYN-W-0491,webcam,SYN-FACE-01,left_eye,0.28418601752925565
SYN-W-0491,webcam,SYN-FACE-01,right_eye,0.07362896293950483
SYN-W-0491,webcam,SYN-FACE-01,nose,0.18118788212805242
SYN-W-0491,webcam,SYN-FACE-01,mouth,0.4363599278189437
SYN-W-0491,webcam,SYN-FACE-01,other,0.02463720958424339
SYN-W-0491,webcam,SYN-FACE-02,left_eye,0.10164224600668377
SYN-W-0491,webcam,SYN-FACE-02,right_eye,0.2889371342260085
SYN-W-0491,webcam,SYN-FACE-02,nose,0.22202383955657054
SYN-W-0491,webcam,SYN-FACE-02,mouth,0.3528347586291901
SYN-W-0491,webcam,SYN-FACE-02,other,0.03456202158154709
SYN-W-0491,webcam,SYN-FACE-03,left_eye,0.349010687431393
SYN-W-0491,webcam,SYN-FACE-03,right_eye,0.14196227594367009
SYN-W-0491,webcam,SYN-FACE-03,nose,0.3734373162411111
SYN-W-0491,webcam,SYN-FACE-03,mouth,0.13558972038382588
SYN-W-0491,webcam,SYN-FACE-03,other,0.0
SYN-W-0492,webcam,SYN-FACE-01,left_eye,0.1936505565968009
SYN-W-0492,webcam,SYN-FACE-01,right_eye,0.2611406767396563
SYN-W-0492,webcam,SYN-FACE-01,nose,0.37276701702464526
SYN-W-0492,webcam,SYN-FACE-01,mouth,0.14212152904887349
SYN-W-0492,webcam,SYN-FACE-01,other,0.03032022059002411
SYN-W-0492,webcam,SYN-FACE-02,left_eye,0.09431366245319792
SYN-W-0492,webcam,SYN-FACE-02,right_eye,0.21648653175268312
SYN-W-0492,webcam,SYN-FACE-02,nose,0.2259250449860661
SYN-W-0492,webcam,SYN-FACE-02,mouth,0.4632747608080529
SYN-W-0492,webcam,SYN-FACE-02,other,0.0
SYN-W-0492,webcam,SYN-FACE-03,left_eye,0.13334262034038882
SYN-W-0492,webcam,SYN-FACE-03,right_eye,0.30362679014678196
SYN-W-0492,webcam,SYN-FACE-03,nose,0.3734959655639328
SYN-W-0492,webcam,SYN-FACE-03,mouth,0.18953462394889636
SYN-W-0492,webcam,SYN-FACE-03,other,0.0
SYN-W-0493,webcam,SYN-FACE-01,left_eye,0.45304708986542264
SYN-W-0493,webcam,SYN-FACE-01,right_eye,0.2525059672449204
SYN-W-0493,webcam,SYN-FACE-01,nose,0.10868961841586637
SYN-W-0493,webcam,SYN-FACE-01,mouth,0.12344624998308923
SYN-W-0493,webcam,SYN-FACE-01,other,0.062311074490701404
SYN-W-0493,webcam,SYN-FACE-02,left_eye,0.2841106497773255
SYN-W-0493,webcam,SYN-FACE-02,right_eye,0.21794881630288668
SYN-W-0493,webcam,SYN-FACE-02,nose,0.1557336657496438
SYN-W-0493,webcam,SYN-FACE-02,mouth,0.23002812380245374
SYN-W-0493,webcam,SYN-FACE-02,other,0.11217874436769033
SYN-W-0493,webcam,SYN-FACE-03,left_eye,0.15783950448303707
SYN-W-0493,webcam,SYN-FACE-03,right_eye,0.13457523978949693
SYN-W-0493,webcam,SYN-FACE-03,nose,0.5306412978802209
SYN-W-0493,webcam,SYN-FACE-03,mouth,0.08454493354417171
SYN-W-0493,webcam,SYN-FACE-03,other,0.09239902430307352
SYN-W-0494,webcam,SYN-FACE-01,left_eye,0.2957641939011462
SYN-W-0494,webcam,SYN-FACE-01,right_eye,0.10536258635068324
SYN-W-0494,webcam,SYN-FACE-01,nose,0.20924846012843878
SYN-W-0494,webcam,SYN-FACE-01,mouth,0.34357108949569093
SYN-W-0494,webcam,SYN-FACE-01,other,0.046053670124040755
SYN-W-0494,webcam,SYN-FACE-02,left_eye,0.30693685596705783
SYN-W-0494,webcam,SYN-FACE-02,right_eye,0.028929176683213542
SYN-W-0494,webcam,SYN-FACE-02,nose,0.2289516671120518
SYN-W-0494,webcam,SYN-FACE-02,mouth,0.33767195928702515
SYN-W-0494,webcam,SYN-FACE-02,other,0.09751034095065166
SYN-W-0494,webcam,SYN-FACE-03,left_eye,0.2059226503026626
SYN-W-0494,webcam,SYN-FACE-03,right_eye,0.25035257999840793
SYN-W-0494,webcam,SYN-FACE-03,nose,0.32942695877068234
SYN-W-0494,webcam,SYN-FACE-03,mouth,0.21429781092824712
SYN-W-0494,webcam,SYN-FACE-03,other,0.0
SYN-W-0495,webcam,SYN-FACE-01,left_eye,0.45278199720148093
SYN-W-0495,webcam,SYN-FACE-01,right_eye,0.13774444346418982
SYN-W-0495,webcam,SYN-FACE-01,nose,0.1586633163100086
SYN-W-0495,webcam,SYN-FACE-01,mouth,0.21216213378959003
SYN-W-0495,webcam,SYN-FACE-01,other,0.03864810923473058
SYN-W-0495,webcam,SYN-FACE-02,left_eye,0.11310591605473831
SYN-W-0495,webcam,SYN-FACE-02,right_eye,0.24510016190091163
SYN-W-0495,webcam,SYN-FACE-02,nose,0.2547212491987545
SYN-W-0495,webcam,SYN-FACE-02,mouth,0.38707267284559554
SYN-W-0495,webcam,SYN-FACE-02,other,0.0
SYN-W-0495,webcam,SYN-FACE-03,left_eye,0.1106447349396216
SYN-W-0495,webcam,SYN-FACE-03,right_eye,0.16953765817871375
SYN-W-0495,webcam,SYN-FACE-03,nose,0.3275999461598084
SYN-W-0495,webcam,SYN-FACE-03,mouth,0.28304774010721184
SYN-W-0495,webcam,SYN-FACE-03,other,0.10916992061464433
SYN-W-0496,webcam,SYN-FACE-01,left_eye,0.3472390248533728
SYN-W-0496,webcam,SYN-FACE-01,right_eye,0.31954777350821206
SYN-W-0496,webcam,SYN-FACE-01,nose,0.08832360203011724
SYN-W-0496,webcam,SYN-FACE-01,mouth,0.14138552913490374
SYN-W-0496,webcam,SYN-FACE-01,other,0.10350407047339419
SYN-W-0496,webcam,SYN-FACE-02,left_eye,0.2051791074798731
SYN-W-0496,webcam,SYN-FACE-02,right_eye,0.06881675757173573
SYN-W-0496,webcam,SYN-FACE-02,nose,0.36790976209971815
SYN-W-0496,webcam,SYN-FACE-02,mouth,0.25524755350849787
SYN-W-0496,webcam,SYN-FACE-02,other,0.10284681934017512
SYN-W-0496,webcam,SYN-FACE-03,left_eye,0.09739632873554831
SYN-W-0496,webcam,SYN-FACE-03,right_eye,0.45818230313893354
SYN-W-0496,webcam,SYN-FACE-03,nose,0.1571490604060369
SYN-W-0496,webcam,SYN-FACE-03,mouth,0.2554916878155047
SYN-W-0496,webcam,SYN-FACE-03,other,0.031780619903976536
SYN-W-0497,webcam,SYN-FACE-01,left_eye,0.25051704012208365
SYN-W-0497,webcam,SYN-FACE-01,right_eye,0.29467140715244206
SYN-W-0497,webcam,SYN-FACE-01,nose,0.11735278905910874
SYN-W-0497,webcam,SYN-FACE-01,mouth,0.16329124765674774
SYN-W-0497,webcam,SYN-FACE-01,other,0.1741675160096178
SYN-W-0497,webcam,SYN-FACE-02,left_eye,0.22736920596144064
SYN-W-0497,webcam,SYN-FACE-02,right_eye,0.33037587269585716
SYN-W-0497,webcam,SYN-FACE-02,nose,0.13059089822312006
SYN-W-0497,webcam,SYN-FACE-02,mouth,0.1584251458751522
SYN-W-0497,webcam,SYN-FACE-02,other,0.1532388772444299
SYN-W-0497,webcam,SYN-FACE-03,left_eye,0.37748537070081417
SYN-W-0497,webcam,SYN-FACE-03,right_eye,0.06079259512507418
SYN-W-0497,webcam,SYN-FACE-03,nose,0.30469432517947237
SYN-W-0497,webcam,SYN-FACE-03,mouth,0.2570277089946393
SYN-W-0497,webcam,SYN-FACE-03,other,0.0
SYN-W-0498,webcam,SYN-FACE-01,left_eye,0.2233007505845629
SYN-W-0498,webcam,SYN-FACE-01,right_eye,0.24733576479523176
SYN-W-0498,webcam,SYN-FACE-01,nose,0.16078215307452934
SYN-W-0498,webcam,SYN-FACE-01,mouth,0.3237449404870976
SYN-W-0498,webcam,SYN-FACE-01,other,0.04483639105857844
SYN-W-0498,webcam,SYN-FACE-02,left_eye,0.07963805949106989
SYN-W-0498,webcam,SYN-FACE-02,right_eye,0.45934789201132886
SYN-W-0498,webcam,SYN-FACE-02,nose,0.17318943733082803
SYN-W-0498,webcam,SYN-FACE-02,mouth,0.2878246111667732
SYN-W-0498,webcam,SYN-FACE-02,other,0.0
SYN-W-0498,webcam,SYN-FACE-03,left_eye,0.25125553256431993
SYN-W-0498,webcam,SYN-FACE-03,right_eye,0.13240758357127844
SYN-W-0498,webcam,SYN-FACE-03,nose,0.1776688269122501
SYN-W-0498,webcam,SYN-FACE-03,mouth,0.3407304150025565
SYN-W-0498,webcam,SYN-FACE-03,other,0.09793764194959505
SYN-W-0499,webcam,SYN-FACE-01,left_eye,0.30844393251406294
SYN-W-0499,webcam,SYN-FACE-01,right_eye,0.08939001774197902
SYN-W-0499,webcam,SYN-FACE-01,nose,0.3640695547398842
SYN-W-0499,webcam,SYN-FACE-01,mouth,0.23809649500407368
SYN-W-0499,webcam,SYN-FACE-01,other,0.0
SYN-W-0499,webcam,SYN-FACE-02,left_eye,0.16832306574083766
SYN-W-0499,webcam,SYN-FACE-02,right_eye,0.30065235119321043
SYN-W-0499,webcam,SYN-FACE-02,nose,0.16411616579657823
SYN-W-0499,webcam,SYN-FACE-02,mouth,0.3120966469964723
SYN-W-0499,webcam,SYN-FACE-02,other,0.054811770272901364
SYN-W-0499,webcam,SYN-FACE-03,left_eye,0.2778119141792841
SYN-W-0499,webcam,SYN-FACE-03,right_eye,0.09781884999006606
SYN-W-0499,webcam,SYN-FACE-03,nose,0.2335240809174893
SYN-W-0499,webcam,SYN-FACE-03,mouth,0.1990349783374436
SYN-W-0499,webcam,SYN-FACE-03,other,0.19181017657571695
SYN-W-0500,webcam,SYN-FACE-01,left_eye,0.2228035403524942
SYN-W-0500,webcam,SYN-FACE-01,right_eye,0.3657938391994956
SYN-W-0500,webcam,SYN-FACE-01,nose,0.1329051892776112
SYN-W-0500,webcam,SYN-FACE-01,mouth,0.16803753318569756
SYN-W-0500,webcam,SYN-FACE-01,other,0.11045989798470136
SYN-W-0500,webcam,SYN-FACE-02,left_eye,0.09515875380229602
SYN-W-0500,webcam,SYN-FACE-02,right_eye,0.45558097245378476
SYN-W-0500,webcam,SYN-FACE-02,nose,0.13597306146897745
SYN-W-0500,webcam,SYN-FACE-02,mouth,0.22948668587937934
SYN-W-0500,webcam,SYN-FACE-02,other,0.08380052639556237
SYN-W-0500,webcam,SYN-FACE-03,left_eye,0.4767716188671289
SYN-W-0500,webcam,SYN-FACE-03,right_eye,0.12765946362817926
SYN-W-0500,webcam,SYN-FACE-03,nose,0.1597786673269649
SYN-W-0500,webcam,SYN-FACE-03,mouth,0.18553123621001258
SYN-W-0500,webcam,SYN-FACE-03,other,0.05025901396771436
