participant_id,synthetic,device,recruitment_source,cohort_site,age_years,wears_glasses,prior_eye_tracking,display_width_cm,low_light,accuracy_deg,rms_precision_deg,data_loss,valid_trial_share,sampling_rate_hz
SYN-W-0001,True,webcam,prolific,remote,53.715573,False,False,20.90439,False,1.255416,0.193681,0.123119,1.0,32.372761
SYN-W-0002,True,webcam,prolific,remote,18.0,True,False,43.64711,True,1.351645,0.579599,0.08448,0.966672,28.661677
SYN-W-0003,True,webcam,prolific,remote,36.44257,False,False,43.592741,False,1.106592,0.432839,0.073085,0.916738,28.764776
SYN-W-0004,True,webcam,prolific,remote,65.160276,True,False,34.77529,False,0.780441,0.411545,0.015556,0.956855,21.995193
SYN-W-0005,True,webcam,prolific,remote,44.870558,False,False,25.32997,False,1.2685,0.501508,0.078987,0.965325,29.519637
SYN-W-0006,True,webcam,prolific,remote,47.322597,False,False,42.324215,False,0.724211,0.417175,0.111117,0.988634,27.44171
SYN-W-0007,True,webcam,prolific,remote,38.513561,True,False,20.0,False,1.173858,0.493201,0.102299,0.938515,32.979263
SYN-W-0008,True,webcam,prolific,remote,53.41394,False,False,38.365081,True,1.173585,0.509806,0.150896,0.901339,26.129718
SYN-W-0009,True,webcam,prolific,remote,36.891586,True,False,25.957077,True,1.422897,0.606184,0.016209,0.993463,32.013632
SYN-W-0010,True,webcam,prolific,remote,40.796733,True,False,28.265994,False,1.070548,0.246728,0.127221,0.939036,29.749496
SYN-W-0011,True,webcam,prolific,remote,53.881604,True,False,23.395235,False,1.237304,0.31879,0.073219,0.964433,33.715563
SYN-W-0012,True,webcam,prolific,remote,56.700114,True,False,40.154915,False,1.238011,0.333961,0.099195,0.929331,32.470231
SYN-W-0013,True,webcam,prolific,remote,52.572696,False,True,35.564059,False,0.932528,0.493559,0.034344,0.987791,28.796414
SYN-W-0014,True,webcam,prolific,remote,30.60419,True,True,44.765928,False,0.666865,0.525719,0.117139,0.959464,27.789644
SYN-W-0015,True,webcam,prolific,remote,53.397442,False,False,20.0,False,1.195407,0.286623,0.158731,0.923091,30.639427
SYN-W-0016,True,webcam,prolific,remote,42.246359,False,False,35.384507,True,1.044772,0.569677,0.078241,0.937115,27.221893
SYN-W-0017,True,webcam,prolific,remote,67.235526,True,False,34.143869,False,1.630304,0.533011,0.098913,0.979208,30.104686
SYN-W-0018,True,webcam,prolific,remote,33.793897,False,False,37.423818,True,1.144592,0.365442,0.167695,1.0,27.27273
SYN-W-0019,True,webcam,prolific,remote,57.529978,True,False,48.388223,False,1.160723,0.246358,0.060909,0.943398,27.463957
SYN-W-0020,True,webcam,prolific,remote,51.734991,False,False,40.132018,True,0.460786,0.355883,0.076542,0.921394,29.187069
SYN-W-0021,True,webcam,prolific,remote,43.818018,True,False,42.17033,False,1.471749,0.467854,0.102998,0.894276,28.805761
SYN-W-0022,True,webcam,prolific,remote,66.472624,False,False,27.618614,False,1.365554,0.384657,0.03806,0.949293,30.23453
SYN-W-0023,True,webcam,prolific,remote,24.003219,False,False,34.67238,False,0.788682,0.6208,0.035511,0.930795,32.894051
SYN-W-0024,True,webcam,prolific,remote,37.383227,False,False,30.688718,True,0.887308,0.34119,0.020264,0.935608,29.764876
SYN-W-0025,True,webcam,prolific,remote,57.494977,True,False,38.224713,False,1.216065,0.542161,0.074494,0.945445,32.0156
SYN-W-0026,True,webcam,prolific,remote,38.350933,True,False,40.583738,False,0.620145,0.535039,0.014575,0.910096,27.65189
SYN-W-0027,True,webcam,prolific,remote,45.301765,False,False,35.552949,False,0.901298,0.230038,0.107976,0.939767,29.317036
SYN-W-0028,True,webcam,prolific,remote,55.619501,True,True,31.903963,False,1.283879,0.623161,0.128522,0.941912,29.447453
SYN-W-0029,True,webcam,prolific,remote,49.827355,True,False,28.579175,False,0.973757,0.576557,0.0,0.885628,28.195937
SYN-W-0030,True,webcam,prolific,remote,49.399926,True,False,29.744548,False,1.130831,0.3338,0.128671,0.916805,27.798589
SYN-W-0031,True,webcam,prolific,remote,31.522167,False,False,31.073871,False,0.939411,0.340195,0.00091,0.911888,27.717445
SYN-W-0032,True,webcam,prolific,remote,34.281673,False,False,40.531937,True,1.478181,0.588884,0.09811,0.958896,30.11721
SYN-W-0033,True,webcam,prolific,remote,33.39248,False,False,32.24862,True,0.567541,0.500881,0.076146,0.930551,33.394281
SYN-W-0034,True,webcam,prolific,remote,38.806023,False,False,28.45714,False,0.892598,0.851414,0.173932,0.957354,29.57037
SYN-W-0035,True,webcam,prolific,remote,53.91026,False,False,21.515995,False,1.430481,0.489209,0.086346,0.898684,28.744145
SYN-W-0036,True,webcam,prolific,remote,25.600217,False,False,35.718199,False,0.687224,0.427549,0.132141,0.932596,26.605815
SYN-W-0037,True,webcam,prolific,remote,74.945633,False,False,36.207155,False,0.914604,0.127004,0.093576,0.923275,28.5914
SYN-W-0038,True,webcam,prolific,remote,18.086802,False,True,23.974843,False,0.636637,0.488657,0.203451,0.919639,23.777451
SYN-W-0039,True,webcam,prolific,remote,51.06987,True,False,32.685608,False,1.392031,0.496216,0.037267,0.933782,27.806195
SYN-W-0040,True,webcam,prolific,remote,66.050614,True,False,31.398387,False,1.022707,0.385878,0.069332,0.964575,33.216091
SYN-W-0041,True,webcam,prolific,remote,46.976282,False,False,32.14377,False,0.821024,0.608224,0.107578,0.936928,28.731021
SYN-W-0042,True,webcam,prolific,remote,37.141888,False,False,28.728279,True,1.211819,0.412007,0.105029,0.956299,31.968487
SYN-W-0043,True,webcam,prolific,remote,40.682492,False,False,34.870506,True,1.133486,0.793687,0.106891,0.882847,25.92041
SYN-W-0044,True,webcam,prolific,remote,50.393417,False,False,41.673967,False,1.403258,0.679082,0.074162,0.92507,28.411651
SYN-W-0045,True,webcam,prolific,remote,30.650443,True,False,42.265545,False,1.131564,0.606689,0.041411,0.926737,28.00364
SYN-W-0046,True,webcam,prolific,remote,35.01457,False,False,29.192544,False,1.207235,0.500599,0.084297,0.984791,27.347476
SYN-W-0047,True,webcam,prolific,remote,26.496807,False,False,38.344503,False,0.695032,0.58393,0.100803,0.965721,31.960943
SYN-W-0048,True,webcam,prolific,remote,68.650554,True,True,43.63583,False,1.01685,0.613405,0.072329,0.940699,30.272505
SYN-W-0049,True,webcam,prolific,remote,50.011364,False,False,30.026102,False,1.06431,0.661778,0.050426,0.932658,31.257489
SYN-W-0050,True,webcam,prolific,remote,18.0,True,False,25.35997,False,1.084438,0.474871,0.105249,0.903018,33.18917
SYN-W-0051,True,webcam,prolific,remote,18.0,False,False,44.915716,False,1.15368,0.503502,0.03672,0.94719,28.195527
SYN-W-0052,True,webcam,prolific,remote,46.552226,True,False,34.242766,False,1.629082,0.329999,0.078431,0.914397,33.764508
SYN-W-0053,True,webcam,prolific,remote,44.561813,False,False,20.0,False,1.078147,0.34009,0.058075,0.976255,29.80681
SYN-W-0054,True,webcam,prolific,remote,43.467013,True,False,34.12058,True,0.704975,0.522635,0.172156,0.900109,24.027763
SYN-W-0055,True,webcam,prolific,remote,32.03626,False,False,35.213649,False,1.291131,0.623733,0.148567,0.930785,27.132458
SYN-W-0056,True,webcam,prolific,remote,25.796739,False,False,34.255925,False,0.999903,0.265206,0.140232,0.971976,26.839577
SYN-W-0057,True,webcam,prolific,remote,57.519117,True,False,33.838917,False,0.665823,0.328254,0.03723,1.0,29.309521
SYN-W-0058,True,webcam,prolific,remote,30.906178,False,True,32.911139,False,1.565592,0.602907,0.117246,0.916331,31.50151
SYN-W-0059,True,webcam,prolific,remote,30.602627,False,False,27.965363,False,1.666884,0.612202,0.13123,0.907492,32.005434
SYN-W-0060,True,webcam,prolific,remote,34.425814,False,False,40.688874,False,1.520343,0.685801,0.117509,0.9165,28.664838
SYN-W-0061,True,webcam,prolific,remote,46.025344,False,False,22.846215,False,0.801334,0.652047,0.099834,0.931933,34.718978
SYN-W-0062,True,webcam,prolific,remote,40.663014,True,False,32.060606,True,1.366322,0.430979,0.083601,0.864375,29.541987
SYN-W-0063,True,webcam,prolific,remote,51.81424,True,False,30.445185,False,1.249189,0.435867,0.067771,0.926954,26.843685
SYN-W-0064,True,webcam,prolific,remote,45.824956,False,False,27.177404,False,1.220113,0.31085,0.044737,0.940515,26.118665
SYN-W-0065,True,webcam,prolific,remote,33.17733,False,False,46.033134,False,0.77595,0.493841,0.096559,0.900632,30.62258
SYN-W-0066,True,webcam,prolific,remote,34.661981,False,False,45.480923,False,0.970793,0.448578,0.121311,0.931985,27.271419
SYN-W-0067,True,webcam,prolific,remote,52.651182,False,False,29.127457,False,1.404853,0.388162,0.096985,0.995052,29.865472
SYN-W-0068,True,webcam,prolific,remote,37.067413,True,False,39.555895,False,1.224064,0.637814,0.13342,0.885183,25.701528
SYN-W-0069,True,webcam,prolific,remote,32.171964,True,False,35.277852,True,1.222291,0.325925,0.063331,0.933235,28.493751
SYN-W-0070,True,webcam,prolific,remote,43.791004,False,False,23.199612,False,1.248172,0.61376,0.05981,0.908866,27.344067
SYN-W-0071,True,webcam,prolific,remote,38.081861,False,False,35.081068,False,1.059468,0.436911,0.025718,1.0,28.622334
SYN-W-0072,True,webcam,prolific,remote,48.7359,False,False,46.034786,False,1.285994,0.527372,0.076779,0.934598,31.044172
SYN-W-0073,True,webcam,prolific,remote,49.2014,True,False,42.448073,False,0.583074,0.44203,0.053775,0.904915,29.429774
SYN-W-0074,True,webcam,prolific,remote,40.957309,True,False,25.883458,True,1.628982,0.620122,0.119435,0.973911,31.257123
SYN-W-0075,True,webcam,prolific,remote,59.834196,False,False,28.519457,False,1.062031,0.527397,0.066899,0.932472,30.250686
SYN-W-0076,True,webcam,prolific,remote,31.362402,False,False,36.194921,False,1.288474,0.429603,0.076543,0.923653,28.918154
SYN-W-0077,True,webcam,prolific,remote,68.336134,True,True,32.328445,True,0.957994,0.636996,0.072329,0.92388,28.837038
SYN-W-0078,True,webcam,prolific,remote,57.26734,False,False,26.594374,True,1.19261,0.554494,0.127818,0.949535,34.921881
SYN-W-0079,True,webcam,prolific,remote,18.0,False,False,36.875041,False,1.283825,0.446689,0.112676,0.950011,30.212862
SYN-W-0080,True,webcam,prolific,remote,29.356254,True,False,35.808658,False,0.930235,0.481812,0.139364,0.990959,32.024715
SYN-W-0081,True,webcam,prolific,remote,39.195929,True,False,30.876173,False,1.015847,0.574797,0.11181,0.903133,28.277131
SYN-W-0082,True,webcam,prolific,remote,39.259086,True,False,37.637322,False,1.462148,0.295536,0.194008,0.854764,29.218642
SYN-W-0083,True,webcam,prolific,remote,58.048609,False,False,39.933929,False,1.25375,0.591951,0.044781,0.906316,32.650343
SYN-W-0084,True,webcam,prolific,remote,38.40399,False,False,32.238062,False,0.926992,0.56859,0.076213,0.863331,30.790555
SYN-W-0085,True,webcam,prolific,remote,44.72346,True,False,43.737144,True,1.170067,0.445522,0.105207,0.936214,29.396869
SYN-W-0086,True,webcam,prolific,remote,33.291131,True,False,30.394584,False,1.28473,0.670838,0.032628,0.98779,28.089491
SYN-W-0087,True,webcam,prolific,remote,48.670046,False,False,33.137646,False,0.76519,0.49532,0.106735,0.921519,29.150403
SYN-W-0088,True,webcam,prolific,remote,48.729297,False,False,30.486668,False,1.110182,0.402326,0.08429,0.863528,25.587515
SYN-W-0089,True,webcam,prolific,remote,40.716992,False,False,40.668941,False,1.363536,0.496072,0.0,1.0,26.147358
SYN-W-0090,True,webcam,prolific,remote,67.445155,True,False,28.795746,True,1.253253,0.578881,0.102437,0.984597,28.630126
SYN-W-0091,True,webcam,prolific,remote,33.5517,True,True,41.405771,False,1.78094,0.451761,0.087726,0.953416,33.509101
SYN-W-0092,True,webcam,prolific,remote,26.73269,False,False,39.467567,False,0.82652,0.667185,0.134656,0.916475,29.436249
SYN-W-0093,True,webcam,prolific,remote,49.421441,True,False,29.219478,False,1.127329,0.637045,0.016336,0.928599,31.909221
SYN-W-0094,True,webcam,prolific,remote,60.157697,False,False,29.200003,False,1.412667,0.538116,0.028991,0.952963,29.760426
SYN-W-0095,True,webcam,prolific,remote,37.525204,False,False,31.779671,False,1.758168,0.317495,0.029804,0.932844,28.963361
SYN-W-0096,True,webcam,prolific,remote,53.663556,False,False,33.142955,True,1.167945,0.645938,0.158873,0.916943,32.366018
SYN-W-0097,True,webcam,prolific,remote,19.702148,False,False,43.605491,False,0.792876,0.47399,0.0,0.964658,30.208086
SYN-W-0098,True,webcam,prolific,remote,33.991581,False,False,28.175468,False,1.249902,0.502946,0.109722,0.904387,26.633029
SYN-W-0099,True,webcam,prolific,remote,35.404867,False,False,22.497008,False,0.855899,0.666111,0.088783,0.944296,27.368168
SYN-W-0100,True,webcam,prolific,remote,20.097503,True,False,20.261399,False,1.766389,0.247642,0.061346,0.919944,31.955295
SYN-W-0101,True,webcam,prolific,remote,28.250809,False,False,20.0,False,1.054111,0.728583,0.107348,0.887705,31.862836
SYN-W-0102,True,webcam,prolific,remote,22.663636,False,False,37.519833,False,1.447857,0.629382,0.12889,0.91835,29.525776
SYN-W-0103,True,webcam,prolific,remote,48.658085,True,False,27.248348,False,1.254602,0.258986,0.064974,0.983656,33.425558
SYN-W-0104,True,webcam,prolific,remote,40.543564,False,False,33.641375,True,1.20008,0.686547,0.091107,0.974436,29.080138
SYN-W-0105,True,webcam,prolific,remote,41.069166,False,False,39.990523,False,1.459648,0.322651,0.000494,0.953018,28.657165
SYN-W-0106,True,webcam,prolific,remote,42.929668,False,False,46.784751,False,1.24196,0.527187,0.133467,0.950807,30.30055
SYN-W-0107,True,webcam,prolific,remote,34.212223,False,False,26.57501,False,0.985155,0.39606,0.110258,0.931938,29.246408
SYN-W-0108,True,webcam,prolific,remote,47.371597,True,False,32.550352,True,0.801898,0.922973,0.098411,0.94024,30.914722
SYN-W-0109,True,webcam,prolific,remote,41.382639,False,False,20.0,False,1.678667,0.454036,0.06639,0.890115,28.706361
SYN-W-0110,True,webcam,prolific,remote,33.147204,False,False,50.311132,False,0.932601,0.697524,0.018749,0.992953,32.720361
SYN-W-0111,True,webcam,prolific,remote,34.676924,False,True,37.639641,False,0.89242,0.38061,0.172098,0.930265,34.372318
SYN-W-0112,True,webcam,prolific,remote,18.0,True,False,30.818525,False,0.951253,0.492051,0.054675,0.973669,28.898305
SYN-W-0113,True,webcam,prolific,remote,43.185961,False,True,37.886861,False,0.5699,0.669854,0.0,0.9503,28.372695
SYN-W-0114,True,webcam,prolific,remote,45.815186,True,False,36.136759,False,1.349483,0.557314,0.03999,0.943614,30.188145
SYN-W-0115,True,webcam,prolific,remote,36.537639,True,False,37.522964,False,0.952948,0.4856,0.153994,0.927263,26.975122
SYN-W-0116,True,webcam,prolific,remote,61.440287,False,False,35.000537,False,1.41569,0.479537,0.138404,0.909349,31.760741
SYN-W-0117,True,webcam,prolific,remote,48.431244,False,False,29.5444,False,1.493192,0.727995,0.121966,0.942039,27.263841
SYN-W-0118,True,webcam,prolific,remote,48.731264,False,False,33.288117,False,1.510755,0.56231,0.130559,0.96752,29.604413
SYN-W-0119,True,webcam,prolific,remote,46.92066,False,False,29.20619,False,1.050444,0.704393,0.145762,0.935543,26.842668
SYN-W-0120,True,webcam,prolific,remote,29.727706,True,False,20.0,False,1.599728,0.357959,0.143614,0.946339,27.29178
SYN-W-0121,True,webcam,prolific,remote,25.690226,False,False,30.067742,False,0.295886,0.687255,0.0,0.983421,27.625338
SYN-W-0122,True,webcam,prolific,remote,47.618501,True,False,42.030205,True,1.623313,0.66669,0.147157,0.980523,26.858199
SYN-W-0123,True,webcam,prolific,remote,64.79667,False,False,30.567848,False,0.977585,0.669664,0.080771,0.950896,31.794089
SYN-W-0124,True,webcam,prolific,remote,18.0,False,False,38.108136,False,1.27112,0.230487,0.066991,0.951545,32.692492
SYN-W-0125,True,webcam,prolific,remote,44.677501,False,False,35.146205,False,0.846045,0.702805,0.067617,0.949657,26.699905
SYN-W-0126,True,webcam,prolific,remote,39.16213,False,False,45.942813,True,1.004053,0.51043,0.033868,0.896554,30.563278
SYN-W-0127,True,webcam,prolific,remote,37.994152,False,True,23.524703,False,1.013024,0.399852,0.104878,0.934693,27.995452
SYN-W-0128,True,webcam,prolific,remote,24.138678,False,False,36.268908,False,1.073805,0.188869,0.123321,0.953527,30.103069
SYN-W-0129,True,webcam,prolific,remote,32.631227,True,False,56.493986,False,1.162863,0.531448,0.068183,0.957846,28.156875
SYN-W-0130,True,webcam,prolific,remote,37.221484,False,False,31.343343,False,1.510824,0.510572,0.083914,0.94041,24.055051
SYN-W-0131,True,webcam,prolific,remote,40.824703,False,False,29.819473,False,1.507863,0.608451,0.097259,0.970418,29.286192
SYN-W-0132,True,webcam,prolific,remote,63.27063,False,False,32.377618,True,0.974107,0.482936,0.123635,0.949091,31.944449
SYN-W-0133,True,webcam,prolific,remote,63.367701,False,False,35.12049,False,1.3869,0.432618,0.034706,0.973253,36.525681
SYN-W-0134,True,webcam,prolific,remote,29.247736,False,False,31.741694,False,0.762177,0.272078,0.14374,0.943696,28.820732
SYN-W-0135,True,webcam,prolific,remote,62.232761,False,False,20.803403,False,1.058887,0.434193,0.076449,0.914691,28.880151
SYN-W-0136,True,webcam,prolific,remote,51.004419,False,False,43.754429,True,0.945972,0.336424,0.139707,0.924506,30.614932
SYN-W-0137,True,webcam,prolific,remote,41.705548,True,False,33.216347,False,1.122923,0.750577,0.192151,0.953538,31.618684
SYN-W-0138,True,webcam,prolific,remote,26.565442,True,False,37.142124,False,0.876253,0.341172,0.036635,0.958683,30.788588
SYN-W-0139,True,webcam,prolific,remote,39.668696,False,False,34.72351,False,0.940288,0.4915,0.102286,0.946649,28.540025
SYN-W-0140,True,webcam,prolific,remote,41.206518,True,False,36.164088,False,1.021822,0.417026,0.103742,0.94164,31.523557
SYN-W-0141,True,webcam,prolific,remote,49.019838,True,False,33.401486,False,0.709683,0.589639,0.048335,1.0,34.179589
SYN-W-0142,True,webcam,prolific,remote,34.132521,True,False,36.677837,False,0.787408,0.492916,0.151581,0.971451,23.887192
SYN-W-0143,True,webcam,prolific,remote,49.722808,False,False,25.885726,True,1.563175,0.419557,0.049527,0.934246,28.792276
SYN-W-0144,True,webcam,prolific,remote,29.865578,False,True,41.935534,False,1.334016,0.539045,0.12165,0.984517,29.864866
SYN-W-0145,True,webcam,prolific,remote,30.307746,True,False,34.160782,False,1.087928,0.542237,0.155074,0.970649,30.886727
SYN-W-0146,True,webcam,prolific,remote,40.067457,True,False,22.272314,False,1.30397,0.561802,0.054522,0.99825,30.59459
SYN-W-0147,True,webcam,prolific,remote,46.607107,True,False,34.216875,False,0.74659,0.496576,0.016353,0.965165,31.876861
SYN-W-0148,True,webcam,prolific,remote,45.888279,True,False,27.013294,False,0.845598,0.665023,0.20244,0.904881,32.348141
SYN-W-0149,True,webcam,prolific,remote,33.237198,True,False,20.0,False,1.285328,0.518359,0.123949,0.961977,25.916773
SYN-W-0150,True,webcam,prolific,remote,42.387638,False,True,39.858765,False,1.342416,0.389637,0.076492,0.981973,21.100971
SYN-W-0151,True,webcam,prolific,remote,59.990164,True,False,20.0,False,1.405003,0.270546,0.146619,0.925039,25.571666
SYN-W-0152,True,webcam,prolific,remote,38.987655,False,False,37.360779,False,1.10973,0.612042,0.056987,0.972278,31.324225
SYN-W-0153,True,webcam,prolific,remote,64.493798,False,False,29.556394,False,1.169222,0.493301,0.092598,0.910707,28.841648
SYN-W-0154,True,webcam,prolific,remote,57.744219,True,False,20.0,True,1.272449,0.800343,0.04171,0.921859,37.092065
SYN-W-0155,True,webcam,prolific,remote,61.723035,False,False,29.955015,False,0.963062,0.474028,0.130969,0.913311,32.111306
SYN-W-0156,True,webcam,prolific,remote,60.853088,False,False,36.676751,False,1.264167,0.480068,0.028952,0.905251,29.00927
SYN-W-0157,True,webcam,prolific,remote,36.435882,True,False,30.108962,False,1.578791,0.417553,0.132508,0.961911,31.98835
SYN-W-0158,True,webcam,prolific,remote,33.759696,False,True,33.155882,False,1.019528,0.299615,0.089701,0.965605,24.429641
SYN-W-0159,True,webcam,prolific,remote,43.769078,True,False,28.915576,False,1.174996,0.447048,0.019328,0.946663,30.189813
SYN-W-0160,True,webcam,prolific,remote,28.470169,True,False,30.794466,False,0.904968,0.451976,0.094239,0.901285,32.480837
SYN-W-0161,True,webcam,prolific,remote,27.110278,False,False,46.341824,True,1.721826,0.58868,0.103549,0.931836,36.336414
SYN-W-0162,True,webcam,prolific,remote,49.065525,False,False,31.463152,False,1.165359,0.218861,0.02488,0.971551,32.187786
SYN-W-0163,True,webcam,prolific,remote,48.862031,False,False,31.864796,False,1.20804,0.475619,0.041421,0.933154,29.573955
SYN-W-0164,True,webcam,prolific,remote,38.589421,False,False,31.119976,False,1.131548,0.565909,0.123013,0.955797,26.838954
SYN-W-0165,True,webcam,prolific,remote,43.528228,False,False,43.617912,False,1.529643,0.370444,0.028689,0.888963,27.442523
SYN-W-0166,True,webcam,prolific,remote,64.258958,True,False,37.617898,False,1.525206,0.732291,0.155797,0.933574,32.757794
SYN-W-0167,True,webcam,prolific,remote,35.155587,False,False,24.516395,False,1.198472,0.846715,0.089243,0.909344,29.560885
SYN-W-0168,True,webcam,prolific,remote,36.951212,False,False,36.029014,True,1.229284,0.49131,0.186036,0.948505,28.938171
SYN-W-0169,True,webcam,prolific,remote,34.278101,False,False,20.0,False,1.082635,0.48286,0.046372,0.956744,27.866852
SYN-W-0170,True,webcam,prolific,remote,42.548663,False,False,32.394909,False,1.758779,0.554266,0.078584,0.869336,31.240762
SYN-W-0171,True,webcam,prolific,remote,63.548501,False,False,33.251401,False,1.267801,0.716314,0.146804,0.902815,29.681135
SYN-W-0172,True,webcam,prolific,remote,53.172648,True,False,44.859785,False,1.640146,0.33901,0.088142,0.945598,28.340617
SYN-W-0173,True,webcam,prolific,remote,45.492862,True,False,32.759667,False,1.607152,0.367576,0.201699,0.919771,27.738193
SYN-W-0174,True,webcam,prolific,remote,59.607825,False,False,37.049199,False,1.197223,0.406783,0.023912,0.885331,27.395126
SYN-W-0175,True,webcam,prolific,remote,25.942367,False,False,40.408856,False,1.754179,0.65671,0.087059,0.940893,26.597953
SYN-W-0176,True,webcam,prolific,remote,48.934914,True,False,35.888084,False,0.808434,0.34521,0.087715,0.961867,32.995102
SYN-W-0177,True,webcam,prolific,remote,54.456894,False,True,30.19946,False,1.188449,0.405811,0.09501,0.947318,30.914719
SYN-W-0178,True,webcam,prolific,remote,31.74655,False,False,34.522156,False,1.01294,0.651999,0.0,0.929202,32.257085
SYN-W-0179,True,webcam,prolific,remote,31.914221,False,False,40.265491,False,1.30219,0.415495,0.04615,0.933281,25.601338
SYN-W-0180,True,webcam,prolific,remote,20.218976,False,True,24.864844,False,0.745087,0.612047,0.120653,0.891875,32.109274
SYN-W-0181,True,webcam,prolific,remote,52.174906,False,False,41.927716,False,0.738134,0.627631,0.0,0.87568,29.4812
SYN-W-0182,True,webcam,prolific,remote,52.714759,False,False,20.620688,False,0.934537,0.690201,0.002919,0.945129,28.476905
SYN-W-0183,True,webcam,prolific,remote,20.882094,False,False,39.93503,False,1.381238,0.475718,0.111637,0.870064,28.338303
SYN-W-0184,True,webcam,prolific,remote,56.583064,True,False,30.964676,False,1.166791,0.537128,0.078021,0.922555,31.187884
SYN-W-0185,True,webcam,prolific,remote,52.639047,False,False,26.351312,False,1.62537,0.604838,0.113834,0.952429,37.447574
SYN-W-0186,True,webcam,prolific,remote,61.491282,True,False,30.473342,False,1.157299,0.723916,0.112763,0.89774,28.781997
SYN-W-0187,True,webcam,prolific,remote,49.31847,True,False,20.0,True,1.455254,0.545085,0.123909,0.970363,29.151149
SYN-W-0188,True,webcam,prolific,remote,32.081714,False,False,34.551402,True,1.141868,0.617741,0.087076,0.899438,32.851316
SYN-W-0189,True,webcam,prolific,remote,36.36291,True,False,37.516563,False,0.993748,0.256225,0.116145,1.0,26.912044
SYN-W-0190,True,webcam,prolific,remote,47.92433,False,False,45.268913,False,1.10536,0.382164,0.036519,0.984121,29.808323
SYN-W-0191,True,webcam,prolific,remote,33.280579,False,False,42.137845,True,1.379548,0.806153,0.100897,0.906182,26.821858
SYN-W-0192,True,webcam,prolific,remote,46.460886,False,False,26.892504,False,0.941653,0.352227,0.050288,0.891144,33.78614
SYN-W-0193,True,webcam,prolific,remote,40.99968,False,False,38.627968,False,1.367949,0.481501,0.004402,0.907434,28.635847
SYN-W-0194,True,webcam,prolific,remote,49.824437,False,False,32.638273,False,0.765207,0.78949,0.031047,0.965947,27.636945
SYN-W-0195,True,webcam,prolific,remote,43.633734,False,True,26.491279,False,1.309681,0.468245,0.187036,0.93578,29.692889
SYN-W-0196,True,webcam,prolific,remote,45.580197,True,False,24.290963,False,1.366377,0.467115,0.139618,0.915246,33.352165
SYN-W-0197,True,webcam,prolific,remote,44.395859,False,False,40.979893,True,1.495363,0.325561,0.041676,0.870517,33.701612
SYN-W-0198,True,webcam,prolific,remote,76.924346,False,False,28.711901,True,1.450459,0.537234,0.113656,0.960366,27.286795
SYN-W-0199,True,webcam,prolific,remote,44.603351,True,False,32.394808,False,1.049345,0.505118,0.119871,0.953045,34.052106
SYN-W-0200,True,webcam,prolific,remote,48.870751,True,False,34.910269,False,0.915699,0.484126,0.046254,0.959455,27.925223
SYN-W-0201,True,webcam,prolific,remote,32.070311,False,False,27.637155,False,1.379793,0.741871,0.093432,0.960996,36.461049
SYN-W-0202,True,webcam,prolific,remote,47.979448,True,False,32.62048,False,1.335525,0.366626,0.058889,0.92062,31.652891
SYN-W-0203,True,webcam,prolific,remote,63.988609,False,False,23.369364,False,1.203339,0.413447,0.009288,0.96884,29.628883
SYN-W-0204,True,webcam,prolific,remote,18.0,False,True,28.51379,True,1.780251,0.608366,0.146123,0.951364,33.075099
SYN-W-0205,True,webcam,prolific,remote,23.861406,True,False,32.414889,False,1.41252,0.579459,0.188049,0.909107,28.392903
SYN-W-0206,True,webcam,prolific,remote,40.140571,False,False,29.614708,False,0.767996,0.793336,0.093829,0.962749,29.117155
SYN-W-0207,True,webcam,prolific,remote,29.03031,False,True,32.694911,False,1.220833,0.865776,0.194654,0.94814,29.698074
SYN-W-0208,True,webcam,prolific,remote,69.264618,False,False,28.648434,False,1.165606,0.393202,0.112346,0.956682,29.534684
SYN-W-0209,True,webcam,prolific,remote,18.0,False,False,42.548274,False,1.167148,0.615146,0.130429,0.898206,30.23328
SYN-W-0210,True,webcam,prolific,remote,38.846055,True,False,37.906412,True,1.355067,0.571435,0.071477,0.980918,32.914376
SYN-W-0211,True,webcam,prolific,remote,45.763436,True,True,27.287164,False,0.705373,0.474676,0.06423,0.88292,30.477431
SYN-W-0212,True,webcam,prolific,remote,44.952386,False,False,32.530663,False,1.250647,0.359842,0.023462,0.952458,29.449065
SYN-W-0213,True,webcam,prolific,remote,44.399536,False,False,39.793853,False,1.298324,0.462215,0.090842,0.920106,31.962535
SYN-W-0214,True,webcam,prolific,remote,29.940513,True,False,41.416503,False,1.109677,0.281199,0.086002,0.967172,32.293502
SYN-W-0215,True,webcam,prolific,remote,58.906603,False,False,31.541957,False,1.124327,0.342817,0.058554,0.97361,30.531816
SYN-W-0216,True,webcam,prolific,remote,49.692467,True,False,33.886431,True,1.047396,0.757764,0.13511,0.962171,26.508977
SYN-W-0217,True,webcam,prolific,remote,38.522516,True,False,32.459458,False,0.985417,0.755914,0.14085,0.972209,29.456993
SYN-W-0218,True,webcam,prolific,remote,32.496281,False,False,28.464036,False,1.106226,0.699845,0.152909,1.0,30.894982
SYN-W-0219,True,webcam,prolific,remote,44.811249,False,False,46.367289,False,1.504026,0.593453,0.166474,0.897912,27.949083
SYN-W-0220,True,webcam,prolific,remote,37.247847,True,False,38.208498,False,0.67312,0.541656,0.016221,0.914736,30.710737
SYN-W-0221,True,webcam,prolific,remote,36.048413,True,False,34.438782,False,1.293905,0.650846,0.144893,0.867432,30.397923
SYN-W-0222,True,webcam,prolific,remote,36.80655,True,False,28.55739,False,1.22696,0.77502,0.13532,0.936547,33.244522
SYN-W-0223,True,webcam,prolific,remote,21.47115,False,False,39.774168,False,1.412485,0.517432,0.076919,0.973186,28.110158
SYN-W-0224,True,webcam,prolific,remote,20.238297,True,False,36.122545,False,1.065897,0.437908,0.030555,0.950113,36.828575
SYN-W-0225,True,webcam,prolific,remote,38.559264,False,False,28.445136,False,1.372691,0.455829,0.131861,0.948754,33.466235
SYN-W-0226,True,webcam,prolific,remote,49.598897,True,False,33.883967,False,0.858952,0.356081,0.124786,0.896131,24.789232
SYN-W-0227,True,webcam,prolific,remote,34.60842,True,False,27.782926,False,1.099435,0.539023,0.017525,0.89935,27.348108
SYN-W-0228,True,webcam,prolific,remote,53.524309,True,False,28.513056,False,0.908246,0.422938,0.093129,0.958306,32.089264
SYN-W-0229,True,webcam,prolific,remote,27.673858,False,False,28.193909,True,1.232392,0.616268,0.074015,0.919227,28.392491
SYN-W-0230,True,webcam,prolific,remote,44.57643,False,False,42.862906,True,1.44401,0.477924,0.117745,0.953339,31.586867
SYN-W-0231,True,webcam,prolific,remote,67.351434,True,False,37.986305,False,1.038737,0.525212,0.032668,0.938805,29.845357
SYN-W-0232,True,webcam,prolific,remote,45.261227,True,False,28.863861,False,0.942223,0.490924,0.123653,0.971274,32.338099
SYN-W-0233,True,webcam,prolific,remote,80.0,False,False,30.327622,False,1.700068,0.460152,0.154627,0.885327,30.409851
SYN-W-0234,True,webcam,prolific,remote,33.487184,True,False,32.93731,False,1.201667,0.531706,0.124189,0.94071,27.863124
SYN-W-0235,True,webcam,prolific,remote,37.434101,False,False,27.370961,False,1.06718,0.633759,0.147066,0.9322,31.498185
SYN-W-0236,True,webcam,prolific,remote,43.873416,False,False,28.441535,False,1.26526,0.701067,0.0,0.970304,25.738548
SYN-W-0237,True,webcam,prolific,remote,59.482677,False,False,32.575539,False,0.861074,0.567801,0.05755,1.0,31.365341
SYN-W-0238,True,webcam,prolific,remote,20.336691,True,False,35.934953,False,1.288532,0.628284,0.046498,0.924749,26.072422
SYN-W-0239,True,webcam,prolific,remote,47.656474,False,False,35.413534,True,1.06712,0.627873,0.030614,0.914377,28.807294
SYN-W-0240,True,webcam,prolific,remote,69.017379,True,False,45.748412,False,1.500925,0.512351,0.073953,0.91903,31.489966
SYN-W-0241,True,webcam,prolific,remote,63.34553,True,False,38.093708,False,0.957603,0.594895,0.122984,0.91409,28.38815
SYN-W-0242,True,webcam,prolific,remote,28.163722,False,False,32.695919,True,0.776626,0.711747,0.048004,0.865816,25.776146
SYN-W-0243,True,webcam,prolific,remote,39.465512,False,False,26.78065,True,1.455459,0.511849,0.083566,0.931358,36.314859
SYN-W-0244,True,webcam,prolific,remote,41.804498,False,True,28.732222,True,1.453627,0.428597,0.102285,0.945967,27.411276
SYN-W-0245,True,webcam,prolific,remote,34.011122,False,False,36.756833,False,1.341124,0.316845,0.065202,0.919503,28.427375
SYN-W-0246,True,webcam,prolific,remote,25.712648,False,False,20.0,False,0.918052,0.489341,0.095585,0.940451,30.850228
SYN-W-0247,True,webcam,prolific,remote,26.823517,False,False,34.880386,False,1.942699,0.518222,0.213266,0.887149,26.784592
SYN-W-0248,True,webcam,prolific,remote,25.785971,False,False,44.026569,False,1.715,0.660561,0.162599,0.932291,31.456945
SYN-W-0249,True,webcam,prolific,remote,56.440582,False,False,40.767819,False,1.431431,0.2469,0.074036,0.929833,23.851414
SYN-W-0250,True,webcam,prolific,remote,44.951674,True,False,36.649743,False,1.004748,0.406412,0.118347,0.901851,31.361924
SYN-W-0251,True,webcam,prolific,remote,18.0,False,False,43.806396,False,1.144985,0.41586,0.102559,1.0,30.881862
SYN-W-0252,True,webcam,prolific,remote,61.40121,False,False,33.073593,False,1.350937,0.517709,0.025856,0.985332,28.407396
SYN-W-0253,True,webcam,prolific,remote,57.628721,False,True,29.981829,False,1.114827,0.454675,0.186282,0.965646,29.137958
SYN-W-0254,True,webcam,prolific,remote,37.082705,False,True,28.806707,False,1.017236,0.530762,0.141046,0.92988,34.825477
SYN-W-0255,True,webcam,prolific,remote,46.585871,True,False,42.906333,False,1.235666,0.586655,0.092029,0.892589,30.59977
SYN-W-0256,True,webcam,prolific,remote,18.0,True,False,60.742347,True,0.867896,0.636035,0.069645,0.953089,28.268324
SYN-W-0257,True,webcam,prolific,remote,72.945313,True,False,32.952474,False,0.942823,0.596524,0.129238,0.951288,31.733858
SYN-W-0258,True,webcam,prolific,remote,47.610765,False,False,25.146103,True,0.86703,0.993777,0.043177,0.922225,24.361611
SYN-W-0259,True,webcam,prolific,remote,22.038541,False,True,42.449809,False,1.103491,0.43438,0.122348,0.931613,32.024226
SYN-W-0260,True,webcam,prolific,remote,33.638559,False,False,35.146825,False,1.140829,0.337149,0.127284,0.983488,26.707055
SYN-W-0261,True,webcam,prolific,remote,50.558621,False,False,31.409623,False,1.922186,0.701183,0.063461,0.90612,31.430022
SYN-W-0262,True,webcam,prolific,remote,55.64996,False,False,38.755849,False,0.870203,0.5926,0.085579,0.865508,27.135679
SYN-W-0263,True,webcam,prolific,remote,37.517615,False,False,31.593375,False,1.216527,0.466687,0.077185,0.941206,27.625123
SYN-W-0264,True,webcam,prolific,remote,61.736583,False,False,22.933836,False,0.662798,0.575765,0.055865,0.975311,33.713191
SYN-W-0265,True,webcam,prolific,remote,27.229862,False,False,38.956095,False,1.214092,0.43058,0.143358,0.943601,26.86937
SYN-W-0266,True,webcam,prolific,remote,49.225666,False,True,37.86581,False,0.834019,0.652183,0.038873,0.914901,26.490087
SYN-W-0267,True,webcam,prolific,remote,28.59347,False,False,33.919429,False,0.832179,0.222454,0.094518,0.973934,31.648017
SYN-W-0268,True,webcam,prolific,remote,35.92085,False,False,47.385605,False,1.19152,0.505235,0.086542,0.957641,31.468276
SYN-W-0269,True,webcam,prolific,remote,31.540774,False,False,20.070504,True,1.258898,0.526889,0.139604,0.913121,30.14748
SYN-W-0270,True,webcam,prolific,remote,28.70484,False,False,33.023885,False,1.384524,0.392815,0.119851,0.878214,24.690467
SYN-W-0271,True,webcam,prolific,remote,54.542133,False,False,35.976419,False,0.871798,0.536288,0.044165,0.937359,28.594241
SYN-W-0272,True,webcam,prolific,remote,36.843708,False,False,23.2639,False,1.246213,0.452434,0.066934,1.0,28.094744
SYN-W-0273,True,webcam,prolific,remote,32.596519,True,False,39.263246,False,0.971698,0.188402,0.042319,0.948593,26.997038
SYN-W-0274,True,webcam,prolific,remote,50.368614,False,False,41.862746,False,1.007704,0.680781,0.142264,0.985116,34.982019
SYN-W-0275,True,webcam,prolific,remote,50.080773,True,False,29.798248,False,0.616446,0.473603,0.078203,0.940143,29.143172
SYN-W-0276,True,webcam,prolific,remote,59.343816,False,False,33.793219,False,1.462533,0.278715,0.073018,0.968782,27.674793
SYN-W-0277,True,webcam,prolific,remote,54.659418,False,False,21.135912,False,1.090323,0.673962,0.112736,0.957847,33.935837
SYN-W-0278,True,webcam,prolific,remote,48.469899,False,False,40.045164,True,0.554785,0.413504,0.081452,0.982661,30.156025
SYN-W-0279,True,webcam,prolific,remote,46.843704,True,False,33.004221,False,0.996675,0.516101,0.160909,0.953521,31.692312
SYN-W-0280,True,webcam,prolific,remote,18.0,True,False,34.548113,False,0.742306,0.814255,0.073007,0.978729,26.772075
SYN-W-0281,True,webcam,prolific,remote,38.533548,False,False,44.923113,False,0.800815,0.424335,0.116348,0.894811,31.055675
SYN-W-0282,True,webcam,prolific,remote,43.303781,False,False,29.855523,False,1.160168,0.217325,0.048555,0.909366,31.481322
SYN-W-0283,True,webcam,prolific,remote,36.214321,False,False,31.883802,False,1.118473,0.44861,0.043145,0.928696,33.296356
SYN-W-0284,True,webcam,prolific,remote,56.951074,False,False,34.252921,True,1.039421,0.50398,0.109057,0.964147,31.226448
SYN-W-0285,True,webcam,prolific,remote,44.311594,False,False,25.07307,False,0.695882,0.595323,0.111735,0.970736,30.023581
SYN-W-0286,True,webcam,prolific,remote,37.799011,False,False,35.425668,False,0.81921,0.363449,0.128852,0.895743,33.127423
SYN-W-0287,True,webcam,prolific,remote,34.928167,False,False,29.917282,False,0.716427,0.827706,0.10559,1.0,28.369167
SYN-W-0288,True,webcam,prolific,remote,49.04083,False,False,40.889848,False,1.445053,0.369169,0.048165,1.0,27.623612
SYN-W-0289,True,webcam,prolific,remote,34.503698,True,False,45.478511,True,0.981383,0.5411,0.0,0.957998,30.352491
SYN-W-0290,True,webcam,prolific,remote,45.375099,True,False,38.265576,False,1.426899,0.494537,0.065286,0.9046,31.400588
SYN-W-0291,True,webcam,prolific,remote,69.261835,True,True,35.660999,False,1.098679,0.54092,0.091215,0.991226,25.845314
SYN-W-0292,True,webcam,prolific,remote,31.137623,True,False,35.668765,True,1.19053,0.691976,0.098616,0.92449,30.108507
SYN-W-0293,True,webcam,prolific,remote,50.472361,True,False,36.181254,True,0.932162,0.323026,0.000876,0.976896,30.174069
SYN-W-0294,True,webcam,prolific,remote,68.784138,False,False,41.993669,False,1.328008,0.553678,0.078661,0.954097,30.535046
SYN-W-0295,True,webcam,prolific,remote,27.653305,True,False,34.080004,False,1.501255,0.579762,0.188456,0.930293,29.047638
SYN-W-0296,True,webcam,prolific,remote,52.090242,True,False,35.602858,False,1.583584,0.523996,0.141047,0.964138,31.905519
SYN-W-0297,True,webcam,prolific,remote,22.720924,False,False,34.740918,False,0.902459,0.567392,0.111082,0.933531,33.615919
SYN-W-0298,True,webcam,prolific,remote,62.239774,False,False,37.124076,False,1.270298,0.620354,0.113976,0.927611,26.856677
SYN-W-0299,True,webcam,prolific,remote,49.713704,True,False,36.76444,False,1.411256,0.514925,0.114821,0.927633,29.714969
SYN-W-0300,True,webcam,prolific,remote,65.428948,False,False,38.785136,False,1.472171,0.642235,0.101818,0.964893,30.949079
SYN-W-0301,True,webcam,prolific,remote,32.236456,False,False,43.588414,False,1.254072,0.663879,0.161936,0.954089,29.860913
SYN-W-0302,True,webcam,prolific,remote,27.119686,False,False,45.940857,False,1.824036,0.378547,0.071836,0.974118,34.693201
SYN-W-0303,True,webcam,prolific,remote,24.391391,True,False,40.107852,True,1.281711,0.502286,0.140522,0.974265,27.759365
SYN-W-0304,True,webcam,prolific,remote,42.615227,False,False,20.0,False,1.871525,0.346691,0.150371,0.995873,31.260929
SYN-W-0305,True,webcam,prolific,remote,19.424501,True,False,27.293848,True,1.731689,0.449562,0.133003,0.988642,28.166095
SYN-W-0306,True,webcam,prolific,remote,50.703557,False,False,36.75641,False,1.105186,0.541046,0.007015,0.96548,32.323111
SYN-W-0307,True,webcam,prolific,remote,53.174099,False,False,21.188898,False,0.490271,0.376815,0.089782,0.887199,29.095253
SYN-W-0308,True,webcam,prolific,remote,48.82518,True,False,30.849583,False,0.709707,0.391878,0.072688,0.966585,30.698881
SYN-W-0309,True,webcam,prolific,remote,66.003167,False,False,20.0,False,1.451321,0.694069,0.077059,0.930729,30.407448
SYN-W-0310,True,webcam,prolific,remote,47.379515,False,False,43.73237,False,1.335951,0.769862,0.128212,0.944375,25.630901
SYN-W-0311,True,webcam,prolific,remote,59.342801,False,False,30.493666,False,0.935937,0.361591,0.04888,0.963432,31.42993
SYN-W-0312,True,webcam,prolific,remote,33.217886,False,False,41.445729,False,1.298796,0.098575,0.0,0.929542,26.177524
SYN-W-0313,True,webcam,prolific,remote,47.185875,True,False,20.0,False,1.168963,0.686434,0.143196,1.0,29.236283
SYN-W-0314,True,webcam,prolific,remote,42.282944,True,False,38.293229,False,1.361677,0.471159,0.115576,0.900602,27.390324
SYN-W-0315,True,webcam,prolific,remote,43.890449,True,False,29.730798,False,0.961934,0.564597,0.058066,0.875995,29.698104
SYN-W-0316,True,webcam,prolific,remote,54.789484,False,False,30.700105,False,1.1273,0.777938,0.151359,0.966731,29.530131
SYN-W-0317,True,webcam,prolific,remote,46.006039,False,False,29.503874,False,1.545862,0.526897,0.033883,0.866841,27.450299
SYN-W-0318,True,webcam,prolific,remote,59.463615,True,False,33.620445,False,1.12416,0.824076,0.083993,0.928803,30.749323
SYN-W-0319,True,webcam,prolific,remote,70.493506,False,False,40.96568,False,1.305044,0.291924,0.048752,1.0,29.920553
SYN-W-0320,True,webcam,prolific,remote,39.184246,False,False,34.681527,False,0.783107,0.434311,0.087164,0.927529,31.656976
SYN-W-0321,True,webcam,prolific,remote,40.336377,False,False,22.729754,False,0.923468,0.309877,0.026601,0.901607,29.729418
SYN-W-0322,True,webcam,prolific,remote,33.559106,False,False,45.294938,False,0.828259,0.714658,0.169049,0.882135,29.476474
SYN-W-0323,True,webcam,prolific,remote,51.264535,False,False,30.940441,True,1.399859,0.455537,0.136269,0.873609,29.203245
SYN-W-0324,True,webcam,prolific,remote,53.858707,False,False,32.586788,True,1.820865,0.610769,0.174513,0.931796,25.531905
SYN-W-0325,True,webcam,prolific,remote,47.244824,False,False,36.578888,False,1.197685,0.349621,0.135567,0.952342,27.59111
SYN-W-0326,True,webcam,prolific,remote,47.551793,False,False,39.436434,False,1.307784,0.63547,0.038263,0.925657,31.837097
SYN-W-0327,True,webcam,prolific,remote,52.497824,True,False,35.986224,False,1.02122,0.382835,0.119629,0.953995,33.260556
SYN-W-0328,True,webcam,prolific,remote,42.384539,False,False,33.790939,False,1.149585,0.359179,0.075113,0.97091,27.322952
SYN-W-0329,True,webcam,prolific,remote,48.562622,True,False,40.974147,True,1.266653,0.228585,0.12909,0.893946,29.682148
SYN-W-0330,True,webcam,prolific,remote,23.689527,False,False,28.935134,False,0.915618,0.227181,0.0861,1.0,34.367
SYN-W-0331,True,webcam,prolific,remote,34.240412,False,False,31.634295,False,1.091166,0.397063,0.083455,0.94439,31.374087
SYN-W-0332,True,webcam,prolific,remote,51.67703,False,False,20.705717,True,1.265064,0.115865,0.101395,0.964731,30.89134
SYN-W-0333,True,webcam,prolific,remote,41.91586,True,False,32.577593,False,1.147146,0.350165,0.134413,0.95715,30.31705
SYN-W-0334,True,webcam,prolific,remote,31.780688,True,False,26.824902,False,0.976488,0.497469,0.15205,0.880619,32.397794
SYN-W-0335,True,webcam,prolific,remote,27.446434,True,False,46.619983,False,0.935441,0.31695,0.164843,0.923741,26.895554
SYN-W-0336,True,webcam,prolific,remote,53.051783,True,False,35.246504,False,0.826481,0.585285,0.150547,0.961132,31.72561
SYN-W-0337,True,webcam,prolific,remote,41.100299,False,False,27.136574,False,0.734793,0.462024,0.173002,0.933187,29.609122
SYN-W-0338,True,webcam,prolific,remote,44.37166,True,False,29.328923,True,0.808168,0.561084,0.105878,0.93611,29.489707
SYN-W-0339,True,webcam,prolific,remote,40.684128,False,False,26.039987,False,0.98168,0.296772,0.0,0.919158,29.284835
SYN-W-0340,True,webcam,prolific,remote,42.73157,False,False,41.131007,False,1.341562,0.382386,0.080705,0.996801,31.48117
SYN-W-0341,True,webcam,prolific,remote,52.836422,False,False,23.995499,False,0.819686,0.580375,0.066811,0.93592,31.408842
SYN-W-0342,True,webcam,prolific,remote,56.793724,True,False,30.45567,False,0.928704,0.625169,0.134758,0.941911,29.879963
SYN-W-0343,True,webcam,prolific,remote,55.87407,True,False,35.522026,False,0.873359,0.630552,0.100122,0.964644,32.895423
SYN-W-0344,True,webcam,prolific,remote,37.622657,False,False,25.438032,False,1.256363,0.428609,0.150915,0.875152,34.791692
SYN-W-0345,True,webcam,prolific,remote,22.253938,False,True,25.642206,False,1.012443,0.548469,0.091699,0.976633,29.246971
SYN-W-0346,True,webcam,prolific,remote,71.603473,True,False,34.067171,True,1.064339,0.557923,0.006424,0.958835,33.130852
SYN-W-0347,True,webcam,prolific,remote,44.458484,False,True,36.874627,False,1.419164,0.591754,0.135075,0.942691,31.071451
SYN-W-0348,True,webcam,prolific,remote,48.53902,True,False,35.967534,False,1.233088,0.413583,0.150035,0.93791,27.648581
SYN-W-0349,True,webcam,prolific,remote,54.835489,True,False,36.654887,False,0.489728,0.384234,0.033869,0.907879,31.13371
SYN-W-0350,True,webcam,prolific,remote,55.967653,False,False,40.875693,False,1.473706,0.596488,0.036288,0.974287,27.046209
SYN-W-0351,True,webcam,prolific,remote,28.426076,True,False,39.353231,False,1.218161,0.289763,0.091777,0.929739,31.854045
SYN-W-0352,True,webcam,prolific,remote,43.581432,False,False,35.848202,False,1.5,0.60919,0.139029,0.884182,33.110961
SYN-W-0353,True,webcam,prolific,remote,51.690718,True,False,35.042697,False,1.07639,0.642907,0.094584,0.920635,28.003944
SYN-W-0354,True,webcam,prolific,remote,32.85246,False,True,28.433789,False,0.335964,0.689846,0.136569,0.84026,34.022015
SYN-W-0355,True,webcam,prolific,remote,37.215173,False,False,32.435759,False,1.455263,0.386089,0.068563,0.971595,30.799183
SYN-W-0356,True,webcam,prolific,remote,22.560028,True,False,38.796692,False,0.753923,0.468045,0.0,0.974794,28.227844
SYN-W-0357,True,webcam,prolific,remote,59.298712,True,False,31.963956,False,0.972025,0.503737,0.066748,0.911504,29.005461
SYN-W-0358,True,webcam,prolific,remote,63.019791,True,False,26.063462,False,1.30096,0.394153,0.116494,0.896248,27.984324
SYN-W-0359,True,webcam,prolific,remote,59.785561,True,False,26.548517,False,0.963304,0.489298,0.086673,0.978668,30.999208
SYN-W-0360,True,webcam,prolific,remote,47.248936,True,True,20.0,False,1.223631,0.475229,0.06915,0.936091,27.263341
SYN-W-0361,True,webcam,prolific,remote,49.980549,True,False,26.960741,False,1.678652,0.442919,0.105023,0.951006,31.241662
SYN-W-0362,True,webcam,prolific,remote,43.812813,False,False,44.216162,True,1.595414,0.331446,0.0,0.927797,25.765996
SYN-W-0363,True,webcam,prolific,remote,43.835193,False,False,46.563702,False,0.82375,0.26969,0.160653,1.0,29.401884
SYN-W-0364,True,webcam,prolific,remote,37.681709,True,False,25.059742,False,0.991227,0.650296,0.149264,0.99028,27.96328
SYN-W-0365,True,webcam,prolific,remote,29.273786,False,False,34.711393,False,0.688615,0.477074,0.087408,0.927061,33.963719
SYN-W-0366,True,webcam,prolific,remote,24.452651,False,False,36.341483,False,0.728078,0.581804,0.132378,0.931985,30.497536
SYN-W-0367,True,webcam,prolific,remote,18.0,False,False,31.184309,True,0.882025,0.624418,0.038925,0.944868,33.948247
SYN-W-0368,True,webcam,prolific,remote,57.088608,False,False,32.583928,False,1.234001,0.604061,0.075654,0.947668,28.238213
SYN-W-0369,True,webcam,prolific,remote,32.456135,False,True,40.168649,False,1.278029,0.35925,0.054887,0.933628,30.783286
SYN-W-0370,True,webcam,prolific,remote,38.395144,True,False,35.122971,True,1.648797,0.549372,0.200922,0.996514,32.699244
SYN-W-0371,True,webcam,prolific,remote,28.781912,True,False,42.337172,True,0.996652,0.380494,0.041083,0.958528,28.435454
SYN-W-0372,True,webcam,prolific,remote,43.646069,True,False,29.650345,False,1.055308,0.44993,0.109563,0.903819,29.756173
SYN-W-0373,True,webcam,prolific,remote,47.705324,True,False,31.225918,False,1.285063,0.958015,0.127336,0.900771,30.476628
SYN-W-0374,True,webcam,prolific,remote,55.19254,True,False,46.502247,False,0.541295,0.612201,0.182885,0.921909,27.333585
SYN-W-0375,True,webcam,prolific,remote,39.7276,False,True,34.362675,False,1.872564,0.301077,0.073234,0.906453,28.076044
SYN-W-0376,True,webcam,prolific,remote,31.344266,False,False,24.334396,False,1.213846,0.565485,0.059577,0.927533,30.586197
SYN-W-0377,True,webcam,prolific,remote,37.124381,False,False,31.863705,False,1.483108,0.459904,0.092104,0.979388,29.944355
SYN-W-0378,True,webcam,prolific,remote,36.494071,False,False,23.04708,False,1.174712,0.603048,0.114642,0.914028,29.610726
SYN-W-0379,True,webcam,prolific,remote,30.640564,False,True,43.033491,False,0.54405,0.587806,0.173277,0.913387,30.869261
SYN-W-0380,True,webcam,prolific,remote,32.427363,True,False,38.328261,False,1.153599,0.412337,0.126182,0.979339,28.182959
SYN-W-0381,True,webcam,prolific,remote,61.83507,False,False,36.991416,False,0.820971,0.65107,0.121901,1.0,34.06414
SYN-W-0382,True,webcam,prolific,remote,55.796222,False,False,46.265517,False,1.073558,0.395704,0.093276,0.951396,28.920479
SYN-W-0383,True,webcam,prolific,remote,28.242918,False,False,22.687124,False,1.599527,0.547903,0.096592,0.911397,26.991409
SYN-W-0384,True,webcam,prolific,remote,35.861957,False,True,33.023891,False,1.454389,0.627318,0.143203,0.935573,34.264908
SYN-W-0385,True,webcam,prolific,remote,48.995964,True,False,34.106446,False,0.620938,0.456651,0.102212,0.932426,29.825455
SYN-W-0386,True,webcam,prolific,remote,46.109162,True,False,41.993975,False,0.990149,0.642411,0.109681,0.917218,29.948711
SYN-W-0387,True,webcam,prolific,remote,47.264186,False,False,34.815055,False,0.935994,0.45506,0.18085,0.879395,28.109314
SYN-W-0388,True,webcam,prolific,remote,45.575941,False,False,35.116657,False,0.55788,0.681679,0.138995,0.944179,29.202981
SYN-W-0389,True,webcam,prolific,remote,70.860945,False,True,36.041758,False,0.762065,0.609024,0.114566,0.930496,27.275573
SYN-W-0390,True,webcam,prolific,remote,38.195795,False,False,37.29987,False,1.041694,0.059817,0.127765,0.922068,34.122479
SYN-W-0391,True,webcam,prolific,remote,44.094903,False,False,32.195114,False,0.786144,0.524686,0.149,0.911897,27.77477
SYN-W-0392,True,webcam,prolific,remote,46.856393,True,False,30.581244,False,1.287725,0.459478,0.093069,0.903653,36.644231
SYN-W-0393,True,webcam,prolific,remote,50.633515,True,False,31.322819,False,1.574365,0.484182,0.165329,0.894799,29.758391
SYN-W-0394,True,webcam,prolific,remote,46.729553,False,False,27.132632,False,1.071877,0.470883,0.054176,0.902573,31.50037
SYN-W-0395,True,webcam,prolific,remote,28.318926,True,True,40.124028,False,1.31654,0.405408,0.202412,0.939264,30.45034
SYN-W-0396,True,webcam,prolific,remote,47.85759,False,False,38.843998,False,1.132487,0.548367,0.143493,1.0,33.170182
SYN-W-0397,True,webcam,prolific,remote,42.8312,False,False,43.673389,False,1.13652,0.51693,0.176906,0.96115,34.064525
SYN-W-0398,True,webcam,prolific,remote,54.697459,False,False,21.823453,False,1.327915,0.444286,0.118568,0.949927,27.96485
SYN-W-0399,True,webcam,prolific,remote,29.35685,False,False,41.758577,False,0.838213,0.678429,0.142594,0.962624,34.407178
SYN-W-0400,True,webcam,prolific,remote,46.011212,True,False,36.896893,False,1.260839,0.540192,0.164798,0.94214,32.154026
SYN-W-0401,True,webcam,prolific,remote,28.947517,False,True,28.70943,False,0.724181,0.450946,0.064211,0.880772,26.678517
SYN-W-0402,True,webcam,prolific,remote,66.098131,False,False,32.992743,False,1.370942,0.592448,0.17557,0.900694,33.330779
SYN-W-0403,True,webcam,prolific,remote,56.031059,False,False,27.345645,False,0.912939,0.978716,0.083115,0.960794,30.551897
SYN-W-0404,True,webcam,prolific,remote,57.234632,True,False,29.888319,False,1.070991,0.613322,0.078389,0.939621,28.737813
SYN-W-0405,True,webcam,prolific,remote,60.92207,False,False,37.989168,False,1.05653,0.479541,0.089227,0.96506,28.631216
SYN-W-0406,True,webcam,prolific,remote,53.11567,False,False,44.103201,False,1.311585,0.475612,0.038888,0.902552,29.073197
SYN-W-0407,True,webcam,prolific,remote,19.59053,False,False,40.000559,False,1.293456,0.384849,0.093217,0.937155,28.916001
SYN-W-0408,True,webcam,prolific,remote,21.895126,True,False,20.700873,True,1.245076,0.359744,0.011163,0.937666,31.264815
SYN-W-0409,True,webcam,prolific,remote,55.483566,False,False,24.082072,False,0.681071,0.36206,0.062211,0.893702,32.602408
SYN-W-0410,True,webcam,prolific,remote,42.613483,True,False,35.048812,True,1.310338,0.57172,0.139293,0.940094,27.061815
SYN-W-0411,True,webcam,prolific,remote,51.181633,False,False,36.785163,False,1.482216,0.381825,0.110857,0.849567,30.040818
SYN-W-0412,True,webcam,prolific,remote,51.957822,True,True,39.9118,True,1.517148,0.445836,0.047631,0.974091,32.872631
SYN-W-0413,True,webcam,prolific,remote,41.020582,False,False,46.031585,False,1.091538,0.414868,0.096182,0.913586,27.568887
SYN-W-0414,True,webcam,prolific,remote,48.85733,True,False,28.734133,False,1.003189,0.325965,0.040883,0.92522,30.638888
SYN-W-0415,True,webcam,prolific,remote,59.496951,False,False,25.796358,False,1.176781,0.636982,0.035217,0.920437,33.217652
SYN-W-0416,True,webcam,prolific,remote,41.969484,False,True,31.147886,False,1.049808,0.585975,0.075711,0.928415,36.460382
SYN-W-0417,True,webcam,prolific,remote,57.733469,False,False,34.888021,False,0.976182,0.485901,0.077203,0.991417,29.782574
SYN-W-0418,True,webcam,prolific,remote,29.740438,False,False,34.623176,False,0.999037,0.634001,0.016176,0.954175,31.893276
SYN-W-0419,True,webcam,prolific,remote,59.522583,False,False,27.763395,False,1.470062,0.724447,0.049121,0.945297,30.458086
SYN-W-0420,True,webcam,prolific,remote,46.914482,False,False,25.222833,False,0.824243,0.433423,0.090648,0.944036,29.293136
SYN-W-0421,True,webcam,prolific,remote,37.631267,True,False,36.834892,False,1.167111,0.424667,0.121441,0.967095,30.509044
SYN-W-0422,True,webcam,prolific,remote,40.992176,True,False,38.657814,True,1.15256,0.500282,0.053394,0.99086,26.39659
SYN-W-0423,True,webcam,prolific,remote,32.558071,False,False,40.637836,False,1.726598,0.639961,0.07719,0.953034,28.397064
SYN-W-0424,True,webcam,prolific,remote,47.200424,False,False,31.138852,False,0.453786,0.674699,0.053342,0.903663,23.572187
SYN-W-0425,True,webcam,prolific,remote,52.887446,True,False,22.264254,True,1.114433,0.266372,0.135914,0.987153,35.044484
SYN-W-0426,True,webcam,prolific,remote,46.869881,False,False,43.868409,False,1.080613,0.540175,0.133928,0.974046,29.551731
SYN-W-0427,True,webcam,prolific,remote,19.824645,True,False,33.704257,True,1.199051,0.704239,0.076272,0.936006,25.494811
SYN-W-0428,True,webcam,prolific,remote,46.755076,False,True,33.400625,False,1.336427,0.596107,0.080325,0.914849,24.269752
SYN-W-0429,True,webcam,prolific,remote,57.847303,False,False,23.445516,False,0.986175,0.544362,0.08683,0.984153,32.854484
SYN-W-0430,True,webcam,prolific,remote,50.052814,False,False,28.634793,False,1.214328,0.277449,0.130858,0.916857,33.126975
SYN-W-0431,True,webcam,prolific,remote,60.823906,False,False,48.772862,False,0.911813,0.272537,0.115422,0.964162,28.491925
SYN-W-0432,True,webcam,prolific,remote,18.0,False,False,50.244414,False,0.901741,0.537317,0.137374,0.936588,33.591251
SYN-W-0433,True,webcam,prolific,remote,41.619113,False,False,36.401684,True,1.239082,0.246757,0.034795,0.948085,28.660822
SYN-W-0434,True,webcam,prolific,remote,47.762736,False,False,32.863251,True,1.402981,0.535807,0.099146,0.944928,31.256851
SYN-W-0435,True,webcam,prolific,remote,40.122016,False,False,44.02779,True,0.650641,0.391911,0.115895,0.932849,31.20312
SYN-W-0436,True,webcam,prolific,remote,49.575291,True,False,47.369978,True,1.124169,0.416043,0.065488,0.943221,32.709243
SYN-W-0437,True,webcam,prolific,remote,29.936939,True,False,40.542097,False,1.056392,0.230972,0.150673,0.90547,26.518086
SYN-W-0438,True,webcam,prolific,remote,52.541086,True,False,23.646269,False,0.781881,0.288707,0.086617,0.91927,30.583643
SYN-W-0439,True,webcam,prolific,remote,18.0,True,False,24.409826,True,0.92857,0.686117,0.0,0.934026,28.810518
SYN-W-0440,True,webcam,prolific,remote,60.417341,False,False,34.587223,False,0.89871,0.509635,0.136477,0.915343,32.291339
SYN-W-0441,True,webcam,prolific,remote,41.16873,False,False,30.085407,True,1.538266,0.475778,0.081716,0.906615,31.500101
SYN-W-0442,True,webcam,prolific,remote,62.037343,False,False,41.991219,False,1.257004,0.267999,0.116212,0.941037,30.723972
SYN-W-0443,True,webcam,prolific,remote,48.82424,False,False,33.606191,False,1.111523,0.497943,0.032113,0.946164,29.090486
SYN-W-0444,True,webcam,prolific,remote,53.485904,False,False,31.318581,False,1.821025,0.701897,0.024794,0.932794,25.910691
SYN-W-0445,True,webcam,prolific,remote,34.114529,True,False,30.075165,False,0.822152,0.524201,0.091102,0.978299,35.0376
SYN-W-0446,True,webcam,prolific,remote,46.252772,False,False,33.777453,True,1.435174,0.513734,0.099851,0.925374,27.35456
SYN-W-0447,True,webcam,prolific,remote,41.363644,True,False,28.43282,False,1.223448,0.208052,0.142452,0.925286,32.171647
SYN-W-0448,True,webcam,prolific,remote,49.681093,False,False,33.059591,False,1.55904,0.577127,0.169755,0.960187,31.966346
SYN-W-0449,True,webcam,prolific,remote,46.772349,False,False,31.570429,False,0.93634,0.548601,0.099848,0.925971,29.337508
SYN-W-0450,True,webcam,prolific,remote,60.434048,False,False,44.653981,False,1.419589,0.437655,0.05306,0.93834,27.944666
SYN-W-0451,True,webcam,prolific,remote,55.146103,False,False,30.370397,False,1.270173,0.349041,0.13249,0.93973,30.210141
SYN-W-0452,True,webcam,prolific,remote,43.751535,False,False,34.550309,False,1.379337,0.468976,0.224143,0.854585,26.242534
SYN-W-0453,True,webcam,prolific,remote,31.369762,True,False,34.894682,False,0.775475,0.468723,0.047629,0.951637,26.673394
SYN-W-0454,True,webcam,prolific,remote,46.857118,False,False,28.400691,False,1.03512,0.482151,0.05552,0.949833,30.049931
SYN-W-0455,True,webcam,prolific,remote,51.902304,False,False,32.843553,False,1.485969,0.520141,0.049774,1.0,30.542341
SYN-W-0456,True,webcam,prolific,remote,47.723299,False,False,46.390683,False,1.050372,0.659968,0.157381,0.967822,32.629971
SYN-W-0457,True,webcam,prolific,remote,48.42772,False,False,43.120689,False,0.672553,0.516215,0.015066,0.913057,33.97375
SYN-W-0458,True,webcam,prolific,remote,42.992105,False,False,40.468691,False,1.240832,0.765752,0.075123,0.961059,25.974928
SYN-W-0459,True,webcam,prolific,remote,68.109159,False,True,37.272923,False,1.467457,0.56349,0.0,0.956046,28.169857
SYN-W-0460,True,webcam,prolific,remote,49.518928,True,False,28.275236,False,0.938637,0.62729,0.074193,0.957078,28.219021
SYN-W-0461,True,webcam,prolific,remote,44.870529,False,False,33.144758,False,1.304616,0.392655,0.116617,0.98136,29.518643
SYN-W-0462,True,webcam,prolific,remote,22.59691,False,False,31.667466,False,1.414207,0.398799,0.121824,0.907314,28.982763
SYN-W-0463,True,webcam,prolific,remote,47.123054,True,False,32.667146,False,0.998186,0.339046,0.178931,0.944372,26.463879
SYN-W-0464,True,webcam,prolific,remote,36.828727,False,False,33.242386,False,0.94873,0.561671,0.173294,0.958241,26.246118
SYN-W-0465,True,webcam,prolific,remote,44.412929,False,False,30.491279,True,1.373943,0.691135,0.093229,0.950639,28.677416
SYN-W-0466,True,webcam,prolific,remote,42.500418,True,False,36.009856,False,1.221064,0.615024,0.166052,0.88869,30.924942
SYN-W-0467,True,webcam,prolific,remote,53.330719,False,False,29.49376,False,1.25268,0.599615,0.091319,0.917358,29.502543
SYN-W-0468,True,webcam,prolific,remote,18.0,False,False,37.923042,False,1.215882,0.281984,0.18128,0.967095,29.44517
SYN-W-0469,True,webcam,prolific,remote,40.299688,True,False,33.693199,False,0.93849,0.685944,0.027622,0.953192,32.54941
SYN-W-0470,True,webcam,prolific,remote,74.804935,True,False,44.84346,False,1.53295,0.361773,0.101705,0.927519,24.244864
SYN-W-0471,True,webcam,prolific,remote,33.819855,True,False,34.089556,False,1.505724,0.59203,0.043471,0.991375,32.491739
SYN-W-0472,True,webcam,prolific,remote,54.370992,True,False,23.548951,True,1.083273,0.551162,0.055262,0.939349,26.252077
SYN-W-0473,True,webcam,prolific,remote,42.686241,False,False,31.560963,False,1.247143,0.477422,0.089687,0.975556,30.771821
SYN-W-0474,True,webcam,prolific,remote,54.334165,False,False,33.006492,False,0.5999,0.78966,0.132859,0.917512,32.365851
SYN-W-0475,True,webcam,prolific,remote,48.568642,True,False,32.874529,False,1.347892,0.451817,0.09169,0.966673,29.469237
SYN-W-0476,True,webcam,prolific,remote,61.751437,False,False,36.839028,False,0.957298,0.445736,0.022628,0.928985,28.04991
SYN-W-0477,True,webcam,prolific,remote,43.933153,False,False,28.848415,False,1.047763,0.732485,0.096438,0.964279,30.211731
SYN-W-0478,True,webcam,prolific,remote,54.547516,False,False,47.346382,False,0.533288,0.466668,0.19941,0.853325,28.843505
SYN-W-0479,True,webcam,prolific,remote,35.926893,False,False,34.791503,False,0.731209,0.316007,0.057295,0.964273,34.764563
SYN-W-0480,True,webcam,prolific,remote,50.557983,True,False,35.602619,False,0.573865,0.30169,0.079933,0.973236,34.398174
SYN-W-0481,True,webcam,prolific,remote,48.876161,False,False,30.215122,False,0.931562,0.490193,0.0934,0.941104,29.53362
SYN-W-0482,True,webcam,prolific,remote,37.785323,True,False,21.798102,False,1.117764,0.371052,0.079588,0.948625,30.852818
SYN-W-0483,True,webcam,prolific,remote,21.583561,False,False,31.952866,True,1.034755,0.642398,0.121418,0.983079,31.502146
SYN-W-0484,True,webcam,prolific,remote,40.366063,True,True,32.638321,False,0.98631,0.362914,0.108815,0.895054,32.627999
SYN-W-0485,True,webcam,prolific,remote,65.345723,False,False,36.884354,False,1.014492,0.360163,0.078346,0.968786,28.131138
SYN-W-0486,True,webcam,prolific,remote,50.46555,True,False,25.848082,False,1.620477,0.602055,0.112695,0.963603,30.864803
SYN-W-0487,True,webcam,prolific,remote,30.612609,True,False,45.170644,False,1.105001,0.47195,0.089527,0.873335,32.307003
SYN-W-0488,True,webcam,prolific,remote,35.756496,False,True,38.632053,False,1.082769,0.650483,0.051661,0.974394,32.199877
SYN-W-0489,True,webcam,prolific,remote,38.941284,True,False,40.10042,False,1.424405,0.579975,0.041826,0.906459,28.138467
SYN-W-0490,True,webcam,prolific,remote,18.0,False,True,33.428629,False,0.818374,0.654129,0.01757,0.899164,29.842196
SYN-W-0491,True,webcam,prolific,remote,34.216674,False,False,34.913524,False,1.329388,0.635948,0.174859,0.990656,27.096812
SYN-W-0492,True,webcam,prolific,remote,44.091564,False,False,39.111062,False,1.220057,0.392594,0.063912,0.952345,33.606643
SYN-W-0493,True,webcam,prolific,remote,24.905306,False,False,28.903092,False,1.285496,0.423961,0.165178,0.925126,25.128627
SYN-W-0494,True,webcam,prolific,remote,50.073894,False,False,42.903611,False,0.818869,0.414975,0.064573,0.925384,30.516246
SYN-W-0495,True,webcam,prolific,remote,33.855086,False,False,26.943665,False,1.277555,0.634472,0.08934,0.924691,24.509303
SYN-W-0496,True,webcam,prolific,remote,35.800373,False,False,35.244903,False,1.096616,0.330268,0.093668,0.888865,31.743127
SYN-W-0497,True,webcam,prolific,remote,61.907081,False,False,34.481307,False,0.928544,0.655588,0.031789,0.970438,28.715337
SYN-W-0498,True,webcam,prolific,remote,28.35044,True,False,38.744585,False,1.241172,0.462702,0.095583,0.941921,29.421829
SYN-W-0499,True,webcam,prolific,remote,34.644573,True,False,22.373145,False,0.898213,0.489662,0.044119,0.930345,31.61452
SYN-W-0500,True,webcam,prolific,remote,60.402056,True,False,31.441411,False,0.739908,0.554081,0.1516,0.936952,33.33919
SYN-P-0001,True,professional,mayo_mock_cohort,lab,61.803995,False,False,53.021518,False,0.763166,0.344615,0.058312,0.989059,123.975328
SYN-P-0002,True,professional,mayo_mock_cohort,lab,58.797573,True,False,52.216614,False,0.756395,0.244668,0.013389,0.953229,119.298867
SYN-P-0003,True,professional,mayo_mock_cohort,lab,41.007041,False,False,53.740345,False,0.623318,0.389081,0.019663,0.96763,121.427778
SYN-P-0004,True,professional,mayo_mock_cohort,lab,36.281028,False,False,57.047043,False,0.676962,0.272559,0.102202,0.977112,114.657822
SYN-P-0005,True,professional,mayo_mock_cohort,lab,54.475252,False,False,55.265173,False,0.977014,0.287865,0.002884,0.992916,126.084381
SYN-P-0006,True,professional,mayo_mock_cohort,lab,25.988321,True,False,54.670791,False,0.957233,0.370319,0.025335,0.982152,117.489134
SYN-P-0007,True,professional,mayo_mock_cohort,lab,53.952138,False,False,49.429019,False,0.659891,0.289594,0.052744,0.98797,118.833002
SYN-P-0008,True,professional,mayo_mock_cohort,lab,44.822741,False,False,50.896133,False,0.598634,0.20133,0.01963,0.950132,114.917388
SYN-P-0009,True,professional,mayo_mock_cohort,lab,29.893665,False,False,51.070932,False,0.700439,0.376226,0.039993,0.976856,118.850097
SYN-P-0010,True,professional,mayo_mock_cohort,lab,37.889125,False,False,51.701573,False,0.455798,0.327362,0.056162,0.988553,120.064661
SYN-P-0011,True,professional,mayo_mock_cohort,lab,28.226017,False,False,53.312351,False,0.562199,0.195772,0.043064,0.992375,122.033062
SYN-P-0012,True,professional,mayo_mock_cohort,lab,39.640694,False,False,48.328345,False,0.774919,0.282098,0.027949,1.0,118.11761
SYN-P-0013,True,professional,mayo_mock_cohort,lab,18.0,False,False,48.399737,False,0.368197,0.229979,0.023775,0.959706,114.954102
SYN-P-0014,True,professional,mayo_mock_cohort,lab,59.501585,True,False,52.994931,False,0.618089,0.158429,0.038609,0.964599,110.051748
SYN-P-0015,True,professional,mayo_mock_cohort,lab,57.147232,False,False,47.998992,False,0.35412,0.272966,0.078681,1.0,124.877526
SYN-P-0016,True,professional,mayo_mock_cohort,lab,31.019448,False,False,52.182807,False,0.689776,0.082423,0.037361,1.0,119.622189
SYN-P-0017,True,professional,mayo_mock_cohort,lab,47.542407,False,False,52.93125,False,0.520979,0.211121,0.030184,0.971115,118.499914
SYN-P-0018,True,professional,mayo_mock_cohort,lab,44.897513,True,False,47.064173,False,0.464922,0.175852,0.048759,0.94838,123.445508
SYN-P-0019,True,professional,mayo_mock_cohort,lab,48.9263,False,False,50.833099,False,0.456602,0.253048,0.037249,0.965869,117.551262
SYN-P-0020,True,professional,mayo_mock_cohort,lab,25.533325,True,False,51.473659,False,0.520664,0.285919,0.038468,1.0,120.625041
SYN-P-0021,True,professional,mayo_mock_cohort,lab,34.378956,True,False,54.74805,False,0.689275,0.266532,0.068583,0.976107,115.772459
SYN-P-0022,True,professional,mayo_mock_cohort,lab,41.742858,False,False,52.979714,False,0.632196,0.305585,0.025605,0.986264,127.569977
SYN-P-0023,True,professional,mayo_mock_cohort,lab,43.300596,False,False,48.811515,False,0.854388,0.305907,0.040271,0.992791,119.105044
SYN-P-0024,True,professional,mayo_mock_cohort,lab,26.850765,True,False,50.509335,False,0.591046,0.271395,0.053359,0.973139,121.386189
SYN-P-0025,True,professional,mayo_mock_cohort,lab,49.643534,False,False,46.913623,False,0.308749,0.156336,0.07001,0.982464,119.471099
SYN-P-0026,True,professional,mayo_mock_cohort,lab,56.513766,False,False,51.84068,False,0.606855,0.200074,0.038411,0.985282,121.265444
SYN-P-0027,True,professional,mayo_mock_cohort,lab,42.229952,True,False,48.803639,False,0.348066,0.220729,0.040318,0.983725,118.18966
SYN-P-0028,True,professional,mayo_mock_cohort,lab,53.321815,True,False,52.388058,False,0.834923,0.247344,0.051432,0.96779,123.431611
SYN-P-0029,True,professional,mayo_mock_cohort,lab,66.553515,False,False,53.081557,False,0.414627,0.217848,0.03606,0.99905,121.841538
SYN-P-0030,True,professional,mayo_mock_cohort,lab,65.999512,False,False,49.71736,False,0.349557,0.234848,0.03576,0.97301,117.528454
SYN-P-0031,True,professional,mayo_mock_cohort,lab,30.600974,True,True,53.102634,False,0.655227,0.397894,0.053232,0.966472,121.930203
SYN-P-0032,True,professional,mayo_mock_cohort,lab,51.720644,True,False,51.520692,False,0.750192,0.185927,0.013238,0.986388,122.338948
SYN-P-0033,True,professional,mayo_mock_cohort,lab,54.009937,True,False,53.90532,False,1.067725,0.372121,0.053799,0.988545,125.028523
SYN-P-0034,True,professional,mayo_mock_cohort,lab,29.501544,True,True,52.950284,False,0.919483,0.315356,0.057794,0.972828,114.24106
SYN-P-0035,True,professional,mayo_mock_cohort,lab,61.419928,True,False,53.2729,False,0.679972,0.289814,0.043628,0.961374,122.183555
SYN-P-0036,True,professional,mayo_mock_cohort,lab,18.0,False,False,48.773163,False,0.757078,0.279548,0.055562,0.98006,117.593653
SYN-P-0037,True,professional,mayo_mock_cohort,lab,54.253334,True,False,51.342328,False,0.519841,0.317804,0.024597,1.0,121.962635
SYN-P-0038,True,professional,mayo_mock_cohort,lab,25.061105,True,False,47.223392,False,0.678224,0.324506,0.02653,0.9661,119.904886
SYN-P-0039,True,professional,mayo_mock_cohort,lab,35.218975,True,True,48.079686,False,0.77936,0.318171,0.029662,0.992632,116.701603
SYN-P-0040,True,professional,mayo_mock_cohort,lab,28.093327,False,False,52.728402,False,0.456403,0.283287,0.0,0.983636,118.654783
SYN-P-0041,True,professional,mayo_mock_cohort,lab,63.932108,True,False,57.686443,False,0.664871,0.230046,0.038963,0.959668,122.188152
SYN-P-0042,True,professional,mayo_mock_cohort,lab,50.49476,True,False,52.806799,False,0.553846,0.24747,0.055375,0.997175,127.1865
SYN-P-0043,True,professional,mayo_mock_cohort,lab,55.239274,True,False,52.012239,False,0.338096,0.21227,0.032315,0.973003,122.100341
SYN-P-0044,True,professional,mayo_mock_cohort,lab,43.654636,False,False,52.162696,False,0.753533,0.238298,0.053504,0.972798,122.306374
SYN-P-0045,True,professional,mayo_mock_cohort,lab,31.142262,False,False,53.762041,False,0.814445,0.184312,0.043571,0.97214,116.405071
SYN-P-0046,True,professional,mayo_mock_cohort,lab,63.047056,False,False,51.438234,False,0.358254,0.318181,0.074411,0.976862,118.144414
SYN-P-0047,True,professional,mayo_mock_cohort,lab,49.779325,False,False,50.548961,True,0.921344,0.196934,0.01488,0.995653,121.870761
SYN-P-0048,True,professional,mayo_mock_cohort,lab,53.341144,True,False,53.810002,False,0.645535,0.280559,0.024211,0.956483,118.782228
SYN-P-0049,True,professional,mayo_mock_cohort,lab,40.645796,False,False,53.215086,False,0.560975,0.254783,0.051099,0.983387,128.016864
SYN-P-0050,True,professional,mayo_mock_cohort,lab,39.424762,True,False,55.342754,False,0.60056,0.19163,0.029801,0.975101,122.25313
SYN-P-0051,True,professional,mayo_mock_cohort,lab,53.211358,True,False,54.262498,False,0.472881,0.290622,0.013097,0.960795,119.124294
SYN-P-0052,True,professional,mayo_mock_cohort,lab,70.087152,False,False,52.911162,True,0.633056,0.248424,0.039162,0.971522,116.365049
SYN-P-0053,True,professional,mayo_mock_cohort,lab,53.763634,False,False,50.058767,False,0.587033,0.32996,0.029257,0.976625,119.212509
SYN-P-0054,True,professional,mayo_mock_cohort,lab,46.301696,False,False,51.220382,False,0.718994,0.42272,0.02596,0.990539,113.916731
SYN-P-0055,True,professional,mayo_mock_cohort,lab,52.113747,False,False,53.466178,False,0.50895,0.220151,0.031472,0.966524,114.961842
SYN-P-0056,True,professional,mayo_mock_cohort,lab,40.001258,False,False,51.279423,False,0.652566,0.270511,0.031052,0.979795,121.104454
SYN-P-0057,True,professional,mayo_mock_cohort,lab,45.708501,True,False,49.424029,False,0.784648,0.099179,0.043681,0.966377,119.456808
SYN-P-0058,True,professional,mayo_mock_cohort,lab,18.0,False,False,52.503515,False,0.668896,0.302351,0.0497,0.994826,117.467735
SYN-P-0059,True,professional,mayo_mock_cohort,lab,36.590073,False,True,50.967858,True,0.771867,0.274426,0.024927,0.964234,114.82993
SYN-P-0060,True,professional,mayo_mock_cohort,lab,40.89921,False,False,48.061878,False,0.309529,0.05,0.040448,0.991961,115.482249
SYN-P-0061,True,professional,mayo_mock_cohort,lab,30.223092,True,False,51.481541,False,0.433237,0.25231,0.06485,0.960261,123.717964
SYN-P-0062,True,professional,mayo_mock_cohort,lab,71.111248,False,False,49.677335,False,0.817554,0.271584,0.028823,0.96245,124.643512
SYN-P-0063,True,professional,mayo_mock_cohort,lab,32.815009,False,False,51.756638,False,0.718698,0.188309,0.066446,0.99069,127.091619
SYN-P-0064,True,professional,mayo_mock_cohort,lab,64.483891,False,False,54.857454,False,0.523428,0.21798,0.026103,0.982105,123.469048
SYN-P-0065,True,professional,mayo_mock_cohort,lab,42.326201,False,False,49.81914,False,0.59882,0.205749,0.047888,0.966748,115.735593
SYN-P-0066,True,professional,mayo_mock_cohort,lab,48.676581,True,False,54.142592,False,0.515065,0.241392,0.064379,0.994154,122.584272
SYN-P-0067,True,professional,mayo_mock_cohort,lab,25.877585,False,False,50.471126,False,0.439356,0.174616,0.056663,1.0,115.169038
SYN-P-0068,True,professional,mayo_mock_cohort,lab,49.745051,False,False,54.010398,False,0.71102,0.287128,0.040992,0.957187,119.711655
SYN-P-0069,True,professional,mayo_mock_cohort,lab,40.903665,False,False,55.47534,False,0.571057,0.254722,0.057741,0.965151,122.790113
SYN-P-0070,True,professional,mayo_mock_cohort,lab,39.323877,False,False,55.798837,False,0.332728,0.321877,0.038351,0.976516,119.286495
SYN-P-0071,True,professional,mayo_mock_cohort,lab,36.691143,True,False,53.614187,False,0.305097,0.392826,0.018687,0.997887,120.495735
SYN-P-0072,True,professional,mayo_mock_cohort,lab,18.0,False,False,48.78976,False,0.744365,0.347342,0.031383,0.988904,120.415628
SYN-P-0073,True,professional,mayo_mock_cohort,lab,29.28287,False,False,50.877569,False,0.554861,0.325519,0.040906,0.976246,119.098604
SYN-P-0074,True,professional,mayo_mock_cohort,lab,72.852025,False,False,48.933792,False,0.671756,0.147597,0.045461,0.999115,117.81855
SYN-P-0075,True,professional,mayo_mock_cohort,lab,55.739103,False,False,50.880739,False,0.407903,0.325447,0.010956,0.995541,108.519774
SYN-P-0076,True,professional,mayo_mock_cohort,lab,49.304959,True,False,50.129342,False,0.718537,0.251405,0.038277,0.983558,123.598748
SYN-P-0077,True,professional,mayo_mock_cohort,lab,38.052356,False,False,55.933094,False,0.672018,0.274558,0.034428,0.999271,116.041578
SYN-P-0078,True,professional,mayo_mock_cohort,lab,49.336425,True,False,53.365445,False,0.533087,0.262068,0.060594,0.964762,118.982841
SYN-P-0079,True,professional,mayo_mock_cohort,lab,49.036065,False,False,55.864208,False,0.519662,0.259364,0.057145,0.987594,123.68538
SYN-P-0080,True,professional,mayo_mock_cohort,lab,53.339325,False,True,54.956288,False,0.720055,0.257996,0.071409,0.971591,121.880532
SYN-P-0081,True,professional,mayo_mock_cohort,lab,46.499825,False,False,50.80156,False,0.938928,0.416931,0.016689,0.991238,123.123718
SYN-P-0082,True,professional,mayo_mock_cohort,lab,31.13277,False,False,51.547593,False,0.800272,0.246793,0.050971,0.959176,116.077852
SYN-P-0083,True,professional,mayo_mock_cohort,lab,39.76238,True,True,51.473965,False,0.816981,0.232215,0.07173,0.963749,118.31386
SYN-P-0084,True,professional,mayo_mock_cohort,lab,37.531571,False,False,54.704325,False,0.535562,0.368189,0.087271,0.983076,127.534832
SYN-P-0085,True,professional,mayo_mock_cohort,lab,59.789911,False,False,52.256862,False,0.625577,0.330719,0.061006,0.997379,114.75494
SYN-P-0086,True,professional,mayo_mock_cohort,lab,39.466387,True,False,51.462469,False,0.682233,0.229086,0.044714,0.977365,119.153259
SYN-P-0087,True,professional,mayo_mock_cohort,lab,38.816005,True,False,50.678639,False,0.472087,0.153572,0.054691,0.973372,119.858772
SYN-P-0088,True,professional,mayo_mock_cohort,lab,43.966775,True,False,51.060237,False,0.752323,0.294982,0.036477,0.989951,121.192793
SYN-P-0089,True,professional,mayo_mock_cohort,lab,37.047457,False,False,51.412366,False,0.607224,0.2049,0.067842,0.990367,126.942729
SYN-P-0090,True,professional,mayo_mock_cohort,lab,48.452875,True,False,47.205669,True,0.423828,0.275773,0.043103,0.969453,120.467026
SYN-P-0091,True,professional,mayo_mock_cohort,lab,64.535164,False,False,48.912925,False,0.464193,0.279646,0.057303,0.978815,116.546435
SYN-P-0092,True,professional,mayo_mock_cohort,lab,34.604979,False,False,51.106086,True,0.849519,0.333554,0.012132,0.988774,116.754051
SYN-P-0093,True,professional,mayo_mock_cohort,lab,58.850548,True,False,52.471476,False,0.566898,0.322999,0.015862,0.972368,120.737479
SYN-P-0094,True,professional,mayo_mock_cohort,lab,37.077515,True,False,53.559335,False,0.757274,0.190307,0.035498,0.979594,124.060533
SYN-P-0095,True,professional,mayo_mock_cohort,lab,43.75713,False,False,48.142774,False,0.50218,0.433612,0.052814,0.983463,124.021809
SYN-P-0096,True,professional,mayo_mock_cohort,lab,48.288917,False,False,49.020473,False,0.700514,0.411253,0.025956,0.965794,111.831914
SYN-P-0097,True,professional,mayo_mock_cohort,lab,25.713663,False,True,53.722361,False,0.587131,0.342911,0.015049,0.976575,112.470244
SYN-P-0098,True,professional,mayo_mock_cohort,lab,28.805647,True,False,49.469868,False,0.627637,0.287119,0.046141,1.0,121.670464
SYN-P-0099,True,professional,mayo_mock_cohort,lab,44.162209,False,False,47.730864,False,0.349902,0.110896,0.067445,0.975221,120.325948
SYN-P-0100,True,professional,mayo_mock_cohort,lab,28.942427,True,False,53.228679,False,0.315966,0.393319,0.008404,0.977901,126.401936
SYN-P-0101,True,professional,mayo_mock_cohort,lab,45.32028,True,False,57.033122,False,0.792711,0.269171,0.058222,0.957747,125.102831
SYN-P-0102,True,professional,mayo_mock_cohort,lab,78.864274,False,False,53.523714,False,0.735204,0.44119,0.039323,0.965536,124.673435
SYN-P-0103,True,professional,mayo_mock_cohort,lab,37.324303,False,True,54.001977,False,0.500931,0.389533,0.096573,0.986529,115.68353
SYN-P-0104,True,professional,mayo_mock_cohort,lab,58.850492,True,False,53.898151,False,0.523662,0.406278,0.044648,1.0,119.318696
SYN-P-0105,True,professional,mayo_mock_cohort,lab,19.477019,True,True,47.967915,False,0.640105,0.187752,0.022545,0.949955,115.726339
SYN-P-0106,True,professional,mayo_mock_cohort,lab,60.316991,False,True,52.23139,False,0.618798,0.320139,0.040255,0.963754,115.303614
SYN-P-0107,True,professional,mayo_mock_cohort,lab,44.359505,False,False,50.021991,True,0.380549,0.356263,0.057467,1.0,122.415016
SYN-P-0108,True,professional,mayo_mock_cohort,lab,70.807708,False,True,50.822736,False,0.379479,0.213784,0.059158,0.99309,120.501235
SYN-P-0109,True,professional,mayo_mock_cohort,lab,27.655619,True,False,55.075278,False,0.711476,0.363825,0.035661,0.94752,117.569602
SYN-P-0110,True,professional,mayo_mock_cohort,lab,37.530655,False,False,51.333547,False,0.576182,0.127609,0.032589,0.968937,122.144934
SYN-P-0111,True,professional,mayo_mock_cohort,lab,64.692265,False,False,47.984603,False,0.704078,0.087471,0.042823,0.978538,118.066915
SYN-P-0112,True,professional,mayo_mock_cohort,lab,57.337752,True,False,54.767468,False,0.741361,0.160458,0.049247,0.980178,118.005603
SYN-P-0113,True,professional,mayo_mock_cohort,lab,36.093083,False,True,55.54643,False,0.781957,0.324351,0.052229,0.963641,120.070963
SYN-P-0114,True,professional,mayo_mock_cohort,lab,64.820045,True,False,53.632312,False,0.497504,0.226555,0.026844,0.97239,116.252289
SYN-P-0115,True,professional,mayo_mock_cohort,lab,30.909671,True,False,49.46905,False,0.651269,0.099512,0.032516,0.977967,118.830082
SYN-P-0116,True,professional,mayo_mock_cohort,lab,77.171572,True,False,52.601847,False,0.543848,0.292005,0.025263,0.959154,121.188552
SYN-P-0117,True,professional,mayo_mock_cohort,lab,53.498644,False,False,50.446151,False,0.767288,0.237054,0.043165,0.972751,122.036864
SYN-P-0118,True,professional,mayo_mock_cohort,lab,48.209838,False,False,52.763903,False,0.569347,0.366516,0.074612,0.977955,116.717145
SYN-P-0119,True,professional,mayo_mock_cohort,lab,33.252748,False,False,52.303132,False,0.686666,0.327132,0.028639,0.994753,125.030949
SYN-P-0120,True,professional,mayo_mock_cohort,lab,51.43862,True,False,52.366649,False,0.622839,0.127665,0.040619,0.935538,115.720357
SYN-P-0121,True,professional,mayo_mock_cohort,lab,63.344314,False,False,52.629121,False,0.833976,0.31093,0.049097,0.952303,121.233416
SYN-P-0122,True,professional,mayo_mock_cohort,lab,47.654629,False,False,47.504925,False,0.592538,0.099258,0.042499,0.97524,119.063468
SYN-P-0123,True,professional,mayo_mock_cohort,lab,59.244361,False,True,50.283529,False,0.39822,0.129107,0.083853,0.986138,117.434472
SYN-P-0124,True,professional,mayo_mock_cohort,lab,58.671869,False,False,53.936069,False,0.455476,0.19268,0.042163,0.99284,117.287751
SYN-P-0125,True,professional,mayo_mock_cohort,lab,39.659511,False,False,53.571186,False,0.754478,0.263585,0.04446,0.977012,116.911997
SYN-P-0126,True,professional,mayo_mock_cohort,lab,74.130039,True,False,55.360396,False,0.229156,0.351816,0.04908,0.98671,120.716138
SYN-P-0127,True,professional,mayo_mock_cohort,lab,35.444554,False,False,55.282387,False,0.902202,0.053909,0.042682,0.977874,114.445168
SYN-P-0128,True,professional,mayo_mock_cohort,lab,54.088019,False,False,50.240524,False,0.812187,0.150984,0.057294,0.947807,117.874204
SYN-P-0129,True,professional,mayo_mock_cohort,lab,43.26723,False,False,50.758698,False,0.461543,0.148624,0.032294,0.973503,117.327166
SYN-P-0130,True,professional,mayo_mock_cohort,lab,53.422219,False,False,52.848786,False,0.700899,0.173981,0.077708,0.973157,117.813565
SYN-P-0131,True,professional,mayo_mock_cohort,lab,56.395508,True,False,50.727639,False,0.866307,0.362795,0.070837,0.981162,116.870111
SYN-P-0132,True,professional,mayo_mock_cohort,lab,31.730536,False,False,48.850034,False,0.656642,0.26385,0.066605,0.96571,122.588407
SYN-P-0133,True,professional,mayo_mock_cohort,lab,32.947848,True,False,44.475751,False,0.639913,0.094219,0.026991,0.980533,120.619497
SYN-P-0134,True,professional,mayo_mock_cohort,lab,46.161557,False,False,50.219269,False,0.577055,0.376298,0.0,0.969765,127.240196
SYN-P-0135,True,professional,mayo_mock_cohort,lab,33.076547,False,False,49.745662,False,0.676645,0.185948,0.04074,0.987284,116.026571
SYN-P-0136,True,professional,mayo_mock_cohort,lab,54.537885,False,False,56.628809,False,0.782369,0.265648,0.03343,0.965896,119.485103
SYN-P-0137,True,professional,mayo_mock_cohort,lab,38.41261,False,True,51.445758,False,0.58347,0.256003,0.049949,0.981095,115.053258
SYN-P-0138,True,professional,mayo_mock_cohort,lab,61.886574,True,False,56.044167,False,0.398768,0.397055,0.06768,0.988631,124.207066
SYN-P-0139,True,professional,mayo_mock_cohort,lab,76.231892,False,False,55.94587,False,0.589051,0.354737,0.063001,0.964269,119.0745
SYN-P-0140,True,professional,mayo_mock_cohort,lab,45.972365,False,False,52.829569,False,0.493246,0.34345,0.054393,0.985666,119.880988
SYN-P-0141,True,professional,mayo_mock_cohort,lab,68.278047,False,False,55.240715,False,0.472684,0.277753,0.056751,0.968868,119.452421
SYN-P-0142,True,professional,mayo_mock_cohort,lab,43.957158,True,False,48.568087,False,0.647122,0.251791,0.048144,0.994089,113.968932
SYN-P-0143,True,professional,mayo_mock_cohort,lab,18.0,False,False,52.468351,False,0.514096,0.295394,0.048866,0.95662,120.904239
SYN-P-0144,True,professional,mayo_mock_cohort,lab,41.401568,False,False,49.413524,False,0.609612,0.153826,0.060147,0.969793,120.354716
SYN-P-0145,True,professional,mayo_mock_cohort,lab,48.689461,False,False,50.365541,False,0.424301,0.330668,0.023164,0.975197,122.680838
SYN-P-0146,True,professional,mayo_mock_cohort,lab,31.853889,False,False,53.463351,False,0.340033,0.286831,0.038675,0.971136,126.455408
SYN-P-0147,True,professional,mayo_mock_cohort,lab,60.458496,False,True,53.020879,False,0.902043,0.412982,0.04602,0.985319,123.240699
SYN-P-0148,True,professional,mayo_mock_cohort,lab,23.663583,False,False,45.703846,False,0.475021,0.22393,0.028007,0.95851,114.760201
SYN-P-0149,True,professional,mayo_mock_cohort,lab,52.884993,False,False,54.00061,False,0.56045,0.261111,0.02158,0.952046,119.625287
SYN-P-0150,True,professional,mayo_mock_cohort,lab,69.567177,True,False,48.503723,False,1.135124,0.133099,0.016657,0.983486,121.31
SYN-P-0151,True,professional,mayo_mock_cohort,lab,30.184983,True,False,55.041111,False,0.504266,0.164033,0.038333,0.973419,122.645417
SYN-P-0152,True,professional,mayo_mock_cohort,lab,40.277527,False,False,51.00503,False,0.57882,0.203529,0.054014,1.0,120.379128
SYN-P-0153,True,professional,mayo_mock_cohort,lab,55.96956,True,False,50.358981,False,0.711881,0.348903,0.040941,0.971492,121.791545
SYN-P-0154,True,professional,mayo_mock_cohort,lab,25.427318,True,False,52.793151,False,0.424323,0.252342,0.033515,0.985199,123.14196
SYN-P-0155,True,professional,mayo_mock_cohort,lab,38.761109,True,False,55.698246,False,0.847146,0.324822,0.019951,0.981276,125.520885
SYN-P-0156,True,professional,mayo_mock_cohort,lab,32.802649,False,False,51.624553,False,0.509741,0.187556,0.021579,0.965829,122.766722
SYN-P-0157,True,professional,mayo_mock_cohort,lab,58.481071,True,False,52.912334,False,0.851562,0.344957,0.011066,0.974298,125.245115
SYN-P-0158,True,professional,mayo_mock_cohort,lab,46.889801,False,False,50.266846,False,0.559348,0.330282,0.070408,0.979245,114.551594
SYN-P-0159,True,professional,mayo_mock_cohort,lab,60.366185,False,False,54.080434,False,1.042239,0.310552,0.049178,0.984807,118.949488
SYN-P-0160,True,professional,mayo_mock_cohort,lab,44.281112,False,False,49.892694,False,0.36258,0.075996,0.056075,0.979492,121.390654
SYN-P-0161,True,professional,mayo_mock_cohort,lab,29.103559,True,False,47.902611,False,0.36627,0.136816,0.053948,0.983411,117.233705
SYN-P-0162,True,professional,mayo_mock_cohort,lab,58.250216,False,True,50.238002,False,0.571729,0.261838,0.051136,0.987576,119.337318
SYN-P-0163,True,professional,mayo_mock_cohort,lab,38.088852,True,False,52.36494,False,0.48223,0.261803,0.057039,0.954019,122.779697
SYN-P-0164,True,professional,mayo_mock_cohort,lab,52.653538,True,True,55.699773,False,0.619095,0.396949,0.069777,0.980245,122.176208
SYN-P-0165,True,professional,mayo_mock_cohort,lab,53.603305,True,False,53.621047,False,0.650946,0.397797,0.00463,0.983078,120.356004
SYN-P-0166,True,professional,mayo_mock_cohort,lab,50.339991,True,False,53.650741,False,0.716977,0.232697,0.028804,0.995502,113.022787
SYN-P-0167,True,professional,mayo_mock_cohort,lab,51.837886,False,False,49.363648,False,0.392509,0.29902,0.024887,0.978976,119.967337
SYN-P-0168,True,professional,mayo_mock_cohort,lab,52.350119,False,False,53.142304,True,0.710243,0.255009,0.028297,0.988568,121.016502
SYN-P-0169,True,professional,mayo_mock_cohort,lab,75.67139,False,False,51.556904,False,0.715291,0.292872,0.033535,0.983695,122.931172
SYN-P-0170,True,professional,mayo_mock_cohort,lab,60.277473,True,True,53.270748,False,0.910691,0.369346,0.043747,0.988239,110.611974
SYN-P-0171,True,professional,mayo_mock_cohort,lab,18.0,True,False,54.716853,False,0.505251,0.257526,0.00381,0.96436,119.046894
SYN-P-0172,True,professional,mayo_mock_cohort,lab,42.295273,False,False,52.769399,False,0.593696,0.334888,0.026102,0.9744,116.986198
SYN-P-0173,True,professional,mayo_mock_cohort,lab,45.739474,True,False,53.814698,False,0.665188,0.191131,0.029323,0.988141,116.036554
SYN-P-0174,True,professional,mayo_mock_cohort,lab,65.596069,True,False,51.766618,True,0.285742,0.087751,0.0,0.952054,117.236546
SYN-P-0175,True,professional,mayo_mock_cohort,lab,45.236222,False,False,48.184285,False,0.7567,0.294939,0.012778,0.982019,118.213458
SYN-P-0176,True,professional,mayo_mock_cohort,lab,52.468178,False,False,49.650783,False,0.530698,0.218047,0.033347,0.982289,121.958369
SYN-P-0177,True,professional,mayo_mock_cohort,lab,37.666795,False,True,58.077244,False,0.803467,0.305127,0.04758,1.0,123.899739
SYN-P-0178,True,professional,mayo_mock_cohort,lab,47.734126,False,False,55.604307,False,0.605278,0.283035,0.050101,0.966539,116.712231
SYN-P-0179,True,professional,mayo_mock_cohort,lab,23.454574,False,False,54.172004,False,0.511391,0.28848,0.054028,0.964552,119.033772
SYN-P-0180,True,professional,mayo_mock_cohort,lab,57.48124,False,False,50.208727,False,0.804187,0.23348,0.056094,0.995816,122.39858
SYN-P-0181,True,professional,mayo_mock_cohort,lab,40.158184,True,False,49.239002,False,0.818311,0.298901,0.054247,0.978316,117.590401
SYN-P-0182,True,professional,mayo_mock_cohort,lab,69.9074,False,False,51.220473,False,0.485418,0.280875,0.015674,0.985318,120.772337
SYN-P-0183,True,professional,mayo_mock_cohort,lab,41.241891,False,True,49.234612,False,0.628502,0.340447,0.043746,0.987992,126.045205
SYN-P-0184,True,professional,mayo_mock_cohort,lab,57.186356,False,False,52.402118,False,0.682256,0.193227,0.060583,0.981243,118.665877
SYN-P-0185,True,professional,mayo_mock_cohort,lab,37.629113,False,False,49.016581,False,0.712769,0.154215,0.042175,0.958653,115.444621
SYN-P-0186,True,professional,mayo_mock_cohort,lab,50.362524,False,False,49.529258,False,0.747967,0.300801,0.084134,0.959316,113.334548
SYN-P-0187,True,professional,mayo_mock_cohort,lab,37.081296,True,False,49.460763,False,0.852082,0.245067,0.023099,1.0,113.390083
SYN-P-0188,True,professional,mayo_mock_cohort,lab,41.248077,True,False,51.935865,False,0.905682,0.23265,0.019074,0.96338,116.300791
SYN-P-0189,True,professional,mayo_mock_cohort,lab,38.190727,True,False,53.521992,False,0.710543,0.389832,0.042087,0.97647,127.617629
SYN-P-0190,True,professional,mayo_mock_cohort,lab,49.369462,True,False,51.976316,False,0.740905,0.233921,0.053401,0.990071,121.099627
SYN-P-0191,True,professional,mayo_mock_cohort,lab,25.484175,True,False,52.074365,False,0.832628,0.293928,0.057375,0.976702,128.433535
SYN-P-0192,True,professional,mayo_mock_cohort,lab,45.29111,True,False,54.937008,False,0.673047,0.255242,0.0,1.0,124.391534
SYN-P-0193,True,professional,mayo_mock_cohort,lab,39.052355,True,False,52.100846,False,0.689043,0.217705,0.008053,0.968871,125.14065
SYN-P-0194,True,professional,mayo_mock_cohort,lab,40.248797,False,True,49.314846,False,0.607422,0.22432,0.054135,0.989187,119.509964
SYN-P-0195,True,professional,mayo_mock_cohort,lab,45.001232,False,False,56.346397,False,0.863355,0.307352,0.05698,0.965027,118.152284
SYN-P-0196,True,professional,mayo_mock_cohort,lab,51.795045,True,True,55.424599,False,0.68016,0.321873,0.047557,0.969527,118.518624
SYN-P-0197,True,professional,mayo_mock_cohort,lab,33.828319,True,False,50.47142,False,0.587654,0.228892,0.018641,0.974553,119.973458
SYN-P-0198,True,professional,mayo_mock_cohort,lab,54.776299,False,False,52.035425,False,0.448141,0.306989,0.037917,0.967021,123.098402
SYN-P-0199,True,professional,mayo_mock_cohort,lab,37.268918,False,False,52.138465,False,0.773597,0.373441,0.02407,0.972572,117.145235
SYN-P-0200,True,professional,mayo_mock_cohort,lab,58.618348,True,False,50.747061,False,0.37697,0.119149,0.036132,0.979054,121.884838
SYN-P-0201,True,professional,mayo_mock_cohort,lab,57.287668,False,False,48.638544,False,0.578346,0.324942,0.073887,0.960761,122.302226
SYN-P-0202,True,professional,mayo_mock_cohort,lab,32.213026,False,False,48.838721,False,0.690608,0.196873,0.034265,0.981794,118.564854
SYN-P-0203,True,professional,mayo_mock_cohort,lab,39.584073,True,True,58.3398,False,0.626306,0.218666,0.038989,0.947574,119.507418
SYN-P-0204,True,professional,mayo_mock_cohort,lab,42.249119,True,False,53.273351,False,0.603967,0.218538,0.040452,0.979785,117.383402
SYN-P-0205,True,professional,mayo_mock_cohort,lab,64.668393,False,True,52.518802,False,0.375883,0.302252,0.051763,0.988768,122.074093
SYN-P-0206,True,professional,mayo_mock_cohort,lab,49.470783,True,True,51.431596,False,0.636467,0.33999,0.051301,0.9914,120.869157
SYN-P-0207,True,professional,mayo_mock_cohort,lab,46.241826,True,False,51.540354,False,0.864287,0.262802,0.047055,0.97695,121.154634
SYN-P-0208,True,professional,mayo_mock_cohort,lab,39.005481,False,False,51.66633,False,0.364666,0.235705,0.028967,0.954576,116.02419
SYN-P-0209,True,professional,mayo_mock_cohort,lab,76.013869,False,False,50.695361,False,0.783829,0.134051,0.024593,0.971312,117.148689
SYN-P-0210,True,professional,mayo_mock_cohort,lab,41.12304,False,False,50.443326,False,0.76402,0.093535,0.052622,0.98586,124.30564
SYN-P-0211,True,professional,mayo_mock_cohort,lab,52.078864,False,False,47.334507,False,1.034046,0.282721,0.061985,0.983214,125.858219
SYN-P-0212,True,professional,mayo_mock_cohort,lab,45.752072,True,False,51.551924,False,0.467978,0.213262,0.024545,0.981266,127.631755
SYN-P-0213,True,professional,mayo_mock_cohort,lab,23.083233,False,False,50.544296,False,0.611677,0.276311,0.0441,0.963246,121.159571
SYN-P-0214,True,professional,mayo_mock_cohort,lab,50.679194,True,False,50.729557,False,0.557782,0.238238,0.036647,0.997803,114.385519
SYN-P-0215,True,professional,mayo_mock_cohort,lab,39.77075,True,True,47.818632,False,0.584481,0.257353,0.039538,0.959603,121.963016
SYN-P-0216,True,professional,mayo_mock_cohort,lab,48.02693,False,True,53.259725,False,0.628397,0.297919,0.038734,0.96381,116.586737
SYN-P-0217,True,professional,mayo_mock_cohort,lab,62.309196,True,False,50.20979,False,0.57361,0.315656,0.068475,0.969518,114.851023
SYN-P-0218,True,professional,mayo_mock_cohort,lab,52.361163,True,True,51.032941,False,0.595884,0.25836,0.044755,0.96551,125.549194
SYN-P-0219,True,professional,mayo_mock_cohort,lab,57.956679,False,False,53.685813,False,0.672821,0.421081,0.062336,0.985369,120.009421
SYN-P-0220,True,professional,mayo_mock_cohort,lab,36.446101,False,False,51.614368,False,0.874251,0.332547,0.018167,0.981998,125.45116
SYN-P-0221,True,professional,mayo_mock_cohort,lab,57.984263,False,False,50.465722,False,0.616257,0.22323,0.047803,0.979602,115.147918
SYN-P-0222,True,professional,mayo_mock_cohort,lab,56.647903,False,False,50.514897,False,0.655258,0.242243,0.071902,0.990016,116.514757
SYN-P-0223,True,professional,mayo_mock_cohort,lab,71.03815,True,False,55.318327,False,0.614539,0.293154,0.078661,0.960919,119.409422
SYN-P-0224,True,professional,mayo_mock_cohort,lab,56.598246,True,False,56.518211,False,0.695831,0.169153,0.030452,0.974145,115.709408
SYN-P-0225,True,professional,mayo_mock_cohort,lab,26.977567,True,True,50.29834,True,0.858709,0.182341,0.054871,0.950709,121.371148
SYN-P-0226,True,professional,mayo_mock_cohort,lab,34.523132,True,False,52.586007,False,0.582779,0.394169,0.041326,0.958221,124.342811
SYN-P-0227,True,professional,mayo_mock_cohort,lab,39.165629,False,False,51.183647,False,0.518521,0.187661,0.068091,1.0,113.203966
SYN-P-0228,True,professional,mayo_mock_cohort,lab,41.383782,False,False,52.204386,False,0.727052,0.311062,0.021837,0.980252,122.383949
SYN-P-0229,True,professional,mayo_mock_cohort,lab,33.413021,False,False,51.44418,False,0.450198,0.170658,0.00061,0.973303,120.642699
SYN-P-0230,True,professional,mayo_mock_cohort,lab,55.814731,True,False,52.5946,False,0.696772,0.339697,0.051202,1.0,120.564285
SYN-P-0231,True,professional,mayo_mock_cohort,lab,33.132901,False,False,54.382698,False,0.610734,0.243642,0.034962,0.961592,119.797336
SYN-P-0232,True,professional,mayo_mock_cohort,lab,23.484358,False,False,52.993606,False,0.8793,0.39868,0.045823,0.989874,111.33379
SYN-P-0233,True,professional,mayo_mock_cohort,lab,47.075952,True,True,50.730599,False,0.685184,0.276605,0.013538,0.970414,118.733077
SYN-P-0234,True,professional,mayo_mock_cohort,lab,57.590858,True,False,51.2157,False,0.785324,0.217405,0.020866,0.975434,121.102351
SYN-P-0235,True,professional,mayo_mock_cohort,lab,43.407834,False,False,47.677623,False,0.777197,0.374491,0.030126,0.955005,122.267356
SYN-P-0236,True,professional,mayo_mock_cohort,lab,29.327236,True,True,55.333677,False,0.626456,0.224035,0.034814,0.968201,112.338339
SYN-P-0237,True,professional,mayo_mock_cohort,lab,27.857093,False,False,53.805107,False,0.499628,0.428047,0.02504,0.967822,122.06601
SYN-P-0238,True,professional,mayo_mock_cohort,lab,36.60298,True,False,51.657211,False,0.945144,0.390173,0.01667,0.97098,118.287489
SYN-P-0239,True,professional,mayo_mock_cohort,lab,59.656713,False,False,52.463408,False,0.506464,0.176887,0.05057,0.987617,119.504165
SYN-P-0240,True,professional,mayo_mock_cohort,lab,55.330531,False,False,53.576053,False,0.625489,0.224517,0.041666,0.958113,121.053264
SYN-P-0241,True,professional,mayo_mock_cohort,lab,45.018705,True,False,51.531948,False,0.482206,0.293486,0.051559,0.945028,122.525594
SYN-P-0242,True,professional,mayo_mock_cohort,lab,37.687166,False,False,46.793711,False,0.617883,0.423516,0.066761,0.974714,118.038199
SYN-P-0243,True,professional,mayo_mock_cohort,lab,42.179783,False,False,54.506501,False,0.713016,0.388827,0.032123,0.982335,117.638176
SYN-P-0244,True,professional,mayo_mock_cohort,lab,38.945069,False,False,50.376286,False,0.437216,0.214845,0.049574,0.974297,120.195721
SYN-P-0245,True,professional,mayo_mock_cohort,lab,31.846741,False,False,51.035753,False,0.731119,0.278138,0.006688,0.978319,115.725132
SYN-P-0246,True,professional,mayo_mock_cohort,lab,20.880303,True,True,48.255441,False,0.649818,0.400948,0.044043,1.0,118.699777
SYN-P-0247,True,professional,mayo_mock_cohort,lab,49.574256,True,False,53.095897,False,0.812948,0.217009,0.02244,0.966919,123.879051
SYN-P-0248,True,professional,mayo_mock_cohort,lab,65.628369,False,True,49.376745,False,0.773126,0.191354,0.055936,0.993484,115.530285
SYN-P-0249,True,professional,mayo_mock_cohort,lab,33.918508,True,False,54.992371,False,0.393494,0.289072,0.020961,0.965414,118.137318
SYN-P-0250,True,professional,mayo_mock_cohort,lab,31.964118,True,False,54.494444,False,0.608403,0.278604,0.031568,0.981091,125.407958
SYN-P-0251,True,professional,mayo_mock_cohort,lab,38.625892,False,False,52.618578,True,0.489917,0.167246,0.038492,0.975745,121.180701
SYN-P-0252,True,professional,mayo_mock_cohort,lab,42.378227,True,True,48.64293,False,0.916837,0.277228,0.017241,0.973343,121.670675
SYN-P-0253,True,professional,mayo_mock_cohort,lab,39.013596,False,False,51.099305,False,0.60738,0.187605,0.01097,0.984994,122.990115
SYN-P-0254,True,professional,mayo_mock_cohort,lab,60.913286,False,True,50.95988,False,0.680362,0.285881,0.054908,0.958895,122.6531
SYN-P-0255,True,professional,mayo_mock_cohort,lab,40.774883,False,False,56.847941,False,0.595206,0.264308,0.04131,0.962755,121.953709
SYN-P-0256,True,professional,mayo_mock_cohort,lab,57.035843,False,False,54.149439,False,0.436997,0.295519,0.062654,1.0,116.470457
SYN-P-0257,True,professional,mayo_mock_cohort,lab,20.02897,False,False,52.497867,False,0.685813,0.256095,0.042464,0.992438,117.618624
SYN-P-0258,True,professional,mayo_mock_cohort,lab,32.898994,True,False,51.860681,False,0.403676,0.265765,0.048077,0.98149,114.620431
SYN-P-0259,True,professional,mayo_mock_cohort,lab,27.412975,False,False,53.995066,False,0.622007,0.429255,0.026678,0.997411,120.100312
SYN-P-0260,True,professional,mayo_mock_cohort,lab,50.90622,False,False,46.834397,False,0.628638,0.411181,0.022009,1.0,112.815729
SYN-P-0261,True,professional,mayo_mock_cohort,lab,18.0,False,False,49.731605,False,0.743768,0.295852,0.047819,0.965282,111.712996
SYN-P-0262,True,professional,mayo_mock_cohort,lab,38.518896,True,False,52.977078,False,0.555698,0.133976,0.035532,0.960961,117.364597
SYN-P-0263,True,professional,mayo_mock_cohort,lab,43.483214,False,False,47.844628,False,0.648222,0.259683,0.054809,0.985087,116.076527
SYN-P-0264,True,professional,mayo_mock_cohort,lab,33.600749,True,False,47.055577,False,0.518564,0.222447,0.04,0.99104,121.08168
SYN-P-0265,True,professional,mayo_mock_cohort,lab,36.008988,True,True,53.278547,False,0.788525,0.328945,0.057982,0.964835,126.347022
SYN-P-0266,True,professional,mayo_mock_cohort,lab,29.958448,False,False,53.16977,False,0.633387,0.141875,0.02673,0.971991,124.247753
SYN-P-0267,True,professional,mayo_mock_cohort,lab,59.749672,False,False,45.954199,False,0.51968,0.340519,0.025781,0.961153,123.093239
SYN-P-0268,True,professional,mayo_mock_cohort,lab,54.100225,False,False,54.478479,False,0.431769,0.350297,0.02744,0.967879,123.107473
SYN-P-0269,True,professional,mayo_mock_cohort,lab,49.589252,False,False,52.468266,False,0.721831,0.340491,0.067962,0.972089,115.071866
SYN-P-0270,True,professional,mayo_mock_cohort,lab,42.840981,False,False,52.818636,False,0.78417,0.224867,0.029003,0.979632,120.728449
SYN-P-0271,True,professional,mayo_mock_cohort,lab,41.044224,False,True,54.662521,False,0.913613,0.211675,0.04611,0.981843,119.391043
SYN-P-0272,True,professional,mayo_mock_cohort,lab,56.865557,False,False,57.873892,False,0.806991,0.332876,0.057,0.968168,119.981893
SYN-P-0273,True,professional,mayo_mock_cohort,lab,47.24693,True,False,54.491601,False,0.578192,0.404296,0.071734,0.96772,115.922967
SYN-P-0274,True,professional,mayo_mock_cohort,lab,58.650594,False,False,46.478337,False,0.806605,0.066195,0.064334,0.968211,117.834502
SYN-P-0275,True,professional,mayo_mock_cohort,lab,56.371499,True,False,52.63363,False,0.860138,0.333285,0.045739,0.964141,118.254062
SYN-P-0276,True,professional,mayo_mock_cohort,lab,33.84098,True,False,54.629227,False,0.783713,0.330117,0.065779,0.986994,126.005292
SYN-P-0277,True,professional,mayo_mock_cohort,lab,43.383767,True,False,53.146907,False,0.669682,0.272597,0.023208,0.968917,124.758849
SYN-P-0278,True,professional,mayo_mock_cohort,lab,76.08597,False,False,51.040065,False,0.932287,0.209865,0.037323,0.98474,117.979382
SYN-P-0279,True,professional,mayo_mock_cohort,lab,67.069354,False,False,54.346144,False,0.827196,0.263634,0.058053,0.981431,114.912045
SYN-P-0280,True,professional,mayo_mock_cohort,lab,65.151861,False,False,54.910515,False,0.66426,0.183816,0.068881,0.988327,117.692873
SYN-P-0281,True,professional,mayo_mock_cohort,lab,50.913203,True,False,56.002514,True,0.552316,0.325676,0.049884,0.987479,126.136566
SYN-P-0282,True,professional,mayo_mock_cohort,lab,56.225018,False,False,52.524055,False,0.443087,0.188301,0.031724,0.975671,124.172508
SYN-P-0283,True,professional,mayo_mock_cohort,lab,24.877216,False,False,53.726483,False,0.900942,0.284824,0.051196,1.0,119.653185
SYN-P-0284,True,professional,mayo_mock_cohort,lab,26.209479,False,False,48.225065,False,0.776789,0.270209,0.037282,0.966455,115.023597
SYN-P-0285,True,professional,mayo_mock_cohort,lab,48.942974,False,True,46.860162,False,0.613244,0.17537,0.034394,0.989866,119.087661
SYN-P-0286,True,professional,mayo_mock_cohort,lab,66.410542,False,False,52.728577,False,0.807798,0.303079,0.059596,0.972554,124.723088
SYN-P-0287,True,professional,mayo_mock_cohort,lab,39.23256,False,True,54.761772,True,0.508056,0.233772,0.031664,0.992781,116.8954
SYN-P-0288,True,professional,mayo_mock_cohort,lab,57.279295,False,False,53.937588,False,0.738347,0.234497,0.047789,0.98496,118.246285
SYN-P-0289,True,professional,mayo_mock_cohort,lab,39.438746,True,False,50.70347,False,0.800327,0.193559,0.020264,0.978837,122.208991
SYN-P-0290,True,professional,mayo_mock_cohort,lab,56.082786,False,False,52.563532,False,0.753702,0.268741,0.037661,0.980475,114.467095
SYN-P-0291,True,professional,mayo_mock_cohort,lab,30.197258,True,True,48.853018,False,0.684612,0.344297,0.086962,0.978638,117.399238
SYN-P-0292,True,professional,mayo_mock_cohort,lab,52.993852,False,False,52.584931,False,0.384717,0.255546,0.018963,0.946451,119.035458
SYN-P-0293,True,professional,mayo_mock_cohort,lab,51.844331,False,False,52.899037,False,0.897638,0.332609,0.009867,0.998837,124.894598
SYN-P-0294,True,professional,mayo_mock_cohort,lab,47.69779,True,True,49.971917,False,0.748475,0.315428,0.028415,0.954198,121.42755
SYN-P-0295,True,professional,mayo_mock_cohort,lab,64.177981,False,False,52.892411,False,0.914763,0.294002,0.057108,0.942973,119.196951
SYN-P-0296,True,professional,mayo_mock_cohort,lab,43.519137,True,False,46.77656,False,0.641641,0.388995,0.018251,0.968704,117.741836
SYN-P-0297,True,professional,mayo_mock_cohort,lab,38.681964,True,False,52.760962,False,0.843881,0.21669,0.048748,0.969117,116.63834
SYN-P-0298,True,professional,mayo_mock_cohort,lab,18.0,False,False,52.901707,False,0.61603,0.202366,0.025761,0.958336,120.489785
SYN-P-0299,True,professional,mayo_mock_cohort,lab,57.314328,True,False,56.810701,False,0.396656,0.202443,0.019386,0.98725,120.373521
SYN-P-0300,True,professional,mayo_mock_cohort,lab,66.060943,True,False,48.648266,False,0.788565,0.256242,0.063908,1.0,118.639998
SYN-P-0301,True,professional,mayo_mock_cohort,lab,48.17438,True,False,53.814119,False,0.560545,0.282113,0.052645,0.989424,121.072615
SYN-P-0302,True,professional,mayo_mock_cohort,lab,44.542547,False,False,52.425013,False,0.70641,0.408474,0.06246,1.0,122.355779
SYN-P-0303,True,professional,mayo_mock_cohort,lab,55.301131,False,False,51.439286,False,0.769969,0.197684,0.067662,0.982744,120.204052
SYN-P-0304,True,professional,mayo_mock_cohort,lab,43.98525,True,False,51.082612,False,0.867581,0.161048,0.048628,0.986101,118.576273
SYN-P-0305,True,professional,mayo_mock_cohort,lab,42.415818,False,False,52.165784,False,0.536783,0.188175,0.017792,0.998376,117.46234
SYN-P-0306,True,professional,mayo_mock_cohort,lab,31.76097,False,False,50.498549,False,0.839369,0.305386,0.033637,0.981595,117.186077
SYN-P-0307,True,professional,mayo_mock_cohort,lab,69.951855,True,False,49.267573,False,0.496594,0.347082,0.014913,0.991319,119.169723
SYN-P-0308,True,professional,mayo_mock_cohort,lab,65.740171,False,False,52.279389,False,0.647457,0.382884,0.029789,0.940588,115.194372
SYN-P-0309,True,professional,mayo_mock_cohort,lab,66.524269,False,False,51.715931,False,0.645977,0.322164,0.02717,1.0,120.654672
SYN-P-0310,True,professional,mayo_mock_cohort,lab,38.785358,False,False,50.146673,False,0.561995,0.155174,0.0,1.0,125.601502
SYN-P-0311,True,professional,mayo_mock_cohort,lab,46.436255,False,False,52.987046,False,0.63754,0.404184,0.04275,0.967462,119.579038
SYN-P-0312,True,professional,mayo_mock_cohort,lab,53.425848,True,False,49.219679,True,0.56974,0.142231,0.020391,0.954697,118.714202
SYN-P-0313,True,professional,mayo_mock_cohort,lab,46.779124,False,False,50.174675,False,0.701843,0.224214,0.058131,0.986653,124.610531
SYN-P-0314,True,professional,mayo_mock_cohort,lab,44.581124,False,True,51.187008,False,0.590699,0.216345,0.036139,0.984131,119.578515
SYN-P-0315,True,professional,mayo_mock_cohort,lab,35.595568,True,False,51.034892,False,0.559763,0.331396,0.060991,0.993095,120.190994
SYN-P-0316,True,professional,mayo_mock_cohort,lab,47.71287,False,False,49.384582,False,0.512649,0.278964,0.08313,0.98913,119.958092
SYN-P-0317,True,professional,mayo_mock_cohort,lab,60.472938,False,False,52.826436,False,0.69061,0.449739,0.071206,0.974904,118.946933
SYN-P-0318,True,professional,mayo_mock_cohort,lab,32.747829,False,False,53.968659,False,0.66667,0.190807,0.056975,0.992187,117.6757
SYN-P-0319,True,professional,mayo_mock_cohort,lab,67.659161,False,False,45.189068,False,0.936578,0.360153,0.063439,0.962713,126.357103
SYN-P-0320,True,professional,mayo_mock_cohort,lab,20.379453,True,False,52.122837,False,0.914892,0.352394,0.051686,0.979785,124.635038
SYN-P-0321,True,professional,mayo_mock_cohort,lab,44.418603,False,False,48.667482,False,0.860851,0.261339,0.032696,0.944884,119.382044
SYN-P-0322,True,professional,mayo_mock_cohort,lab,52.135713,True,False,52.325122,False,0.639129,0.220069,0.031342,0.987739,122.971766
SYN-P-0323,True,professional,mayo_mock_cohort,lab,53.369246,True,False,54.405448,False,0.63853,0.324838,0.0,0.976841,120.241162
SYN-P-0324,True,professional,mayo_mock_cohort,lab,46.727045,True,False,47.500396,False,0.474439,0.24836,0.060103,0.95889,120.121248
SYN-P-0325,True,professional,mayo_mock_cohort,lab,44.092016,True,False,50.149805,False,0.290958,0.177638,0.03621,1.0,122.037426
SYN-P-0326,True,professional,mayo_mock_cohort,lab,39.045921,False,False,47.535841,False,0.383939,0.37347,0.067327,1.0,118.532534
SYN-P-0327,True,professional,mayo_mock_cohort,lab,59.777779,True,False,49.318198,False,0.545648,0.184282,0.03278,0.984982,121.028736
SYN-P-0328,True,professional,mayo_mock_cohort,lab,41.142262,True,False,50.255527,False,0.538825,0.337439,0.015961,0.958607,118.45337
SYN-P-0329,True,professional,mayo_mock_cohort,lab,35.150079,False,True,52.898157,False,0.794011,0.340861,0.0,0.992601,123.534125
SYN-P-0330,True,professional,mayo_mock_cohort,lab,49.624244,True,True,50.582957,False,0.863754,0.246374,0.023577,0.970754,121.10673
SYN-P-0331,True,professional,mayo_mock_cohort,lab,38.657041,True,False,52.301748,False,0.639452,0.290104,0.021841,0.98767,119.720769
SYN-P-0332,True,professional,mayo_mock_cohort,lab,52.963486,False,False,52.793363,False,0.622631,0.36912,0.064777,0.96451,122.893806
SYN-P-0333,True,professional,mayo_mock_cohort,lab,32.270126,False,True,50.7684,False,0.601882,0.298935,0.035043,0.957872,115.516295
SYN-P-0334,True,professional,mayo_mock_cohort,lab,31.98562,False,False,47.80456,False,0.519221,0.33025,0.027158,0.984706,118.971054
SYN-P-0335,True,professional,mayo_mock_cohort,lab,54.727339,False,False,50.913239,False,0.612199,0.347713,0.052578,0.972818,116.743648
SYN-P-0336,True,professional,mayo_mock_cohort,lab,64.109085,False,False,53.289183,False,0.753737,0.169834,0.049035,1.0,124.991318
SYN-P-0337,True,professional,mayo_mock_cohort,lab,65.80695,False,False,51.511573,False,0.628484,0.336723,0.022959,0.966073,121.206859
SYN-P-0338,True,professional,mayo_mock_cohort,lab,47.820992,True,False,53.860968,False,1.071224,0.23326,0.058645,0.973815,112.421452
SYN-P-0339,True,professional,mayo_mock_cohort,lab,51.03749,True,False,55.696212,False,0.718608,0.203562,0.055766,0.993994,122.812242
SYN-P-0340,True,professional,mayo_mock_cohort,lab,40.998345,False,True,53.327842,False,0.417335,0.223389,0.024969,0.989122,123.357644
SYN-P-0341,True,professional,mayo_mock_cohort,lab,47.019855,False,False,52.719908,False,0.673209,0.304524,0.044065,0.961973,117.257153
SYN-P-0342,True,professional,mayo_mock_cohort,lab,47.166756,False,False,47.894122,False,0.512506,0.33813,0.032398,0.972088,115.638865
SYN-P-0343,True,professional,mayo_mock_cohort,lab,32.445813,False,False,53.568182,False,0.639843,0.389528,0.029046,0.977377,120.62573
SYN-P-0344,True,professional,mayo_mock_cohort,lab,32.037037,True,False,58.517743,False,0.876381,0.536946,0.017626,0.986361,121.850235
SYN-P-0345,True,professional,mayo_mock_cohort,lab,60.928221,False,False,49.836763,False,0.759508,0.272234,0.058246,0.975106,120.480709
SYN-P-0346,True,professional,mayo_mock_cohort,lab,45.445191,False,True,53.994889,False,0.662089,0.427384,0.069694,0.993836,121.403977
SYN-P-0347,True,professional,mayo_mock_cohort,lab,33.827639,False,False,54.51567,False,0.527271,0.125781,0.063571,0.972787,122.695525
SYN-P-0348,True,professional,mayo_mock_cohort,lab,35.861152,False,False,55.125748,False,0.350536,0.242655,0.078657,0.96514,115.816002
SYN-P-0349,True,professional,mayo_mock_cohort,lab,40.208436,True,False,55.29901,True,0.565975,0.333694,0.071972,0.971279,123.386135
SYN-P-0350,True,professional,mayo_mock_cohort,lab,43.175321,False,False,50.540687,False,0.467111,0.130511,0.048896,0.975559,119.489908
SYN-P-0351,True,professional,mayo_mock_cohort,lab,48.637847,True,True,52.34336,False,0.21931,0.336684,0.072887,0.979183,118.484285
SYN-P-0352,True,professional,mayo_mock_cohort,lab,65.446858,False,False,48.161338,False,0.779754,0.357797,0.055694,0.973468,124.733441
SYN-P-0353,True,professional,mayo_mock_cohort,lab,49.212062,False,False,55.820387,False,0.587503,0.174514,0.049808,0.969241,124.439095
SYN-P-0354,True,professional,mayo_mock_cohort,lab,43.830788,False,False,54.049157,False,0.417028,0.363126,0.060493,0.982675,120.53378
SYN-P-0355,True,professional,mayo_mock_cohort,lab,46.414489,True,False,54.923277,False,0.487017,0.241626,0.039078,0.964338,114.293012
SYN-P-0356,True,professional,mayo_mock_cohort,lab,63.51829,False,False,49.688562,False,0.365552,0.275084,0.057995,0.967574,121.926122
SYN-P-0357,True,professional,mayo_mock_cohort,lab,51.482591,False,False,51.761259,False,0.698805,0.169457,0.027217,0.994618,120.087111
SYN-P-0358,True,professional,mayo_mock_cohort,lab,68.695212,True,False,49.370865,False,0.735048,0.115865,0.027739,0.986117,118.44528
SYN-P-0359,True,professional,mayo_mock_cohort,lab,57.498537,True,False,50.684361,False,0.45027,0.275843,0.010125,0.977157,125.81419
SYN-P-0360,True,professional,mayo_mock_cohort,lab,58.809953,False,False,53.725456,False,0.624685,0.06732,0.049137,0.952945,115.190027
SYN-P-0361,True,professional,mayo_mock_cohort,lab,20.492673,True,True,53.857928,False,0.611618,0.162673,0.061492,0.978669,128.542107
SYN-P-0362,True,professional,mayo_mock_cohort,lab,36.778416,True,False,47.055848,False,0.768706,0.239208,0.022235,0.961056,119.616558
SYN-P-0363,True,professional,mayo_mock_cohort,lab,58.486188,False,False,54.60128,False,0.494555,0.217303,0.033252,0.948001,120.296947
SYN-P-0364,True,professional,mayo_mock_cohort,lab,49.819766,False,False,51.327702,False,0.722789,0.275393,0.059189,0.992323,121.137854
SYN-P-0365,True,professional,mayo_mock_cohort,lab,52.767103,False,False,53.741517,False,0.659818,0.101526,0.029796,0.992385,115.012284
SYN-P-0366,True,professional,mayo_mock_cohort,lab,60.093485,False,True,52.279505,False,0.710211,0.249671,0.034902,0.991777,112.670248
SYN-P-0367,True,professional,mayo_mock_cohort,lab,33.60297,False,False,52.997083,False,0.907214,0.137421,0.029954,0.986441,113.62884
SYN-P-0368,True,professional,mayo_mock_cohort,lab,25.57795,False,False,49.159815,False,0.871486,0.142817,0.028973,0.978255,119.127785
SYN-P-0369,True,professional,mayo_mock_cohort,lab,51.029923,True,False,51.093796,False,0.699002,0.314139,0.045999,0.959344,121.281453
SYN-P-0370,True,professional,mayo_mock_cohort,lab,35.937505,False,False,53.584381,False,0.578755,0.093598,0.040874,1.0,123.993747
SYN-P-0371,True,professional,mayo_mock_cohort,lab,58.888466,True,False,51.859843,False,0.682279,0.297755,0.038615,1.0,119.742796
SYN-P-0372,True,professional,mayo_mock_cohort,lab,43.834864,False,False,52.371449,False,0.765936,0.279206,0.025012,0.972449,127.516451
SYN-P-0373,True,professional,mayo_mock_cohort,lab,37.687572,True,False,52.396289,False,0.706797,0.101454,0.002163,0.988312,121.830726
SYN-P-0374,True,professional,mayo_mock_cohort,lab,46.108558,True,False,52.267696,False,0.60269,0.335024,0.047376,0.98958,119.794495
SYN-P-0375,True,professional,mayo_mock_cohort,lab,37.053014,False,False,56.695641,False,0.675104,0.269228,0.042672,0.989354,122.220915
SYN-P-0376,True,professional,mayo_mock_cohort,lab,35.887765,True,False,53.687004,False,0.666357,0.297948,0.063719,1.0,115.950481
SYN-P-0377,True,professional,mayo_mock_cohort,lab,37.818191,False,False,53.957553,True,0.808763,0.248809,0.046503,0.969229,122.364099
SYN-P-0378,True,professional,mayo_mock_cohort,lab,40.975458,True,False,52.046148,False,0.663695,0.290359,0.028139,0.975945,117.883006
SYN-P-0379,True,professional,mayo_mock_cohort,lab,47.678276,False,False,52.38572,False,0.492274,0.200269,0.057948,1.0,126.660063
SYN-P-0380,True,professional,mayo_mock_cohort,lab,32.565663,False,False,50.542274,False,0.241824,0.321082,0.033711,0.983695,119.062687
SYN-P-0381,True,professional,mayo_mock_cohort,lab,50.477558,False,False,54.543646,False,0.550507,0.16426,0.051718,0.954898,120.288839
SYN-P-0382,True,professional,mayo_mock_cohort,lab,39.658545,True,False,47.023808,False,0.613031,0.269548,0.039636,0.969187,124.450123
SYN-P-0383,True,professional,mayo_mock_cohort,lab,45.602508,False,False,48.242176,False,0.511156,0.13596,0.063493,0.990702,122.736957
SYN-P-0384,True,professional,mayo_mock_cohort,lab,59.206734,False,False,51.714603,False,0.714813,0.35173,0.001227,0.982666,123.498461
SYN-P-0385,True,professional,mayo_mock_cohort,lab,40.050693,True,False,53.940421,False,0.602812,0.283633,0.049056,0.995626,115.292576
SYN-P-0386,True,professional,mayo_mock_cohort,lab,18.0,False,False,52.16457,False,0.711944,0.171433,0.037384,0.994394,104.767183
SYN-P-0387,True,professional,mayo_mock_cohort,lab,18.0,True,False,51.808191,False,0.730238,0.344364,0.06146,0.980084,120.606006
SYN-P-0388,True,professional,mayo_mock_cohort,lab,33.137843,True,False,49.108837,False,0.840798,0.245615,0.040821,0.963566,121.028246
SYN-P-0389,True,professional,mayo_mock_cohort,lab,49.967442,False,False,54.71871,False,0.618262,0.322827,0.009536,0.974481,116.557032
SYN-P-0390,True,professional,mayo_mock_cohort,lab,18.0,False,False,50.123803,False,0.818124,0.317616,0.061739,0.975727,118.79384
SYN-P-0391,True,professional,mayo_mock_cohort,lab,27.896782,True,True,53.628578,False,0.522017,0.414807,0.047546,0.976075,121.824825
SYN-P-0392,True,professional,mayo_mock_cohort,lab,69.48464,False,False,52.166219,False,1.004308,0.184028,0.039219,0.980927,118.212394
SYN-P-0393,True,professional,mayo_mock_cohort,lab,68.766824,False,False,51.857246,False,0.402508,0.257871,0.02272,0.968171,122.844829
SYN-P-0394,True,professional,mayo_mock_cohort,lab,60.51597,True,False,52.177323,True,0.72533,0.324108,0.017135,0.976039,113.497506
SYN-P-0395,True,professional,mayo_mock_cohort,lab,70.729913,True,False,47.992362,False,0.596515,0.209351,0.010651,0.964019,117.588345
SYN-P-0396,True,professional,mayo_mock_cohort,lab,68.483625,True,False,51.78616,False,0.489232,0.198367,0.066496,0.988126,124.124158
SYN-P-0397,True,professional,mayo_mock_cohort,lab,27.986607,True,False,51.085782,False,0.853701,0.088075,0.05596,0.990581,119.877223
SYN-P-0398,True,professional,mayo_mock_cohort,lab,32.90174,True,False,51.779299,False,0.491163,0.222767,0.037942,0.95861,113.576748
SYN-P-0399,True,professional,mayo_mock_cohort,lab,47.103139,True,False,54.842388,False,0.64168,0.307884,0.059895,0.996181,126.936008
SYN-P-0400,True,professional,mayo_mock_cohort,lab,36.487759,False,True,56.218497,False,0.925816,0.322485,0.014796,0.98529,110.790591
SYN-P-0401,True,professional,mayo_mock_cohort,lab,37.36615,False,False,51.785811,False,0.966793,0.163807,0.027943,0.971456,126.693953
SYN-P-0402,True,professional,mayo_mock_cohort,lab,54.06904,False,False,53.289757,False,0.604436,0.311361,0.043256,0.992961,122.806772
SYN-P-0403,True,professional,mayo_mock_cohort,lab,49.134125,True,True,49.058031,False,0.632971,0.296285,0.056306,0.990677,117.851597
SYN-P-0404,True,professional,mayo_mock_cohort,lab,41.686692,False,False,49.527152,False,0.599315,0.221687,0.027637,0.984293,119.283919
SYN-P-0405,True,professional,mayo_mock_cohort,lab,29.781141,False,False,52.419916,False,0.486084,0.267728,0.034294,0.967306,124.68973
SYN-P-0406,True,professional,mayo_mock_cohort,lab,25.550289,False,False,48.13659,False,0.719498,0.214883,0.032116,0.992277,114.301257
SYN-P-0407,True,professional,mayo_mock_cohort,lab,46.771133,True,False,54.846915,False,0.716288,0.389291,0.056001,0.945652,114.376826
SYN-P-0408,True,professional,mayo_mock_cohort,lab,44.119715,True,False,50.671675,False,0.603912,0.331494,0.068428,0.971745,122.930826
SYN-P-0409,True,professional,mayo_mock_cohort,lab,55.879365,True,False,57.186179,False,0.606334,0.308385,0.033278,0.972662,118.390871
SYN-P-0410,True,professional,mayo_mock_cohort,lab,52.044024,False,False,50.447761,False,0.797233,0.311545,0.023735,0.993002,116.384375
SYN-P-0411,True,professional,mayo_mock_cohort,lab,57.36181,True,False,52.139396,False,0.768847,0.199291,0.093095,0.966938,124.302434
SYN-P-0412,True,professional,mayo_mock_cohort,lab,43.862196,True,False,48.659144,False,0.532178,0.394448,0.02291,0.963331,121.429171
SYN-P-0413,True,professional,mayo_mock_cohort,lab,54.524595,False,False,48.624228,False,0.969975,0.380121,0.059938,0.992992,117.568723
SYN-P-0414,True,professional,mayo_mock_cohort,lab,34.978156,True,False,54.967519,False,0.593038,0.162499,0.046882,0.994993,114.37718
SYN-P-0415,True,professional,mayo_mock_cohort,lab,52.991085,True,True,45.869254,False,0.617023,0.241875,0.046797,0.994998,120.437654
SYN-P-0416,True,professional,mayo_mock_cohort,lab,34.001763,False,False,53.346337,False,0.757211,0.192098,0.035579,0.984629,121.630515
SYN-P-0417,True,professional,mayo_mock_cohort,lab,46.030496,False,False,51.939426,False,0.898734,0.271457,0.038962,0.987772,115.219212
SYN-P-0418,True,professional,mayo_mock_cohort,lab,61.880845,False,False,49.577004,False,0.466213,0.072534,0.057851,0.98792,116.126853
SYN-P-0419,True,professional,mayo_mock_cohort,lab,51.0258,False,False,54.978288,False,0.915878,0.209262,0.01793,0.962439,121.506642
SYN-P-0420,True,professional,mayo_mock_cohort,lab,48.493759,False,True,51.036711,False,0.742755,0.228146,0.037756,0.957674,120.015565
SYN-P-0421,True,professional,mayo_mock_cohort,lab,31.922376,True,False,56.333824,False,0.677865,0.269886,0.058701,0.973368,115.498001
SYN-P-0422,True,professional,mayo_mock_cohort,lab,56.430187,False,False,52.986447,False,0.440841,0.155054,0.038464,0.977933,122.409143
SYN-P-0423,True,professional,mayo_mock_cohort,lab,48.747101,False,True,48.448336,False,0.659666,0.24434,0.036677,0.974107,117.936685
SYN-P-0424,True,professional,mayo_mock_cohort,lab,54.838925,False,False,52.597274,False,0.540925,0.293986,0.082553,1.0,125.121084
SYN-P-0425,True,professional,mayo_mock_cohort,lab,73.805917,True,False,52.372937,False,0.713521,0.2186,0.036375,0.976332,121.419337
SYN-P-0426,True,professional,mayo_mock_cohort,lab,18.0,False,False,50.97184,False,0.786062,0.28512,0.044467,0.97023,124.934303
SYN-P-0427,True,professional,mayo_mock_cohort,lab,32.816457,False,False,51.070122,False,0.441714,0.28688,0.032119,0.976901,124.711893
SYN-P-0428,True,professional,mayo_mock_cohort,lab,30.830491,False,False,48.097668,False,0.634544,0.26574,0.036104,0.988255,118.282419
SYN-P-0429,True,professional,mayo_mock_cohort,lab,44.309092,False,False,47.949026,False,0.897719,0.128718,0.061662,0.980374,115.977098
SYN-P-0430,True,professional,mayo_mock_cohort,lab,45.779627,True,True,47.32228,False,0.594257,0.317493,0.016627,0.972796,123.515656
SYN-P-0431,True,professional,mayo_mock_cohort,lab,35.738444,False,False,53.886047,False,0.64245,0.33416,0.025718,0.962964,116.016438
SYN-P-0432,True,professional,mayo_mock_cohort,lab,59.716473,False,False,50.460368,False,1.024736,0.229401,0.032922,0.974535,115.015505
SYN-P-0433,True,professional,mayo_mock_cohort,lab,43.09344,True,False,54.115884,False,0.853672,0.238313,0.048694,0.97374,123.825574
SYN-P-0434,True,professional,mayo_mock_cohort,lab,67.656497,False,False,53.809436,False,0.785575,0.285887,0.042814,0.943585,122.971754
SYN-P-0435,True,professional,mayo_mock_cohort,lab,51.668685,True,False,54.087912,False,0.857807,0.294214,0.007925,0.970205,122.23022
SYN-P-0436,True,professional,mayo_mock_cohort,lab,59.739888,True,False,53.807514,False,0.951001,0.316139,0.030657,0.98627,119.717791
SYN-P-0437,True,professional,mayo_mock_cohort,lab,39.054795,False,True,51.458351,False,0.543615,0.331518,0.03301,0.981119,116.06551
SYN-P-0438,True,professional,mayo_mock_cohort,lab,36.87513,False,False,50.542436,False,0.598346,0.228817,0.019309,0.955329,115.058842
SYN-P-0439,True,professional,mayo_mock_cohort,lab,47.129238,True,False,50.865712,False,0.792008,0.271307,0.054911,0.978025,120.026693
SYN-P-0440,True,professional,mayo_mock_cohort,lab,44.510349,True,False,50.733155,False,0.44422,0.30787,0.062419,0.966218,125.004437
SYN-P-0441,True,professional,mayo_mock_cohort,lab,66.290574,False,False,54.118888,False,0.642209,0.356718,0.061762,0.970148,117.845842
SYN-P-0442,True,professional,mayo_mock_cohort,lab,38.375968,False,False,49.628244,False,0.443672,0.320489,0.022132,0.969674,119.176945
SYN-P-0443,True,professional,mayo_mock_cohort,lab,39.858778,True,False,52.611137,False,0.73694,0.260844,0.021777,0.993197,120.746894
SYN-P-0444,True,professional,mayo_mock_cohort,lab,37.976678,False,False,49.824437,False,0.533873,0.288209,0.024819,0.96328,115.483489
SYN-P-0445,True,professional,mayo_mock_cohort,lab,57.522793,False,True,51.033405,False,0.645717,0.227983,0.029152,0.962075,122.549683
SYN-P-0446,True,professional,mayo_mock_cohort,lab,49.376444,False,False,52.183573,False,0.52063,0.274629,0.047764,0.979744,117.418038
SYN-P-0447,True,professional,mayo_mock_cohort,lab,32.156891,True,False,54.840547,False,0.785484,0.315472,0.04021,0.991412,119.736492
SYN-P-0448,True,professional,mayo_mock_cohort,lab,34.779188,True,False,51.404584,False,0.779433,0.246266,0.0,0.949911,123.19243
SYN-P-0449,True,professional,mayo_mock_cohort,lab,50.126263,False,False,47.794801,False,0.651991,0.346683,0.05753,0.956772,117.08551
SYN-P-0450,True,professional,mayo_mock_cohort,lab,47.045311,False,False,57.477569,False,0.869485,0.319357,0.037232,0.969602,117.618417
SYN-P-0451,True,professional,mayo_mock_cohort,lab,39.994359,False,True,52.219508,False,0.841917,0.233575,0.027171,0.961402,120.668896
SYN-P-0452,True,professional,mayo_mock_cohort,lab,66.000069,False,False,51.739106,False,0.487777,0.355988,0.02621,0.976139,124.330027
SYN-P-0453,True,professional,mayo_mock_cohort,lab,61.964761,True,False,48.996304,False,0.683484,0.161235,0.034173,0.995904,121.20896
SYN-P-0454,True,professional,mayo_mock_cohort,lab,44.670943,True,False,53.457255,False,0.78672,0.34459,0.046476,0.972726,123.966931
SYN-P-0455,True,professional,mayo_mock_cohort,lab,49.703488,False,False,55.417125,False,0.848307,0.211136,0.035829,0.999182,124.021008
SYN-P-0456,True,professional,mayo_mock_cohort,lab,26.002702,True,False,50.735468,False,0.737536,0.293955,0.069315,0.996797,115.070429
SYN-P-0457,True,professional,mayo_mock_cohort,lab,59.239549,False,True,52.673443,False,0.742435,0.339941,0.0,0.96778,118.273657
SYN-P-0458,True,professional,mayo_mock_cohort,lab,68.220162,True,False,50.984093,False,0.681271,0.227006,0.034271,1.0,116.672884
SYN-P-0459,True,professional,mayo_mock_cohort,lab,31.880947,False,False,51.980108,False,0.682005,0.169806,0.045848,0.987733,120.221441
SYN-P-0460,True,professional,mayo_mock_cohort,lab,44.56776,False,False,53.886706,False,0.603598,0.28517,0.063073,0.984677,122.151224
SYN-P-0461,True,professional,mayo_mock_cohort,lab,59.198841,True,False,49.436259,False,0.576233,0.117684,0.050305,0.979714,119.53669
SYN-P-0462,True,professional,mayo_mock_cohort,lab,38.202306,True,True,53.813581,False,0.729322,0.341516,0.042547,0.973409,121.047211
SYN-P-0463,True,professional,mayo_mock_cohort,lab,65.564511,True,False,57.275136,False,0.594809,0.288141,0.00772,0.984136,115.777516
SYN-P-0464,True,professional,mayo_mock_cohort,lab,44.510051,True,False,53.040128,False,0.735166,0.315548,0.07909,1.0,112.705585
SYN-P-0465,True,professional,mayo_mock_cohort,lab,48.275808,False,False,53.34886,False,0.593977,0.288499,0.031736,0.972675,117.81298
SYN-P-0466,True,professional,mayo_mock_cohort,lab,48.282555,True,False,53.044803,False,0.543402,0.405542,0.041999,0.983206,115.82774
SYN-P-0467,True,professional,mayo_mock_cohort,lab,64.831083,False,False,53.634964,False,0.513889,0.264806,0.077419,0.973047,121.686874
SYN-P-0468,True,professional,mayo_mock_cohort,lab,61.21927,True,False,51.215652,False,0.68405,0.282659,0.051342,0.998032,117.986978
SYN-P-0469,True,professional,mayo_mock_cohort,lab,44.19124,False,False,52.678444,False,0.520411,0.350217,0.033302,0.989808,117.938397
SYN-P-0470,True,professional,mayo_mock_cohort,lab,58.265355,False,False,51.60111,False,0.563579,0.27342,0.043793,0.971841,119.391358
SYN-P-0471,True,professional,mayo_mock_cohort,lab,61.83087,False,False,50.146353,False,0.461507,0.346625,0.024713,0.995786,125.045286
SYN-P-0472,True,professional,mayo_mock_cohort,lab,28.342757,False,False,56.370053,False,0.967822,0.343695,0.064902,0.96662,113.608199
SYN-P-0473,True,professional,mayo_mock_cohort,lab,40.764968,False,False,53.338998,False,0.76267,0.221128,0.052914,0.982195,117.603882
SYN-P-0474,True,professional,mayo_mock_cohort,lab,41.015049,False,False,58.486651,False,0.64837,0.310716,0.059213,0.971855,118.156689
SYN-P-0475,True,professional,mayo_mock_cohort,lab,60.238951,False,False,50.602847,False,0.651938,0.336573,0.068047,0.98479,120.200167
SYN-P-0476,True,professional,mayo_mock_cohort,lab,53.964877,True,False,51.163185,False,0.7817,0.271211,0.043135,0.964216,121.758487
SYN-P-0477,True,professional,mayo_mock_cohort,lab,59.208314,True,True,51.628475,False,0.478696,0.383279,0.010295,0.964317,122.555825
SYN-P-0478,True,professional,mayo_mock_cohort,lab,29.539148,False,False,55.012196,True,0.421799,0.420633,0.052118,0.967284,122.786521
SYN-P-0479,True,professional,mayo_mock_cohort,lab,37.255029,False,False,52.351089,False,0.721186,0.208014,0.037649,0.993084,118.913518
SYN-P-0480,True,professional,mayo_mock_cohort,lab,41.818961,False,False,56.060784,False,0.498721,0.243636,0.030697,0.994313,118.638421
SYN-P-0481,True,professional,mayo_mock_cohort,lab,19.018456,True,False,52.283626,False,0.275272,0.161695,0.038525,0.960283,118.469636
SYN-P-0482,True,professional,mayo_mock_cohort,lab,38.929948,True,False,53.769503,False,0.674223,0.198453,0.008069,0.999,118.424071
SYN-P-0483,True,professional,mayo_mock_cohort,lab,37.613478,True,False,50.089994,False,0.526915,0.367514,0.058505,0.965818,114.189023
SYN-P-0484,True,professional,mayo_mock_cohort,lab,42.003496,True,False,52.773959,False,0.752623,0.29415,0.026538,0.98781,122.64639
SYN-P-0485,True,professional,mayo_mock_cohort,lab,54.155259,True,False,50.872463,False,0.652476,0.520953,0.032819,0.991735,118.468865
SYN-P-0486,True,professional,mayo_mock_cohort,lab,43.038181,False,True,50.780546,False,0.621284,0.237078,0.027411,0.985003,117.877924
SYN-P-0487,True,professional,mayo_mock_cohort,lab,53.180031,False,False,49.222246,False,0.590098,0.426875,0.035162,0.977886,119.787991
SYN-P-0488,True,professional,mayo_mock_cohort,lab,55.572524,False,False,52.836131,False,0.728981,0.176198,0.00889,0.938388,119.327098
SYN-P-0489,True,professional,mayo_mock_cohort,lab,52.219444,False,False,50.41108,False,0.470553,0.294678,0.059332,0.991952,126.752897
SYN-P-0490,True,professional,mayo_mock_cohort,lab,32.656163,True,True,57.359941,False,0.39704,0.159627,0.053539,0.943606,125.407332
SYN-P-0491,True,professional,mayo_mock_cohort,lab,41.926782,True,False,52.343906,False,0.580385,0.233588,0.014799,0.977791,115.406119
SYN-P-0492,True,professional,mayo_mock_cohort,lab,28.738329,True,False,54.626411,False,0.596696,0.209548,0.033749,0.971931,125.396278
SYN-P-0493,True,professional,mayo_mock_cohort,lab,72.312462,True,False,52.815819,False,0.728962,0.32981,0.026337,0.980297,125.642997
SYN-P-0494,True,professional,mayo_mock_cohort,lab,58.093101,False,True,54.570828,False,0.554337,0.42806,0.057381,0.99032,118.759843
SYN-P-0495,True,professional,mayo_mock_cohort,lab,48.723281,False,False,51.916365,False,0.712193,0.358828,0.05708,0.964288,118.322853
SYN-P-0496,True,professional,mayo_mock_cohort,lab,47.750853,False,False,49.898438,False,0.994083,0.123613,0.047382,0.985986,116.920242
SYN-P-0497,True,professional,mayo_mock_cohort,lab,32.346257,False,False,53.199442,False,0.629926,0.173781,0.024431,1.0,121.791292
SYN-P-0498,True,professional,mayo_mock_cohort,lab,48.622431,False,False,52.714324,False,0.791134,0.368303,0.024866,0.959777,112.972354
SYN-P-0499,True,professional,mayo_mock_cohort,lab,23.250215,False,False,50.566995,False,0.567347,0.41618,0.040894,0.945655,117.029963
SYN-P-0500,True,professional,mayo_mock_cohort,lab,37.634816,True,False,48.669548,False,0.716666,0.273691,0.066191,0.986445,117.697305
